state,season,crop,year,year_start,status,area_kha,production_kt
Australia,summer,Corn (maize),1989-90,1989,final,51.9,218.0
Australia,summer,Corn (maize),1990-91,1990,final,48.3,192.9
Australia,summer,Corn (maize),1991-92,1991,final,51.7,268.2
Australia,summer,Corn (maize),1992-93,1992,final,44.9,198.2
Australia,summer,Corn (maize),1993-94,1993,final,43.678,203.421
Australia,summer,Corn (maize),1994-95,1994,final,50.034,241.741
Australia,summer,Corn (maize),1995-96,1995,final,56.217,310.923
Australia,summer,Corn (maize),1996-97,1996,final,66.55,397.539
Australia,summer,Corn (maize),1997-98,1997,final,57.292,271.373
Australia,summer,Corn (maize),1998-99,1998,final,64.219,337.302
Australia,summer,Corn (maize),1999-00,1999,final,82.162,405.824
Australia,summer,Corn (maize),2000-01,2000,final,74.155,344.556
Australia,summer,Corn (maize),2001-02,2001,final,82.508,453.303
Australia,summer,Corn (maize),2002-03,2002,final,49.547,309.999
Australia,summer,Corn (maize),2003-04,2003,final,70.106,394.952
Australia,summer,Corn (maize),2004-05,2004,final,72.379,419.672
Australia,summer,Corn (maize),2005-06,2005,final,67.192,361.916
Australia,summer,Corn (maize),2006-07,2006,final,48.643,239.446
Australia,summer,Corn (maize),2007-08,2007,final,68.0,387.0
Australia,summer,Corn (maize),2008-09,2008,final,64.551,375.671
Australia,summer,Corn (maize),2009-10,2009,final,58.956,328.029
Australia,summer,Corn (maize),2010-11,2010,final,62.188,356.902
Australia,summer,Corn (maize),2011-12,2011,final,69.284,448.935
Australia,summer,Corn (maize),2012-13,2012,final,78.0,505.897
Australia,summer,Corn (maize),2013-14,2013,final,52.259,389.532
Australia,summer,Corn (maize),2014-15,2014,final,59.558,494.589
Australia,summer,Corn (maize),2015-16,2015,final,53.281,400.032
Australia,summer,Corn (maize),2016-17,2016,final,67.771,436.194
Australia,summer,Corn (maize),2017-18,2017,final,52.745,387.237
Australia,summer,Corn (maize),2018-19,2018,final,58.949,327.206
Australia,summer,Corn (maize),2019-20,2019,final,37.73,267.552
Australia,summer,Corn (maize),2020-21,2020,final,45.742,305.656
Australia,summer,Corn (maize),2021-22,2021,final,52.604,430.024
Australia,summer,Corn (maize),2022-23,2022,estimate,52.215,410.971
Australia,summer,Corn (maize),2023-24,2023,estimate,49.743,378.683
Australia,summer,Corn (maize),2024-25,2024,estimate,68.81,476.755
Australia,summer,Corn (maize),2025-26,2025,estimate,62.53,435.352
Australia,summer,Corn (maize),2026-27,2026,forecast,59.65,417.6
Australia,summer,Cotton lint,1989-90,1989,final,239.8,305.34
Australia,summer,Cotton lint,1990-91,1990,final,279.0,446.987
Australia,summer,Cotton lint,1991-92,1991,final,312.0,554.452
Australia,summer,Cotton lint,1992-93,1992,final,286.0,409.26
Australia,summer,Cotton lint,1993-94,1993,final,294.0,367.542
Australia,summer,Cotton lint,1994-95,1994,final,246.0,374.989
Australia,summer,Cotton lint,1995-96,1995,final,303.9,421.198
Australia,summer,Cotton lint,1996-97,1996,final,396.14,610.083
Australia,summer,Cotton lint,1997-98,1997,final,438.16,665.67
Australia,summer,Cotton lint,1998-99,1998,final,561.5,715.57
Australia,summer,Cotton lint,1999-00,1999,final,464.316,740.517
Australia,summer,Cotton lint,2000-01,2000,final,527.25,818.963
Australia,summer,Cotton lint,2001-02,2001,final,409.021,703.264
Australia,summer,Cotton lint,2002-03,2002,final,224.465,387.065
Australia,summer,Cotton lint,2003-04,2003,final,198.05,349.148
Australia,summer,Cotton lint,2004-05,2004,final,320.865,645.122
Australia,summer,Cotton lint,2005-06,2005,final,335.548,597.097
Australia,summer,Cotton lint,2006-07,2006,final,143.614,301.413
Australia,summer,Cotton lint,2007-08,2007,final,62.667,132.829
Australia,summer,Cotton lint,2008-09,2008,final,164.021,329.186
Australia,summer,Cotton lint,2009-10,2009,final,208.3,386.796
Australia,summer,Cotton lint,2010-11,2010,final,590.15,925.7
Australia,summer,Cotton lint,2011-12,2011,final,600.018,1224.637
Australia,summer,Cotton lint,2012-13,2012,final,442.0,1017.0
Australia,summer,Cotton lint,2013-14,2013,final,392.0,885.084
Australia,summer,Cotton lint,2014-15,2014,final,197.0,527.775
Australia,summer,Cotton lint,2015-16,2015,final,270.0,629.088
Australia,summer,Cotton lint,2016-17,2016,final,557.0,891.0
Australia,summer,Cotton lint,2017-18,2017,final,525.64,1057.53
Australia,summer,Cotton lint,2018-19,2018,final,379.31,484.61
Australia,summer,Cotton lint,2019-20,2019,final,69.395,114.125
Australia,summer,Cotton lint,2020-21,2020,final,297.38,607.59
Australia,summer,Cotton lint,2021-22,2021,final,635.288,1276.917
Australia,summer,Cotton lint,2022-23,2022,estimate,571.656,1252.48
Australia,summer,Cotton lint,2023-24,2023,estimate,473.887,1091.852
Australia,summer,Cotton lint,2024-25,2024,estimate,518.718,1222.756
Australia,summer,Cotton lint,2025-26,2025,estimate,454.661,1032.363
Australia,summer,Cotton lint,2026-27,2026,forecast,301.019,678.593
Australia,summer,Cottonseed,1989-90,1989,final,239.8,493.0
Australia,summer,Cottonseed,1990-91,1990,final,279.0,686.0
Australia,summer,Cottonseed,1991-92,1991,final,312.0,749.0
Australia,summer,Cottonseed,1992-93,1992,final,286.0,527.5
Australia,summer,Cottonseed,1993-94,1993,final,294.0,465.5
Australia,summer,Cottonseed,1994-95,1994,final,246.0,473.6
Australia,summer,Cottonseed,1995-96,1995,final,303.9,594.8
Australia,summer,Cottonseed,1996-97,1996,final,396.14,860.129
Australia,summer,Cottonseed,1997-98,1997,final,438.16,941.289
Australia,summer,Cottonseed,1998-99,1998,final,561.5,1024.357
Australia,summer,Cottonseed,1999-00,1999,final,464.316,1046.171
Australia,summer,Cottonseed,2000-01,2000,final,527.25,1140.019
Australia,summer,Cottonseed,2001-02,2001,final,409.021,1053.531
Australia,summer,Cottonseed,2002-03,2002,final,224.465,545.768
Australia,summer,Cottonseed,2003-04,2003,final,198.05,493.73
Australia,summer,Cottonseed,2004-05,2004,final,320.865,912.264
Australia,summer,Cottonseed,2005-06,2005,final,335.548,844.365
Australia,summer,Cottonseed,2006-07,2006,final,143.614,387.794
Australia,summer,Cottonseed,2007-08,2007,final,62.667,187.833
Australia,summer,Cottonseed,2008-09,2008,final,164.021,465.501
Australia,summer,Cottonseed,2009-10,2009,final,208.3,546.966
Australia,summer,Cottonseed,2010-11,2010,final,590.15,1269.382
Australia,summer,Cottonseed,2011-12,2011,final,600.018,1620.27
Australia,summer,Cottonseed,2012-13,2012,final,442.0,1165.893
Australia,summer,Cottonseed,2013-14,2013,final,392.0,1014.664
Australia,summer,Cottonseed,2014-15,2014,final,197.0,605.044
Australia,summer,Cottonseed,2015-16,2015,final,270.0,721.189
Australia,summer,Cottonseed,2016-17,2016,final,557.0,1021.446
Australia,summer,Cottonseed,2017-18,2017,final,525.64,1212.357
Australia,summer,Cottonseed,2018-19,2018,final,379.31,574.765
Australia,summer,Cottonseed,2019-20,2019,final,69.395,130.834
Australia,summer,Cottonseed,2020-21,2020,final,297.38,696.544
Australia,summer,Cottonseed,2021-22,2021,final,635.288,1536.36
Australia,summer,Cottonseed,2022-23,2022,estimate,571.656,1435.846
Australia,summer,Cottonseed,2023-24,2023,estimate,473.887,1251.702
Australia,summer,Cottonseed,2024-25,2024,estimate,518.718,1401.772
Australia,summer,Cottonseed,2025-26,2025,estimate,454.661,1183.503
Australia,summer,Cottonseed,2026-27,2026,forecast,301.019,777.942
Australia,summer,Grain sorghum,1989-90,1989,final,376.128,938.505
Australia,summer,Grain sorghum,1990-91,1990,final,375.545,746.761
Australia,summer,Grain sorghum,1991-92,1991,final,567.157,1443.341
Australia,summer,Grain sorghum,1992-93,1992,final,426.222,546.063
Australia,summer,Grain sorghum,1993-94,1993,final,498.441,1081.509
Australia,summer,Grain sorghum,1994-95,1994,final,686.099,1272.207
Australia,summer,Grain sorghum,1995-96,1995,final,770.418,1592.175
Australia,summer,Grain sorghum,1996-97,1996,final,543.793,1424.776
Australia,summer,Grain sorghum,1997-98,1997,final,506.457,1080.766
Australia,summer,Grain sorghum,1998-99,1998,final,584.889,1886.894
Australia,summer,Grain sorghum,1999-00,1999,final,621.777,2113.855
Australia,summer,Grain sorghum,2000-01,2000,final,757.387,1934.271
Australia,summer,Grain sorghum,2001-02,2001,final,820.155,2018.556
Australia,summer,Grain sorghum,2002-03,2002,final,666.537,1464.23
Australia,summer,Grain sorghum,2003-04,2003,final,733.874,2008.703
Australia,summer,Grain sorghum,2004-05,2004,final,754.889,2010.274
Australia,summer,Grain sorghum,2005-06,2005,final,765.967,1931.053
Australia,summer,Grain sorghum,2006-07,2006,final,613.006,1282.092
Australia,summer,Grain sorghum,2007-08,2007,final,941.295,3789.931
Australia,summer,Grain sorghum,2008-09,2008,final,766.885,2691.39
Australia,summer,Grain sorghum,2009-10,2009,final,497.909,1507.635
Australia,summer,Grain sorghum,2010-11,2010,final,633.071,1934.51
Australia,summer,Grain sorghum,2011-12,2011,final,658.279,2234.912
Australia,summer,Grain sorghum,2012-13,2012,final,646.69,2229.0
Australia,summer,Grain sorghum,2013-14,2013,final,532.002,1282.326
Australia,summer,Grain sorghum,2014-15,2014,final,732.689,2210.235
Australia,summer,Grain sorghum,2015-16,2015,final,520.596,1790.828
Australia,summer,Grain sorghum,2016-17,2016,final,367.878,994.338
Australia,summer,Grain sorghum,2017-18,2017,final,462.191,1257.219
Australia,summer,Grain sorghum,2018-19,2018,final,550.27,1160.71
Australia,summer,Grain sorghum,2019-20,2019,final,204.235,397.993
Australia,summer,Grain sorghum,2020-21,2020,final,572.607,1638.962
Australia,summer,Grain sorghum,2021-22,2021,final,621.503,2648.069
Australia,summer,Grain sorghum,2022-23,2022,estimate,687.102,2637.778
Australia,summer,Grain sorghum,2023-24,2023,estimate,592.146,2215.035
Australia,summer,Grain sorghum,2024-25,2024,estimate,586.975,2684.568
Australia,summer,Grain sorghum,2025-26,2025,estimate,652.24,2570.599
Australia,summer,Grain sorghum,2026-27,2026,forecast,592.1,1905.1
Australia,summer,Rice,1989-90,1989,final,105.0,846.0
Australia,summer,Rice,1990-91,1990,final,89.0,740.0
Australia,summer,Rice,1991-92,1991,final,113.0,957.0
Australia,summer,Rice,1992-93,1992,final,106.0,858.0
Australia,summer,Rice,1993-94,1993,final,125.0,1042.0
Australia,summer,Rice,1994-95,1994,final,119.0,1016.0
Australia,summer,Rice,1995-96,1995,final,137.0,966.0
Australia,summer,Rice,1996-97,1996,final,152.0,1254.0
Australia,summer,Rice,1997-98,1997,final,147.0,1324.0
Australia,summer,Rice,1998-99,1998,final,148.0,1362.0
Australia,summer,Rice,1999-00,1999,final,131.0,1084.0
Australia,summer,Rice,2000-01,2000,final,177.0,1643.0
Australia,summer,Rice,2001-02,2001,final,144.0,1193.0
Australia,summer,Rice,2002-03,2002,final,47.0,438.0
Australia,summer,Rice,2003-04,2003,final,66.0,553.0
Australia,summer,Rice,2004-05,2004,final,51.0,339.0
Australia,summer,Rice,2005-06,2005,final,102.0,1002.0
Australia,summer,Rice,2006-07,2006,final,20.0,163.0
Australia,summer,Rice,2007-08,2007,final,2.072,17.614
Australia,summer,Rice,2008-09,2008,final,7.194,60.868
Australia,summer,Rice,2009-10,2009,final,18.931,196.685
Australia,summer,Rice,2010-11,2010,final,75.783,723.284
Australia,summer,Rice,2011-12,2011,final,103.115,918.733
Australia,summer,Rice,2012-13,2012,final,113.638,1161.115
Australia,summer,Rice,2013-14,2013,final,74.893,819.276
Australia,summer,Rice,2014-15,2014,final,69.664,690.39
Australia,summer,Rice,2015-16,2015,final,26.625,273.942
Australia,summer,Rice,2016-17,2016,final,82.204,807.304
Australia,summer,Rice,2017-18,2017,final,61.151,635.113
Australia,summer,Rice,2018-19,2018,final,7.62,66.835
Australia,summer,Rice,2019-20,2019,final,5.007,50.226
Australia,summer,Rice,2020-21,2020,final,45.084,422.978
Australia,summer,Rice,2021-22,2021,final,62.549,691.444
Australia,summer,Rice,2022-23,2022,estimate,51.867,507.519
Australia,summer,Rice,2023-24,2023,estimate,57.72,621.02
Australia,summer,Rice,2024-25,2024,estimate,47.72,523.15
Australia,summer,Rice,2025-26,2025,estimate,17.72,178.128
Australia,summer,Rice,2026-27,2026,forecast,14.47,138.953
Australia,summer,Soybeans,1989-90,1989,final,48.994,77.146
Australia,summer,Soybeans,1990-91,1990,final,39.88,62.017
Australia,summer,Soybeans,1991-92,1991,final,29.611,62.6
Australia,summer,Soybeans,1992-93,1992,final,30.239,48.889
Australia,summer,Soybeans,1993-94,1993,final,40.634,81.263
Australia,summer,Soybeans,1994-95,1994,final,17.787,27.247
Australia,summer,Soybeans,1995-96,1995,final,23.743,43.906
Australia,summer,Soybeans,1996-97,1996,final,38.823,74.376
Australia,summer,Soybeans,1997-98,1997,final,31.748,54.04
Australia,summer,Soybeans,1998-99,1998,final,55.034,107.18
Australia,summer,Soybeans,1999-00,1999,final,54.378,100.848
Australia,summer,Soybeans,2000-01,2000,final,33.242,48.649
Australia,summer,Soybeans,2001-02,2001,final,31.946,62.347
Australia,summer,Soybeans,2002-03,2002,final,6.241,9.212
Australia,summer,Soybeans,2003-04,2003,final,26.968,59.757
Australia,summer,Soybeans,2004-05,2004,final,26.586,44.689
Australia,summer,Soybeans,2005-06,2005,final,23.82,50.138
Australia,summer,Soybeans,2006-07,2006,final,12.701,25.49
Australia,summer,Soybeans,2007-08,2007,final,14.858,34.73
Australia,summer,Soybeans,2008-09,2008,final,42.326,80.105
Australia,summer,Soybeans,2009-10,2009,final,31.29,59.6
Australia,summer,Soybeans,2010-11,2010,final,17.362,29.75
Australia,summer,Soybeans,2011-12,2011,final,33.219,52.272
Australia,summer,Soybeans,2012-13,2012,final,47.692,69.523
Australia,summer,Soybeans,2013-14,2013,final,24.911,31.949
Australia,summer,Soybeans,2014-15,2014,final,20.185,37.439
Australia,summer,Soybeans,2015-16,2015,final,20.789,29.403
Australia,summer,Soybeans,2016-17,2016,final,16.658,31.335
Australia,summer,Soybeans,2017-18,2017,final,32.073,28.903
Australia,summer,Soybeans,2018-19,2018,final,13.397,15.136
Australia,summer,Soybeans,2019-20,2019,final,9.748,17.288
Australia,summer,Soybeans,2020-21,2020,final,23.375,40.143
Australia,summer,Soybeans,2021-22,2021,final,25.5,57.24
Australia,summer,Soybeans,2022-23,2022,estimate,20.7,52.0
Australia,summer,Soybeans,2023-24,2023,estimate,22.0,65.3
Australia,summer,Soybeans,2024-25,2024,estimate,25.6,46.595
Australia,summer,Soybeans,2025-26,2025,estimate,25.2,51.6
Australia,summer,Soybeans,2026-27,2026,forecast,21.7,43.1
Australia,summer,Sunflower,1989-90,1989,final,66.394,73.163
Australia,summer,Sunflower,1990-91,1990,final,166.408,151.502
Australia,summer,Sunflower,1991-92,1991,final,78.65,84.203
Australia,summer,Sunflower,1992-93,1992,final,59.685,49.848
Australia,summer,Sunflower,1993-94,1993,final,112.707,104.721
Australia,summer,Sunflower,1994-95,1994,final,135.661,111.76
Australia,summer,Sunflower,1995-96,1995,final,82.36,68.45
Australia,summer,Sunflower,1996-97,1996,final,138.834,143.367
Australia,summer,Sunflower,1997-98,1997,final,89.807,83.692
Australia,summer,Sunflower,1998-99,1998,final,193.032,218.386
Australia,summer,Sunflower,1999-00,1999,final,161.545,169.806
Australia,summer,Sunflower,2000-01,2000,final,82.32,77.485
Australia,summer,Sunflower,2001-02,2001,final,78.179,69.602
Australia,summer,Sunflower,2002-03,2002,final,47.408,25.685
Australia,summer,Sunflower,2003-04,2003,final,72.445,56.255
Australia,summer,Sunflower,2004-05,2004,final,47.878,60.686
Australia,summer,Sunflower,2005-06,2005,final,77.516,81.996
Australia,summer,Sunflower,2006-07,2006,final,18.827,15.619
Australia,summer,Sunflower,2007-08,2007,final,48.403,73.0
Australia,summer,Sunflower,2008-09,2008,final,51.758,55.311
Australia,summer,Sunflower,2009-10,2009,final,26.601,41.008
Australia,summer,Sunflower,2010-11,2010,final,37.177,42.538
Australia,summer,Sunflower,2011-12,2011,final,24.924,28.491
Australia,summer,Sunflower,2012-13,2012,final,32.665,37.943
Australia,summer,Sunflower,2013-14,2013,final,17.121,18.223
Australia,summer,Sunflower,2014-15,2014,final,25.39,30.418
Australia,summer,Sunflower,2015-16,2015,final,22.804,19.177
Australia,summer,Sunflower,2016-17,2016,final,16.104,17.311
Australia,summer,Sunflower,2017-18,2017,final,14.305,13.614
Australia,summer,Sunflower,2018-19,2018,final,10.97,9.234
Australia,summer,Sunflower,2019-20,2019,final,8.536,10.964
Australia,summer,Sunflower,2020-21,2020,final,18.448,25.911
Australia,summer,Sunflower,2021-22,2021,final,19.415,29.845
Australia,summer,Sunflower,2022-23,2022,estimate,25.115,37.045
Australia,summer,Sunflower,2023-24,2023,estimate,21.111,32.03
Australia,summer,Sunflower,2024-25,2024,estimate,22.111,34.82
Australia,summer,Sunflower,2025-26,2025,estimate,22.0,33.0
Australia,summer,Sunflower,2026-27,2026,forecast,20.6,27.2
Australia,winter,Barley,1989-90,1989,final,2309.897,4044.146
Australia,winter,Barley,1990-91,1990,final,2555.651,4107.832
Australia,winter,Barley,1991-92,1991,final,2744.241,4529.678
Australia,winter,Barley,1992-93,1992,final,2947.179,5396.758
Australia,winter,Barley,1993-94,1993,final,3424.468,6668.234
Australia,winter,Barley,1994-95,1994,final,2470.49,2913.189
Australia,winter,Barley,1995-96,1995,final,3110.588,5822.684
Australia,winter,Barley,1996-97,1996,final,3365.806,6694.804
Australia,winter,Barley,1997-98,1997,final,3520.909,6481.669
Australia,winter,Barley,1998-99,1998,final,3167.301,5987.241
Australia,winter,Barley,1999-00,1999,final,2595.63,5032.016
Australia,winter,Barley,2000-01,2000,final,3454.047,6743.463
Australia,winter,Barley,2001-02,2001,final,3707.378,8279.769
Australia,winter,Barley,2002-03,2002,final,3863.778,3864.833
Australia,winter,Barley,2003-04,2003,final,4477.024,10381.828
Australia,winter,Barley,2004-05,2004,final,4645.658,7739.767
Australia,winter,Barley,2005-06,2005,final,4405.727,9481.741
Australia,winter,Barley,2006-07,2006,final,4178.797,4257.032
Australia,winter,Barley,2007-08,2007,final,4901.838,7160.168
Australia,winter,Barley,2008-09,2008,final,5015.01,7996.506
Australia,winter,Barley,2009-10,2009,final,4421.597,7864.551
Australia,winter,Barley,2010-11,2010,final,3680.995,7994.719
Australia,winter,Barley,2011-12,2011,final,3718.089,8220.861
Australia,winter,Barley,2012-13,2012,final,3644.266,7471.382
Australia,winter,Barley,2013-14,2013,final,3814.013,9174.207
Australia,winter,Barley,2014-15,2014,final,4078.041,8646.321
Australia,winter,Barley,2015-16,2015,final,4107.648,8992.274
Australia,winter,Barley,2016-17,2016,final,4834.102,13505.99
Australia,winter,Barley,2017-18,2017,final,4124.149,9253.829
Australia,winter,Barley,2018-19,2018,final,4436.588,8818.946
Australia,winter,Barley,2019-20,2019,final,5040.903,10127.175
Australia,winter,Barley,2020-21,2020,final,5491.009,14648.581
Australia,winter,Barley,2021-22,2021,final,5094.527,14377.284
Australia,winter,Barley,2022-23,2022,estimate,4127.0,14136.803
Australia,winter,Barley,2023-24,2023,estimate,4207.0,10800.0
Australia,winter,Barley,2024-25,2024,estimate,4621.0,13265.0
Australia,winter,Barley,2025-26,2025,estimate,4872.0,16950.95
Australia,winter,Barley,2026-27,2026,forecast,5146.0,16416.0
Australia,winter,Canola,1989-90,1989,final,49.736,78.157
Australia,winter,Canola,1990-91,1990,final,72.885,98.4
Australia,winter,Canola,1991-92,1991,final,150.665,170.448
Australia,winter,Canola,1992-93,1992,final,107.109,177.902
Australia,winter,Canola,1993-94,1993,final,176.532,305.02
Australia,winter,Canola,1994-95,1994,final,356.234,263.892
Australia,winter,Canola,1995-96,1995,final,376.558,557.054
Australia,winter,Canola,1996-97,1996,final,407.456,623.239
Australia,winter,Canola,1997-98,1997,final,697.491,855.36
Australia,winter,Canola,1998-99,1998,final,1247.208,1690.458
Australia,winter,Canola,1999-00,1999,final,1909.543,2458.674
Australia,winter,Canola,2000-01,2000,final,1458.613,1774.119
Australia,winter,Canola,2001-02,2001,final,1331.505,1755.863
Australia,winter,Canola,2002-03,2002,final,1297.074,870.059
Australia,winter,Canola,2003-04,2003,final,1210.598,1702.349
Australia,winter,Canola,2004-05,2004,final,1377.061,1542.318
Australia,winter,Canola,2005-06,2005,final,971.694,1418.941
Australia,winter,Canola,2006-07,2006,final,1051.823,573.325
Australia,winter,Canola,2007-08,2007,final,1277.082,1214.374
Australia,winter,Canola,2008-09,2008,final,1692.608,1844.157
Australia,winter,Canola,2009-10,2009,final,1694.936,1907.272
Australia,winter,Canola,2010-11,2010,final,2077.523,2358.716
Australia,winter,Canola,2011-12,2011,final,2460.785,3427.293
Australia,winter,Canola,2012-13,2012,final,3271.499,4141.586
Australia,winter,Canola,2013-14,2013,final,2720.685,3831.909
Australia,winter,Canola,2014-15,2014,final,2896.951,3540.021
Australia,winter,Canola,2015-16,2015,final,2090.892,2775.479
Australia,winter,Canola,2016-17,2016,final,2681.162,4313.23
Australia,winter,Canola,2017-18,2017,final,3171.119,3893.069
Australia,winter,Canola,2018-19,2018,final,2119.836,2365.839
Australia,winter,Canola,2019-20,2019,final,2034.057,2298.529
Australia,winter,Canola,2020-21,2020,final,2613.846,4756.388
Australia,winter,Canola,2021-22,2021,final,3250.261,6820.287
Australia,winter,Canola,2022-23,2022,estimate,4000.0,8640.0
Australia,winter,Canola,2023-24,2023,estimate,3507.0,6050.0
Australia,winter,Canola,2024-25,2024,estimate,3438.5,6396.0
Australia,winter,Canola,2025-26,2025,estimate,3701.8,7679.5
Australia,winter,Canola,2026-27,2026,forecast,3779.5,7271.5
Australia,winter,Chickpeas,1989-90,1989,final,93.079,109.368
Australia,winter,Chickpeas,1990-91,1990,final,178.121,191.668
Australia,winter,Chickpeas,1991-92,1991,final,249.672,221.859
Australia,winter,Chickpeas,1992-93,1992,final,151.802,176.938
Australia,winter,Chickpeas,1993-94,1993,final,146.837,193.108
Australia,winter,Chickpeas,1994-95,1994,final,208.854,68.893
Australia,winter,Chickpeas,1995-96,1995,final,216.415,286.909
Australia,winter,Chickpeas,1996-97,1996,final,241.45,287.721
Australia,winter,Chickpeas,1997-98,1997,final,273.043,198.629
Australia,winter,Chickpeas,1998-99,1998,final,308.505,187.587
Australia,winter,Chickpeas,1999-00,1999,final,217.955,230.007
Australia,winter,Chickpeas,2000-01,2000,final,261.603,162.492
Australia,winter,Chickpeas,2001-02,2001,final,244.936,273.439
Australia,winter,Chickpeas,2002-03,2002,final,201.161,128.738
Australia,winter,Chickpeas,2003-04,2003,final,200.815,198.854
Australia,winter,Chickpeas,2004-05,2004,final,110.174,135.215
Australia,winter,Chickpeas,2005-06,2005,final,131.301,149.682
Australia,winter,Chickpeas,2006-07,2006,final,284.074,229.202
Australia,winter,Chickpeas,2007-08,2007,final,306.0,312.95
Australia,winter,Chickpeas,2008-09,2008,final,338.222,442.543
Australia,winter,Chickpeas,2009-10,2009,final,428.982,487.046
Australia,winter,Chickpeas,2010-11,2010,final,653.142,513.388
Australia,winter,Chickpeas,2011-12,2011,final,456.07,673.372
Australia,winter,Chickpeas,2012-13,2012,final,573.6,813.3
Australia,winter,Chickpeas,2013-14,2013,final,507.8,629.4
Australia,winter,Chickpeas,2014-15,2014,final,424.8,555.4
Australia,winter,Chickpeas,2015-16,2015,final,677.444,874.593
Australia,winter,Chickpeas,2016-17,2016,final,1069.0,2004.0
Australia,winter,Chickpeas,2017-18,2017,final,1075.136,998.231
Australia,winter,Chickpeas,2018-19,2018,final,293.947,205.13
Australia,winter,Chickpeas,2019-20,2019,final,309.151,235.165
Australia,winter,Chickpeas,2020-21,2020,final,606.316,876.468
Australia,winter,Chickpeas,2021-22,2021,final,615.75,1062.25
Australia,winter,Chickpeas,2022-23,2022,estimate,397.5,541.0
Australia,winter,Chickpeas,2023-24,2023,estimate,409.0,491.2
Australia,winter,Chickpeas,2024-25,2024,estimate,1038.5,2267.0
Australia,winter,Chickpeas,2025-26,2025,estimate,1178.5,2184.53
Australia,winter,Chickpeas,2026-27,2026,forecast,747.0,1048.949
Australia,winter,Faba beans,1989-90,1989,final,44.555,57.9
Australia,winter,Faba beans,1990-91,1990,final,43.9,53.1
Australia,winter,Faba beans,1991-92,1991,final,58.108,64.4
Australia,winter,Faba beans,1992-93,1992,final,82.0,99.0
Australia,winter,Faba beans,1993-94,1993,final,93.736,148.827
Australia,winter,Faba beans,1994-95,1994,final,100.609,67.19
Australia,winter,Faba beans,1995-96,1995,final,80.369,127.71
Australia,winter,Faba beans,1996-97,1996,final,96.937,170.652
Australia,winter,Faba beans,1997-98,1997,final,154.784,162.706
Australia,winter,Faba beans,1998-99,1998,final,135.314,194.346
Australia,winter,Faba beans,1999-00,1999,final,125.25,165.75
Australia,winter,Faba beans,2000-01,2000,final,206.343,324.878
Australia,winter,Faba beans,2001-02,2001,final,180.0,350.0
Australia,winter,Faba beans,2002-03,2002,final,157.0,108.0
Australia,winter,Faba beans,2003-04,2003,final,155.0,277.0
Australia,winter,Faba beans,2004-05,2004,final,194.5,167.5
Australia,winter,Faba beans,2005-06,2005,final,183.0,329.0
Australia,winter,Faba beans,2006-07,2006,final,186.636,107.023
Australia,winter,Faba beans,2007-08,2007,final,132.501,138.0
Australia,winter,Faba beans,2008-09,2008,final,125.294,134.749
Australia,winter,Faba beans,2009-10,2009,final,129.0,217.3
Australia,winter,Faba beans,2010-11,2010,final,162.628,324.365
Australia,winter,Faba beans,2011-12,2011,final,151.437,268.1
Australia,winter,Faba beans,2012-13,2012,final,202.9,377.2
Australia,winter,Faba beans,2013-14,2013,final,152.1,327.7
Australia,winter,Faba beans,2014-15,2014,final,163.9,283.8
Australia,winter,Faba beans,2015-16,2015,final,220.267,300.574
Australia,winter,Faba beans,2016-17,2016,final,232.732,483.578
Australia,winter,Faba beans,2017-18,2017,final,313.051,415.591
Australia,winter,Faba beans,2018-19,2018,final,233.967,233.417
Australia,winter,Faba beans,2019-20,2019,final,214.892,313.027
Australia,winter,Faba beans,2020-21,2020,final,302.132,679.773
Australia,winter,Faba beans,2021-22,2021,final,287.5,646.235
Australia,winter,Faba beans,2022-23,2022,estimate,330.0,730.0
Australia,winter,Faba beans,2023-24,2023,estimate,343.067,640.379
Australia,winter,Faba beans,2024-25,2024,estimate,401.0,749.5
Australia,winter,Faba beans,2025-26,2025,estimate,486.0,1020.0
Australia,winter,Faba beans,2026-27,2026,forecast,413.0,858.736
Australia,winter,Field peas,1989-90,1989,final,326.332,388.023
Australia,winter,Field peas,1990-91,1990,final,318.035,318.068
Australia,winter,Field peas,1991-92,1991,final,426.534,472.571
Australia,winter,Field peas,1992-93,1992,final,382.338,456.311
Australia,winter,Field peas,1993-94,1993,final,399.832,558.453
Australia,winter,Field peas,1994-95,1994,final,460.58,240.407
Australia,winter,Field peas,1995-96,1995,final,381.617,529.919
Australia,winter,Field peas,1996-97,1996,final,336.678,454.615
Australia,winter,Field peas,1997-98,1997,final,366.932,315.344
Australia,winter,Field peas,1998-99,1998,final,369.411,370.282
Australia,winter,Field peas,1999-00,1999,final,423.466,496.506
Australia,winter,Field peas,2000-01,2000,final,395.836,455.877
Australia,winter,Field peas,2001-02,2001,final,336.236,512.26
Australia,winter,Field peas,2002-03,2002,final,380.16,178.425
Australia,winter,Field peas,2003-04,2003,final,353.548,486.087
Australia,winter,Field peas,2004-05,2004,final,413.11,289.137
Australia,winter,Field peas,2005-06,2005,final,365.653,584.619
Australia,winter,Field peas,2006-07,2006,final,383.805,140.346
Australia,winter,Field peas,2007-08,2007,final,292.5,267.5
Australia,winter,Field peas,2008-09,2008,final,299.792,238.139
Australia,winter,Field peas,2009-10,2009,final,285.101,356.0
Australia,winter,Field peas,2010-11,2010,final,317.515,394.675
Australia,winter,Field peas,2011-12,2011,final,248.87,342.49
Australia,winter,Field peas,2012-13,2012,final,280.5,319.68
Australia,winter,Field peas,2013-14,2013,final,244.5,342.1
Australia,winter,Field peas,2014-15,2014,final,237.0,290.4
Australia,winter,Field peas,2015-16,2015,final,238.1,204.5
Australia,winter,Field peas,2016-17,2016,final,230.17,415.186
Australia,winter,Field peas,2017-18,2017,final,291.489,317.209
Australia,winter,Field peas,2018-19,2018,final,229.512,159.556
Australia,winter,Field peas,2019-20,2019,final,247.616,210.456
Australia,winter,Field peas,2020-21,2020,final,251.71,399.28
Australia,winter,Field peas,2021-22,2021,final,192.0,261.14
Australia,winter,Field peas,2022-23,2022,estimate,198.0,313.809
Australia,winter,Field peas,2023-24,2023,estimate,192.017,228.019
Australia,winter,Field peas,2024-25,2024,estimate,193.0,228.0
Australia,winter,Field peas,2025-26,2025,estimate,179.0,220.55
Australia,winter,Field peas,2026-27,2026,forecast,177.0,236.001
Australia,winter,Lentils,1989-90,1989,final,0.33,0.275
Australia,winter,Lentils,1990-91,1990,final,0.154,0.183
Australia,winter,Lentils,1991-92,1991,final,0.293,0.474
Australia,winter,Lentils,1992-93,1992,final,0.479,0.52
Australia,winter,Lentils,1993-94,1993,final,0.98,1.244
Australia,winter,Lentils,1994-95,1994,final,5.203,2.02
Australia,winter,Lentils,1995-96,1995,final,6.503,15.5
Australia,winter,Lentils,1996-97,1996,final,13.763,28.347
Australia,winter,Lentils,1997-98,1997,final,41.99,31.458
Australia,winter,Lentils,1998-99,1998,final,66.17,38.699
Australia,winter,Lentils,1999-00,1999,final,74.613,115.361
Australia,winter,Lentils,2000-01,2000,final,101.392,138.245
Australia,winter,Lentils,2001-02,2001,final,113.045,153.48
Australia,winter,Lentils,2002-03,2002,final,165.002,67.0
Australia,winter,Lentils,2003-04,2003,final,83.063,103.811
Australia,winter,Lentils,2004-05,2004,final,127.261,52.301
Australia,winter,Lentils,2005-06,2005,final,178.17,294.916
Australia,winter,Lentils,2006-07,2006,final,207.474,31.845
Australia,winter,Lentils,2007-08,2007,final,129.5,131.15
Australia,winter,Lentils,2008-09,2008,final,116.997,64.234
Australia,winter,Lentils,2009-10,2009,final,104.01,143.008
Australia,winter,Lentils,2010-11,2010,final,218.764,379.66
Australia,winter,Lentils,2011-12,2011,final,172.84,288.0
Australia,winter,Lentils,2012-13,2012,final,165.4,184.7
Australia,winter,Lentils,2013-14,2013,final,169.7,254.45
Australia,winter,Lentils,2014-15,2014,final,189.0,242.1
Australia,winter,Lentils,2015-16,2015,final,224.944,181.638
Australia,winter,Lentils,2016-17,2016,final,275.648,680.482
Australia,winter,Lentils,2017-18,2017,final,418.495,542.784
Australia,winter,Lentils,2018-19,2018,final,400.149,359.315
Australia,winter,Lentils,2019-20,2019,final,412.381,525.848
Australia,winter,Lentils,2020-21,2020,final,500.872,853.642
Australia,winter,Lentils,2021-22,2021,final,575.16,999.47
Australia,winter,Lentils,2022-23,2022,estimate,692.3,1688.75
Australia,winter,Lentils,2023-24,2023,estimate,865.0,1642.998
Australia,winter,Lentils,2024-25,2024,estimate,1036.8,1265.05
Australia,winter,Lentils,2025-26,2025,estimate,1201.5,2151.2
Australia,winter,Lentils,2026-27,2026,forecast,1226.4,2249.571
Australia,winter,Lupins,1989-90,1989,final,801.457,772.018
Australia,winter,Lupins,1990-91,1990,final,792.561,757.67
Australia,winter,Lupins,1991-92,1991,final,938.546,1047.363
Australia,winter,Lupins,1992-93,1992,final,1032.473,1194.983
Australia,winter,Lupins,1993-94,1993,final,1150.446,1479.652
Australia,winter,Lupins,1994-95,1994,final,1407.066,1076.215
Australia,winter,Lupins,1995-96,1995,final,1322.821,1558.995
Australia,winter,Lupins,1996-97,1996,final,1259.181,1521.861
Australia,winter,Lupins,1997-98,1997,final,1424.671,1560.272
Australia,winter,Lupins,1998-99,1998,final,1406.21,1694.872
Australia,winter,Lupins,1999-00,1999,final,1347.081,1967.842
Australia,winter,Lupins,2000-01,2000,final,1179.554,1055.281
Australia,winter,Lupins,2001-02,2001,final,1138.312,1213.716
Australia,winter,Lupins,2002-03,2002,final,1025.36,725.881
Australia,winter,Lupins,2003-04,2003,final,852.022,1180.663
Australia,winter,Lupins,2004-05,2004,final,844.684,936.918
Australia,winter,Lupins,2005-06,2005,final,808.873,1285.032
Australia,winter,Lupins,2006-07,2006,final,736.354,470.326
Australia,winter,Lupins,2007-08,2007,final,752.157,661.862
Australia,winter,Lupins,2008-09,2008,final,577.205,707.775
Australia,winter,Lupins,2009-10,2009,final,691.636,822.57
Australia,winter,Lupins,2010-11,2010,final,755.847,807.672
Australia,winter,Lupins,2011-12,2011,final,689.064,981.512
Australia,winter,Lupins,2012-13,2012,final,450.2,458.7
Australia,winter,Lupins,2013-14,2013,final,387.35,625.6
Australia,winter,Lupins,2014-15,2014,final,443.1,549.1
Australia,winter,Lupins,2015-16,2015,final,534.084,651.946
Australia,winter,Lupins,2016-17,2016,final,514.596,1031.425
Australia,winter,Lupins,2017-18,2017,final,612.014,714.254
Australia,winter,Lupins,2018-19,2018,final,661.141,798.629
Australia,winter,Lupins,2019-20,2019,final,664.588,591.146
Australia,winter,Lupins,2020-21,2020,final,603.941,865.619
Australia,winter,Lupins,2021-22,2021,final,497.07,957.52
Australia,winter,Lupins,2022-23,2022,estimate,536.4,1100.8
Australia,winter,Lupins,2023-24,2023,estimate,441.019,610.764
Australia,winter,Lupins,2024-25,2024,estimate,514.5,778.0
Australia,winter,Lupins,2025-26,2025,estimate,551.3,1131.2
Australia,winter,Lupins,2026-27,2026,forecast,600.0,1051.244
Australia,winter,Oats,1989-90,1989,final,1088.7,1640.3
Australia,winter,Oats,1990-91,1990,final,1043.6,1529.8
Australia,winter,Oats,1991-92,1991,final,1160.1,1689.8
Australia,winter,Oats,1992-93,1992,final,1149.1,1936.4
Australia,winter,Oats,1993-94,1993,final,947.336,1646.499
Australia,winter,Oats,1994-95,1994,final,896.569,924.075
Australia,winter,Oats,1995-96,1995,final,1136.234,1874.808
Australia,winter,Oats,1996-97,1996,final,1051.683,1652.797
Australia,winter,Oats,1997-98,1997,final,936.625,1634.284
Australia,winter,Oats,1998-99,1998,final,908.853,1798.226
Australia,winter,Oats,1999-00,1999,final,583.567,1117.683
Australia,winter,Oats,2000-01,2000,final,650.41,1049.748
Australia,winter,Oats,2001-02,2001,final,783.995,1433.531
Australia,winter,Oats,2002-03,2002,final,911.379,956.984
Australia,winter,Oats,2003-04,2003,final,1089.23,2017.875
Australia,winter,Oats,2004-05,2004,final,893.551,1282.448
Australia,winter,Oats,2005-06,2005,final,930.302,1688.016
Australia,winter,Oats,2006-07,2006,final,999.484,748.292
Australia,winter,Oats,2007-08,2007,final,1237.784,1502.297
Australia,winter,Oats,2008-09,2008,final,870.245,1160.003
Australia,winter,Oats,2009-10,2009,final,850.03,1161.522
Australia,winter,Oats,2010-11,2010,final,826.031,1127.683
Australia,winter,Oats,2011-12,2011,final,731.143,1262.031
Australia,winter,Oats,2012-13,2012,final,728.575,1121.135
Australia,winter,Oats,2013-14,2013,final,714.699,1254.659
Australia,winter,Oats,2014-15,2014,final,854.417,1198.006
Australia,winter,Oats,2015-16,2015,final,821.498,1299.68
Australia,winter,Oats,2016-17,2016,final,1027.873,2265.503
Australia,winter,Oats,2017-18,2017,final,874.138,1227.386
Australia,winter,Oats,2018-19,2018,final,938.129,1134.619
Australia,winter,Oats,2019-20,2019,final,815.954,1142.934
Australia,winter,Oats,2020-21,2020,final,1069.891,1897.99
Australia,winter,Oats,2021-22,2021,final,842.394,1734.874
Australia,winter,Oats,2022-23,2022,estimate,745.0,1587.439
Australia,winter,Oats,2023-24,2023,estimate,677.69,1021.132
Australia,winter,Oats,2024-25,2024,estimate,742.0,1315.0
Australia,winter,Oats,2025-26,2025,estimate,866.69,1695.0
Australia,winter,Oats,2026-27,2026,forecast,910.5,1750.264
Australia,winter,Triticale,1989-90,1989,final,91.341,164.372
Australia,winter,Triticale,1990-91,1990,final,103.96,188.577
Australia,winter,Triticale,1991-92,1991,final,101.02,177.342
Australia,winter,Triticale,1992-93,1992,final,122.0,282.477
Australia,winter,Triticale,1993-94,1993,final,129.235,262.815
Australia,winter,Triticale,1994-95,1994,final,153.424,181.581
Australia,winter,Triticale,1995-96,1995,final,221.097,468.513
Australia,winter,Triticale,1996-97,1996,final,346.283,673.774
Australia,winter,Triticale,1997-98,1997,final,366.361,632.485
Australia,winter,Triticale,1998-99,1998,final,385.838,706.852
Australia,winter,Triticale,1999-00,1999,final,358.035,764.08
Australia,winter,Triticale,2000-01,2000,final,389.415,841.049
Australia,winter,Triticale,2001-02,2001,final,408.856,859.651
Australia,winter,Triticale,2002-03,2002,final,407.57,326.959
Australia,winter,Triticale,2003-04,2003,final,445.475,825.861
Australia,winter,Triticale,2004-05,2004,final,389.296,610.056
Australia,winter,Triticale,2005-06,2005,final,391.786,829.757
Australia,winter,Triticale,2006-07,2006,final,368.512,199.254
Australia,winter,Triticale,2007-08,2007,final,359.713,450.0
Australia,winter,Triticale,2008-09,2008,final,322.761,362.817
Australia,winter,Triticale,2009-10,2009,final,349.721,545.0
Australia,winter,Triticale,2010-11,2010,final,187.201,355.078
Australia,winter,Triticale,2011-12,2011,final,144.551,284.614
Australia,winter,Triticale,2012-13,2012,final,99.178,171.211
Australia,winter,Triticale,2013-14,2013,final,79.879,125.641
Australia,winter,Triticale,2014-15,2014,final,81.515,143.043
Australia,winter,Triticale,2015-16,2015,final,78.4,127.393
Australia,winter,Triticale,2016-17,2016,final,61.589,149.949
Australia,winter,Triticale,2017-18,2017,final,55.482,86.958
Australia,winter,Triticale,2018-19,2018,final,48.402,59.461
Australia,winter,Triticale,2019-20,2019,final,72.84,76.857
Australia,winter,Triticale,2020-21,2020,final,96.207,170.812
Australia,winter,Triticale,2021-22,2021,final,61.91,117.167
Australia,winter,Triticale,2022-23,2022,estimate,57.002,113.707
Australia,winter,Triticale,2023-24,2023,estimate,53.9,82.696
Australia,winter,Triticale,2024-25,2024,estimate,52.0,83.69
Australia,winter,Triticale,2025-26,2025,estimate,52.948,90.87
Australia,winter,Triticale,2026-27,2026,forecast,53.898,88.519
Australia,winter,Wheat,1989-90,1989,final,9003.8,14214.6
Australia,winter,Wheat,1990-91,1990,final,9218.2,15066.1
Australia,winter,Wheat,1991-92,1991,final,7183.0,10557.3
Australia,winter,Wheat,1992-93,1992,final,8274.7,14738.7
Australia,winter,Wheat,1993-94,1993,final,8383.1,16479.2
Australia,winter,Wheat,1994-95,1994,final,7890.6,8961.4
Australia,winter,Wheat,1995-96,1995,final,9220.8,16503.9
Australia,winter,Wheat,1996-97,1996,final,10935.5,22924.2
Australia,winter,Wheat,1997-98,1997,final,10440.6,19226.7
Australia,winter,Wheat,1998-99,1998,final,11542.6,21464.8
Australia,winter,Wheat,1999-00,1999,final,12167.6,24757.4
Australia,winter,Wheat,2000-01,2000,final,12141.3,22108.2
Australia,winter,Wheat,2001-02,2001,final,11529.3,24299.4
Australia,winter,Wheat,2002-03,2002,final,11170.3,10131.8
Australia,winter,Wheat,2003-04,2003,final,13067.1,26131.8
Australia,winter,Wheat,2004-05,2004,final,13399.4,21905.1
Australia,winter,Wheat,2005-06,2005,final,12442.6,25150.4
Australia,winter,Wheat,2006-07,2006,final,11797.9,10821.7
Australia,winter,Wheat,2007-08,2007,final,12578.2,13569.4
Australia,winter,Wheat,2008-09,2008,final,13530.2,21420.1
Australia,winter,Wheat,2009-10,2009,final,13881.1,21834.0
Australia,winter,Wheat,2010-11,2010,final,13501.8,27410.0
Australia,winter,Wheat,2011-12,2011,final,13902.141,29905.009
Australia,winter,Wheat,2012-13,2012,final,12979.232,22855.166
Australia,winter,Wheat,2013-14,2013,final,12613.076,25302.707
Australia,winter,Wheat,2014-15,2014,final,12383.673,23742.56
Australia,winter,Wheat,2015-16,2015,final,11282.202,22274.514
Australia,winter,Wheat,2016-17,2016,final,12191.153,31818.744
Australia,winter,Wheat,2017-18,2017,final,10919.18,20941.133
Australia,winter,Wheat,2018-19,2018,final,10402.271,17597.561
Australia,winter,Wheat,2019-20,2019,final,9863.184,14480.217
Australia,winter,Wheat,2020-21,2020,final,12643.216,31922.555
Australia,winter,Wheat,2021-22,2021,final,12728.252,36237.477
Australia,winter,Wheat,2022-23,2022,estimate,13045.0,40545.42
Australia,winter,Wheat,2023-24,2023,estimate,12372.396,25960.0
Australia,winter,Wheat,2024-25,2024,estimate,13060.0,34110.0
Australia,winter,Wheat,2025-26,2025,estimate,12412.0,35985.0
Australia,winter,Wheat,2026-27,2026,forecast,11051.0,29881.0
New South Wales,summer,Corn (maize),1989-90,1989,final,16.7,97.6
New South Wales,summer,Corn (maize),1990-91,1990,final,17.8,90.6
New South Wales,summer,Corn (maize),1991-92,1991,final,16.8,119.1
New South Wales,summer,Corn (maize),1992-93,1992,final,15.6,107.9
New South Wales,summer,Corn (maize),1993-94,1993,final,14.188,100.019
New South Wales,summer,Corn (maize),1994-95,1994,final,20.531,145.341
New South Wales,summer,Corn (maize),1995-96,1995,final,23.567,189.996
New South Wales,summer,Corn (maize),1996-97,1996,final,30.731,255.857
New South Wales,summer,Corn (maize),1997-98,1997,final,22.396,161.151
New South Wales,summer,Corn (maize),1998-99,1998,final,26.502,186.157
New South Wales,summer,Corn (maize),1999-00,1999,final,22.058,177.753
New South Wales,summer,Corn (maize),2000-01,2000,final,26.42,177.619
New South Wales,summer,Corn (maize),2001-02,2001,final,28.313,245.802
New South Wales,summer,Corn (maize),2002-03,2002,final,20.525,163.47
New South Wales,summer,Corn (maize),2003-04,2003,final,21.798,177.527
New South Wales,summer,Corn (maize),2004-05,2004,final,25.453,242.147
New South Wales,summer,Corn (maize),2005-06,2005,final,30.628,211.874
New South Wales,summer,Corn (maize),2006-07,2006,final,20.374,143.242
New South Wales,summer,Corn (maize),2007-08,2007,final,20.0,176.0
New South Wales,summer,Corn (maize),2008-09,2008,final,14.432,115.147
New South Wales,summer,Corn (maize),2009-10,2009,final,20.0,172.0
New South Wales,summer,Corn (maize),2010-11,2010,final,23.184,171.053
New South Wales,summer,Corn (maize),2011-12,2011,final,21.085,206.85
New South Wales,summer,Corn (maize),2012-13,2012,final,34.0,261.0
New South Wales,summer,Corn (maize),2013-14,2013,final,22.171,209.303
New South Wales,summer,Corn (maize),2014-15,2014,final,23.438,245.789
New South Wales,summer,Corn (maize),2015-16,2015,final,17.394,169.8
New South Wales,summer,Corn (maize),2016-17,2016,final,22.655,202.507
New South Wales,summer,Corn (maize),2017-18,2017,final,20.163,190.204
New South Wales,summer,Corn (maize),2018-19,2018,final,21.326,147.444
New South Wales,summer,Corn (maize),2019-20,2019,final,9.751,95.173
New South Wales,summer,Corn (maize),2020-21,2020,final,20.656,180.761
New South Wales,summer,Corn (maize),2021-22,2021,final,20.0,210.0
New South Wales,summer,Corn (maize),2022-23,2022,estimate,44.0,210.0
New South Wales,summer,Corn (maize),2023-24,2023,estimate,43.0,267.0
New South Wales,summer,Corn (maize),2024-25,2024,estimate,42.0,301.0
New South Wales,summer,Corn (maize),2025-26,2025,estimate,43.0,290.0
New South Wales,summer,Corn (maize),2026-27,2026,forecast,41.0,280.0
New South Wales,summer,Cotton lint,1989-90,1989,final,175.0,235.55
New South Wales,summer,Cotton lint,1990-91,1990,final,202.0,338.956
New South Wales,summer,Cotton lint,1991-92,1991,final,225.0,407.596
New South Wales,summer,Cotton lint,1992-93,1992,final,204.0,301.512
New South Wales,summer,Cotton lint,1993-94,1993,final,210.0,273.21
New South Wales,summer,Cotton lint,1994-95,1994,final,157.0,250.211
New South Wales,summer,Cotton lint,1995-96,1995,final,185.5,270.83
New South Wales,summer,Cotton lint,1996-97,1996,final,277.035,442.979
New South Wales,summer,Cotton lint,1997-98,1997,final,299.32,475.32
New South Wales,summer,Cotton lint,1998-99,1998,final,381.65,474.391
New South Wales,summer,Cotton lint,1999-00,1999,final,313.011,492.679
New South Wales,summer,Cotton lint,2000-01,2000,final,327.9,533.493
New South Wales,summer,Cotton lint,2001-02,2001,final,289.741,513.131
New South Wales,summer,Cotton lint,2002-03,2002,final,165.2,302.316
New South Wales,summer,Cotton lint,2003-04,2003,final,97.23,179.73
New South Wales,summer,Cotton lint,2004-05,2004,final,162.815,347.776
New South Wales,summer,Cotton lint,2005-06,2005,final,214.3,403.5
New South Wales,summer,Cotton lint,2006-07,2006,final,108.74,241.772
New South Wales,summer,Cotton lint,2007-08,2007,final,41.22,92.843
New South Wales,summer,Cotton lint,2008-09,2008,final,88.015,178.171
New South Wales,summer,Cotton lint,2009-10,2009,final,123.8,255.888
New South Wales,summer,Cotton lint,2010-11,2010,final,347.7,587.174
New South Wales,summer,Cotton lint,2011-12,2011,final,358.1,753.147
New South Wales,summer,Cotton lint,2012-13,2012,final,283.5,671.0
New South Wales,summer,Cotton lint,2013-14,2013,final,256.0,587.581
New South Wales,summer,Cotton lint,2014-15,2014,final,124.0,333.968
New South Wales,summer,Cotton lint,2015-16,2015,final,163.0,395.025
New South Wales,summer,Cotton lint,2016-17,2016,final,370.0,575.4
New South Wales,summer,Cotton lint,2017-18,2017,final,350.5,737.66
New South Wales,summer,Cotton lint,2018-19,2018,final,250.4,321.08
New South Wales,summer,Cotton lint,2019-20,2019,final,54.629,83.28
New South Wales,summer,Cotton lint,2020-21,2020,final,192.76,385.21
New South Wales,summer,Cotton lint,2021-22,2021,final,406.459,835.085
New South Wales,summer,Cotton lint,2022-23,2022,estimate,340.046,734.495
New South Wales,summer,Cotton lint,2023-24,2023,estimate,337.362,784.251
New South Wales,summer,Cotton lint,2024-25,2024,estimate,335.988,781.727
New South Wales,summer,Cotton lint,2025-26,2025,estimate,291.631,651.44
New South Wales,summer,Cotton lint,2026-27,2026,forecast,171.488,389.28
New South Wales,summer,Cottonseed,1989-90,1989,final,175.0,380.0
New South Wales,summer,Cottonseed,1990-91,1990,final,202.0,526.0
New South Wales,summer,Cottonseed,1991-92,1991,final,225.0,563.0
New South Wales,summer,Cottonseed,1992-93,1992,final,204.0,365.1
New South Wales,summer,Cottonseed,1993-94,1993,final,210.0,334.2
New South Wales,summer,Cottonseed,1994-95,1994,final,157.0,286.5
New South Wales,summer,Cottonseed,1995-96,1995,final,185.5,382.4
New South Wales,summer,Cottonseed,1996-97,1996,final,277.035,627.495
New South Wales,summer,Cottonseed,1997-98,1997,final,299.32,672.256
New South Wales,summer,Cottonseed,1998-99,1998,final,381.65,677.455
New South Wales,summer,Cottonseed,1999-00,1999,final,313.011,695.745
New South Wales,summer,Cottonseed,2000-01,2000,final,327.9,740.531
New South Wales,summer,Cottonseed,2001-02,2001,final,289.741,777.14
New South Wales,summer,Cottonseed,2002-03,2002,final,165.2,425.27
New South Wales,summer,Cottonseed,2003-04,2003,final,97.23,254.158
New South Wales,summer,Cottonseed,2004-05,2004,final,162.815,491.789
New South Wales,summer,Cottonseed,2005-06,2005,final,214.3,570.6
New South Wales,summer,Cottonseed,2006-07,2006,final,108.74,311.06
New South Wales,summer,Cottonseed,2007-08,2007,final,41.22,131.289
New South Wales,summer,Cottonseed,2008-09,2008,final,88.015,251.951
New South Wales,summer,Cottonseed,2009-10,2009,final,123.8,361.85
New South Wales,summer,Cottonseed,2010-11,2010,final,347.7,805.172
New South Wales,summer,Cottonseed,2011-12,2011,final,358.1,996.242
New South Wales,summer,Cottonseed,2012-13,2012,final,283.5,769.237
New South Wales,summer,Cottonseed,2013-14,2013,final,256.0,673.605
New South Wales,summer,Cottonseed,2014-15,2014,final,124.0,382.862
New South Wales,summer,Cottonseed,2015-16,2015,final,163.0,452.858
New South Wales,summer,Cottonseed,2016-17,2016,final,370.0,659.641
New South Wales,summer,Cottonseed,2017-18,2017,final,350.5,845.657
New South Wales,summer,Cottonseed,2018-19,2018,final,250.4,380.812
New South Wales,summer,Cottonseed,2019-20,2019,final,54.629,95.472
New South Wales,summer,Cottonseed,2020-21,2020,final,192.76,441.606
New South Wales,summer,Cottonseed,2021-22,2021,final,406.459,1004.757
New South Wales,summer,Cottonseed,2022-23,2022,estimate,340.046,842.027
New South Wales,summer,Cottonseed,2023-24,2023,estimate,337.362,899.067
New South Wales,summer,Cottonseed,2024-25,2024,estimate,335.988,896.174
New South Wales,summer,Cottonseed,2025-26,2025,estimate,291.631,746.812
New South Wales,summer,Cottonseed,2026-27,2026,forecast,171.488,446.272
New South Wales,summer,Grain sorghum,1989-90,1989,final,138.23,359.245
New South Wales,summer,Grain sorghum,1990-91,1990,final,83.649,186.792
New South Wales,summer,Grain sorghum,1991-92,1991,final,146.957,398.045
New South Wales,summer,Grain sorghum,1992-93,1992,final,117.685,229.147
New South Wales,summer,Grain sorghum,1993-94,1993,final,99.003,228.28
New South Wales,summer,Grain sorghum,1994-95,1994,final,160.662,346.634
New South Wales,summer,Grain sorghum,1995-96,1995,final,170.723,471.559
New South Wales,summer,Grain sorghum,1996-97,1996,final,117.329,416.925
New South Wales,summer,Grain sorghum,1997-98,1997,final,123.127,381.987
New South Wales,summer,Grain sorghum,1998-99,1998,final,216.384,821.725
New South Wales,summer,Grain sorghum,1999-00,1999,final,200.5,803.673
New South Wales,summer,Grain sorghum,2000-01,2000,final,258.479,770.3
New South Wales,summer,Grain sorghum,2001-02,2001,final,258.017,766.822
New South Wales,summer,Grain sorghum,2002-03,2002,final,254.94,531.306
New South Wales,summer,Grain sorghum,2003-04,2003,final,212.323,709.208
New South Wales,summer,Grain sorghum,2004-05,2004,final,211.361,846.765
New South Wales,summer,Grain sorghum,2005-06,2005,final,327.367,887.722
New South Wales,summer,Grain sorghum,2006-07,2006,final,162.057,384.912
New South Wales,summer,Grain sorghum,2007-08,2007,final,279.153,1269.459
New South Wales,summer,Grain sorghum,2008-09,2008,final,226.75,918.553
New South Wales,summer,Grain sorghum,2009-10,2009,final,163.62,581.378
New South Wales,summer,Grain sorghum,2010-11,2010,final,196.644,748.139
New South Wales,summer,Grain sorghum,2011-12,2011,final,221.056,814.252
New South Wales,summer,Grain sorghum,2012-13,2012,final,214.0,747.0
New South Wales,summer,Grain sorghum,2013-14,2013,final,175.414,419.289
New South Wales,summer,Grain sorghum,2014-15,2014,final,184.118,586.288
New South Wales,summer,Grain sorghum,2015-16,2015,final,154.759,604.369
New South Wales,summer,Grain sorghum,2016-17,2016,final,117.124,386.625
New South Wales,summer,Grain sorghum,2017-18,2017,final,108.34,279.023
New South Wales,summer,Grain sorghum,2018-19,2018,final,152.258,222.089
New South Wales,summer,Grain sorghum,2019-20,2019,final,44.36,78.88
New South Wales,summer,Grain sorghum,2020-21,2020,final,146.016,554.179
New South Wales,summer,Grain sorghum,2021-22,2021,final,191.772,925.696
New South Wales,summer,Grain sorghum,2022-23,2022,estimate,195.0,819.0
New South Wales,summer,Grain sorghum,2023-24,2023,estimate,185.0,780.0
New South Wales,summer,Grain sorghum,2024-25,2024,estimate,180.0,850.0
New South Wales,summer,Grain sorghum,2025-26,2025,estimate,200.0,840.0
New South Wales,summer,Grain sorghum,2026-27,2026,forecast,190.0,600.0
New South Wales,summer,Rice,1989-90,1989,final,100.0,816.0
New South Wales,summer,Rice,1990-91,1990,final,85.0,719.0
New South Wales,summer,Rice,1991-92,1991,final,109.0,929.0
New South Wales,summer,Rice,1992-93,1992,final,105.0,846.0
New South Wales,summer,Rice,1993-94,1993,final,125.0,1042.0
New South Wales,summer,Rice,1994-95,1994,final,119.0,1016.0
New South Wales,summer,Rice,1995-96,1995,final,136.0,965.0
New South Wales,summer,Rice,1996-97,1996,final,151.0,1248.0
New South Wales,summer,Rice,1997-98,1997,final,146.0,1320.0
New South Wales,summer,Rice,1998-99,1998,final,148.0,1357.0
New South Wales,summer,Rice,1999-00,1999,final,131.0,1084.0
New South Wales,summer,Rice,2000-01,2000,final,175.0,1625.0
New South Wales,summer,Rice,2001-02,2001,final,143.0,1179.0
New South Wales,summer,Rice,2002-03,2002,final,46.0,435.0
New South Wales,summer,Rice,2003-04,2003,final,66.0,550.0
New South Wales,summer,Rice,2004-05,2004,final,51.0,335.0
New South Wales,summer,Rice,2005-06,2005,final,101.0,992.0
New South Wales,summer,Rice,2006-07,2006,final,20.0,161.0
New South Wales,summer,Rice,2007-08,2007,final,2.072,17.614
New South Wales,summer,Rice,2008-09,2008,final,7.194,60.868
New South Wales,summer,Rice,2009-10,2009,final,18.449,194.503
New South Wales,summer,Rice,2010-11,2010,final,74.954,716.332
New South Wales,summer,Rice,2011-12,2011,final,101.933,912.338
New South Wales,summer,Rice,2012-13,2012,final,113.041,1157.619
New South Wales,summer,Rice,2013-14,2013,final,73.47,811.809
New South Wales,summer,Rice,2014-15,2014,final,69.306,687.578
New South Wales,summer,Rice,2015-16,2015,final,24.721,262.359
New South Wales,summer,Rice,2016-17,2016,final,82.015,806.401
New South Wales,summer,Rice,2017-18,2017,final,60.055,628.135
New South Wales,summer,Rice,2018-19,2018,final,6.748,61.187
New South Wales,summer,Rice,2019-20,2019,final,4.247,46.128
New South Wales,summer,Rice,2020-21,2020,final,43.907,416.827
New South Wales,summer,Rice,2021-22,2021,final,61.597,685.448
New South Wales,summer,Rice,2022-23,2022,estimate,51.0,503.0
New South Wales,summer,Rice,2023-24,2023,estimate,57.0,618.0
New South Wales,summer,Rice,2024-25,2024,estimate,47.0,520.0
New South Wales,summer,Rice,2025-26,2025,estimate,17.0,175.0
New South Wales,summer,Rice,2026-27,2026,forecast,14.0,137.2
New South Wales,summer,Soybeans,1989-90,1989,final,15.179,25.96
New South Wales,summer,Soybeans,1990-91,1990,final,13.04,26.173
New South Wales,summer,Soybeans,1991-92,1991,final,12.351,28.535
New South Wales,summer,Soybeans,1992-93,1992,final,12.656,28.098
New South Wales,summer,Soybeans,1993-94,1993,final,22.099,47.667
New South Wales,summer,Soybeans,1994-95,1994,final,9.398,17.145
New South Wales,summer,Soybeans,1995-96,1995,final,11.628,21.304
New South Wales,summer,Soybeans,1996-97,1996,final,21.518,46.077
New South Wales,summer,Soybeans,1997-98,1997,final,19.398,36.169
New South Wales,summer,Soybeans,1998-99,1998,final,29.51,57.883
New South Wales,summer,Soybeans,1999-00,1999,final,32.019,59.104
New South Wales,summer,Soybeans,2000-01,2000,final,20.792,32.776
New South Wales,summer,Soybeans,2001-02,2001,final,21.057,44.566
New South Wales,summer,Soybeans,2002-03,2002,final,2.73,4.178
New South Wales,summer,Soybeans,2003-04,2003,final,15.307,37.83
New South Wales,summer,Soybeans,2004-05,2004,final,17.102,32.817
New South Wales,summer,Soybeans,2005-06,2005,final,15.456,35.693
New South Wales,summer,Soybeans,2006-07,2006,final,9.951,20.113
New South Wales,summer,Soybeans,2007-08,2007,final,6.855,13.8
New South Wales,summer,Soybeans,2008-09,2008,final,23.447,38.744
New South Wales,summer,Soybeans,2009-10,2009,final,17.215,41.7
New South Wales,summer,Soybeans,2010-11,2010,final,13.165,21.35
New South Wales,summer,Soybeans,2011-12,2011,final,21.366,31.305
New South Wales,summer,Soybeans,2012-13,2012,final,36.58,50.056
New South Wales,summer,Soybeans,2013-14,2013,final,19.818,24.071
New South Wales,summer,Soybeans,2014-15,2014,final,13.366,25.687
New South Wales,summer,Soybeans,2015-16,2015,final,13.2,20.045
New South Wales,summer,Soybeans,2016-17,2016,final,11.07,23.811
New South Wales,summer,Soybeans,2017-18,2017,final,24.0,17.163
New South Wales,summer,Soybeans,2018-19,2018,final,8.681,5.798
New South Wales,summer,Soybeans,2019-20,2019,final,5.909,8.27
New South Wales,summer,Soybeans,2020-21,2020,final,14.368,21.571
New South Wales,summer,Soybeans,2021-22,2021,final,17.0,41.14
New South Wales,summer,Soybeans,2022-23,2022,estimate,14.0,35.0
New South Wales,summer,Soybeans,2023-24,2023,estimate,15.0,45.0
New South Wales,summer,Soybeans,2024-25,2024,estimate,16.0,25.0
New South Wales,summer,Soybeans,2025-26,2025,estimate,15.0,30.0
New South Wales,summer,Soybeans,2026-27,2026,forecast,13.0,25.0
New South Wales,summer,Sunflower,1989-90,1989,final,29.417,33.784
New South Wales,summer,Sunflower,1990-91,1990,final,58.111,59.057
New South Wales,summer,Sunflower,1991-92,1991,final,28.816,37.544
New South Wales,summer,Sunflower,1992-93,1992,final,25.055,29.668
New South Wales,summer,Sunflower,1993-94,1993,final,38.591,47.461
New South Wales,summer,Sunflower,1994-95,1994,final,49.866,53.915
New South Wales,summer,Sunflower,1995-96,1995,final,34.462,38.717
New South Wales,summer,Sunflower,1996-97,1996,final,41.28,46.19
New South Wales,summer,Sunflower,1997-98,1997,final,11.717,15.456
New South Wales,summer,Sunflower,1998-99,1998,final,79.392,103.338
New South Wales,summer,Sunflower,1999-00,1999,final,41.241,61.224
New South Wales,summer,Sunflower,2000-01,2000,final,17.623,19.984
New South Wales,summer,Sunflower,2001-02,2001,final,30.084,36.018
New South Wales,summer,Sunflower,2002-03,2002,final,21.331,12.503
New South Wales,summer,Sunflower,2003-04,2003,final,25.961,27.12
New South Wales,summer,Sunflower,2004-05,2004,final,30.901,49.249
New South Wales,summer,Sunflower,2005-06,2005,final,68.633,73.432
New South Wales,summer,Sunflower,2006-07,2006,final,13.462,12.87
New South Wales,summer,Sunflower,2007-08,2007,final,28.3,41.05
New South Wales,summer,Sunflower,2008-09,2008,final,33.767,35.782
New South Wales,summer,Sunflower,2009-10,2009,final,18.9,31.408
New South Wales,summer,Sunflower,2010-11,2010,final,25.765,31.976
New South Wales,summer,Sunflower,2011-12,2011,final,11.505,16.857
New South Wales,summer,Sunflower,2012-13,2012,final,19.697,26.953
New South Wales,summer,Sunflower,2013-14,2013,final,10.671,12.961
New South Wales,summer,Sunflower,2014-15,2014,final,10.693,17.125
New South Wales,summer,Sunflower,2015-16,2015,final,10.5,10.065
New South Wales,summer,Sunflower,2016-17,2016,final,8.0,10.902
New South Wales,summer,Sunflower,2017-18,2017,final,10.0,8.92
New South Wales,summer,Sunflower,2018-19,2018,final,5.326,3.018
New South Wales,summer,Sunflower,2019-20,2019,final,4.136,4.912
New South Wales,summer,Sunflower,2020-21,2020,final,9.069,13.615
New South Wales,summer,Sunflower,2021-22,2021,final,11.0,22.0
New South Wales,summer,Sunflower,2022-23,2022,estimate,20.0,32.0
New South Wales,summer,Sunflower,2023-24,2023,estimate,18.0,27.0
New South Wales,summer,Sunflower,2024-25,2024,estimate,18.0,28.0
New South Wales,summer,Sunflower,2025-26,2025,estimate,17.0,25.0
New South Wales,summer,Sunflower,2026-27,2026,forecast,16.0,20.0
New South Wales,winter,Barley,1989-90,1989,final,412.9,655.6
New South Wales,winter,Barley,1990-91,1990,final,463.3,822.5
New South Wales,winter,Barley,1991-92,1991,final,517.5,748.7
New South Wales,winter,Barley,1992-93,1992,final,559.7,1043.8
New South Wales,winter,Barley,1993-94,1993,final,622.979,1356.962
New South Wales,winter,Barley,1994-95,1994,final,409.785,291.499
New South Wales,winter,Barley,1995-96,1995,final,593.172,1073.647
New South Wales,winter,Barley,1996-97,1996,final,668.179,1483.044
New South Wales,winter,Barley,1997-98,1997,final,701.078,1364.66
New South Wales,winter,Barley,1998-99,1998,final,637.989,1247.372
New South Wales,winter,Barley,1999-00,1999,final,475.924,1040.305
New South Wales,winter,Barley,2000-01,2000,final,615.448,1253.309
New South Wales,winter,Barley,2001-02,2001,final,664.707,1382.297
New South Wales,winter,Barley,2002-03,2002,final,636.362,427.993
New South Wales,winter,Barley,2003-04,2003,final,951.032,1955.188
New South Wales,winter,Barley,2004-05,2004,final,1023.121,1760.708
New South Wales,winter,Barley,2005-06,2005,final,1103.066,2336.404
New South Wales,winter,Barley,2006-07,2006,final,901.737,753.014
New South Wales,winter,Barley,2007-08,2007,final,1048.959,814.344
New South Wales,winter,Barley,2008-09,2008,final,977.475,1449.399
New South Wales,winter,Barley,2009-10,2009,final,950.728,1236.248
New South Wales,winter,Barley,2010-11,2010,final,878.015,2193.564
New South Wales,winter,Barley,2011-12,2011,final,672.872,1425.036
New South Wales,winter,Barley,2012-13,2012,final,618.937,1286.325
New South Wales,winter,Barley,2013-14,2013,final,715.248,1485.537
New South Wales,winter,Barley,2014-15,2014,final,882.347,1868.86
New South Wales,winter,Barley,2015-16,2015,final,966.18,2527.655
New South Wales,winter,Barley,2016-17,2016,final,1056.379,2832.124
New South Wales,winter,Barley,2017-18,2017,final,763.47,1304.643
New South Wales,winter,Barley,2018-19,2018,final,667.931,909.089
New South Wales,winter,Barley,2019-20,2019,final,885.403,916.3
New South Wales,winter,Barley,2020-21,2020,final,1370.935,4257.988
New South Wales,winter,Barley,2021-22,2021,final,1158.588,3561.719
New South Wales,winter,Barley,2022-23,2022,estimate,780.0,2277.6
New South Wales,winter,Barley,2023-24,2023,estimate,800.0,1920.0
New South Wales,winter,Barley,2024-25,2024,estimate,1100.0,3400.0
New South Wales,winter,Barley,2025-26,2025,estimate,1100.0,3600.0
New South Wales,winter,Barley,2026-27,2026,forecast,1050.0,2900.0
New South Wales,winter,Canola,1989-90,1989,final,32.67,55.062
New South Wales,winter,Canola,1990-91,1990,final,56.581,81.456
New South Wales,winter,Canola,1991-92,1991,final,101.014,117.654
New South Wales,winter,Canola,1992-93,1992,final,70.452,133.024
New South Wales,winter,Canola,1993-94,1993,final,100.575,192.551
New South Wales,winter,Canola,1994-95,1994,final,152.877,73.188
New South Wales,winter,Canola,1995-96,1995,final,170.224,272.253
New South Wales,winter,Canola,1996-97,1996,final,172.739,330.8
New South Wales,winter,Canola,1997-98,1997,final,269.686,361.718
New South Wales,winter,Canola,1998-99,1998,final,371.767,623.137
New South Wales,winter,Canola,1999-00,1999,final,515.486,826.816
New South Wales,winter,Canola,2000-01,2000,final,523.354,835.709
New South Wales,winter,Canola,2001-02,2001,final,533.664,715.311
New South Wales,winter,Canola,2002-03,2002,final,489.844,183.953
New South Wales,winter,Canola,2003-04,2003,final,365.825,437.635
New South Wales,winter,Canola,2004-05,2004,final,434.093,468.332
New South Wales,winter,Canola,2005-06,2005,final,194.378,314.259
New South Wales,winter,Canola,2006-07,2006,final,282.81,54.429
New South Wales,winter,Canola,2007-08,2007,final,310.274,78.497
New South Wales,winter,Canola,2008-09,2008,final,299.831,227.542
New South Wales,winter,Canola,2009-10,2009,final,297.82,281.311
New South Wales,winter,Canola,2010-11,2010,final,478.61,805.219
New South Wales,winter,Canola,2011-12,2011,final,729.197,1091.898
New South Wales,winter,Canola,2012-13,2012,final,1025.31,1494.713
New South Wales,winter,Canola,2013-14,2013,final,672.915,922.414
New South Wales,winter,Canola,2014-15,2014,final,699.054,1013.708
New South Wales,winter,Canola,2015-16,2015,final,568.142,936.52
New South Wales,winter,Canola,2016-17,2016,final,785.551,1248.228
New South Wales,winter,Canola,2017-18,2017,final,860.012,892.699
New South Wales,winter,Canola,2018-19,2018,final,404.985,263.035
New South Wales,winter,Canola,2019-20,2019,final,327.076,206.199
New South Wales,winter,Canola,2020-21,2020,final,731.0,1532.184
New South Wales,winter,Canola,2021-22,2021,final,940.71,2114.144
New South Wales,winter,Canola,2022-23,2022,estimate,900.0,1800.0
New South Wales,winter,Canola,2023-24,2023,estimate,840.0,1600.0
New South Wales,winter,Canola,2024-25,2024,estimate,990.0,1900.0
New South Wales,winter,Canola,2025-26,2025,estimate,950.0,1600.0
New South Wales,winter,Canola,2026-27,2026,forecast,710.0,1200.0
New South Wales,winter,Chickpeas,1989-90,1989,final,21.624,20.682
New South Wales,winter,Chickpeas,1990-91,1990,final,39.458,56.45
New South Wales,winter,Chickpeas,1991-92,1991,final,85.403,52.957
New South Wales,winter,Chickpeas,1992-93,1992,final,28.098,24.655
New South Wales,winter,Chickpeas,1993-94,1993,final,26.362,28.616
New South Wales,winter,Chickpeas,1994-95,1994,final,20.236,7.609
New South Wales,winter,Chickpeas,1995-96,1995,final,31.403,30.623
New South Wales,winter,Chickpeas,1996-97,1996,final,31.216,40.795
New South Wales,winter,Chickpeas,1997-98,1997,final,50.855,46.366
New South Wales,winter,Chickpeas,1998-99,1998,final,74.704,52.83
New South Wales,winter,Chickpeas,1999-00,1999,final,66.304,85.608
New South Wales,winter,Chickpeas,2000-01,2000,final,124.456,80.29
New South Wales,winter,Chickpeas,2001-02,2001,final,136.614,164.753
New South Wales,winter,Chickpeas,2002-03,2002,final,87.503,45.931
New South Wales,winter,Chickpeas,2003-04,2003,final,107.593,113.165
New South Wales,winter,Chickpeas,2004-05,2004,final,63.789,88.412
New South Wales,winter,Chickpeas,2005-06,2005,final,62.371,72.929
New South Wales,winter,Chickpeas,2006-07,2006,final,176.093,160.494
New South Wales,winter,Chickpeas,2007-08,2007,final,214.5,201.5
New South Wales,winter,Chickpeas,2008-09,2008,final,199.317,291.761
New South Wales,winter,Chickpeas,2009-10,2009,final,252.254,303.761
New South Wales,winter,Chickpeas,2010-11,2010,final,403.566,307.045
New South Wales,winter,Chickpeas,2011-12,2011,final,243.532,361.118
New South Wales,winter,Chickpeas,2012-13,2012,final,280.3,379.0
New South Wales,winter,Chickpeas,2013-14,2013,final,219.8,250.6
New South Wales,winter,Chickpeas,2014-15,2014,final,209.3,282.2
New South Wales,winter,Chickpeas,2015-16,2015,final,397.92,489.368
New South Wales,winter,Chickpeas,2016-17,2016,final,480.0,792.0
New South Wales,winter,Chickpeas,2017-18,2017,final,450.0,407.0
New South Wales,winter,Chickpeas,2018-19,2018,final,58.569,22.185
New South Wales,winter,Chickpeas,2019-20,2019,final,66.355,24.367
New South Wales,winter,Chickpeas,2020-21,2020,final,337.956,566.786
New South Wales,winter,Chickpeas,2021-22,2021,final,280.0,504.0
New South Wales,winter,Chickpeas,2022-23,2022,estimate,160.0,192.0
New South Wales,winter,Chickpeas,2023-24,2023,estimate,150.0,165.0
New South Wales,winter,Chickpeas,2024-25,2024,estimate,580.0,1280.0
New South Wales,winter,Chickpeas,2025-26,2025,estimate,650.0,1180.0
New South Wales,winter,Chickpeas,2026-27,2026,forecast,345.0,450.0
New South Wales,winter,Faba beans,1989-90,1989,final,2.4,3.9
New South Wales,winter,Faba beans,1990-91,1990,final,3.5,6.2
New South Wales,winter,Faba beans,1991-92,1991,final,8.75,11.0
New South Wales,winter,Faba beans,1992-93,1992,final,16.0,28.0
New South Wales,winter,Faba beans,1993-94,1993,final,10.393,21.782
New South Wales,winter,Faba beans,1994-95,1994,final,7.647,6.563
New South Wales,winter,Faba beans,1995-96,1995,final,10.237,10.12
New South Wales,winter,Faba beans,1996-97,1996,final,9.128,18.465
New South Wales,winter,Faba beans,1997-98,1997,final,21.337,27.177
New South Wales,winter,Faba beans,1998-99,1998,final,25.584,26.228
New South Wales,winter,Faba beans,1999-00,1999,final,22.0,24.2
New South Wales,winter,Faba beans,2000-01,2000,final,44.108,60.745
New South Wales,winter,Faba beans,2001-02,2001,final,37.0,70.0
New South Wales,winter,Faba beans,2002-03,2002,final,17.0,18.0
New South Wales,winter,Faba beans,2003-04,2003,final,15.0,17.0
New South Wales,winter,Faba beans,2004-05,2004,final,40.0,70.0
New South Wales,winter,Faba beans,2005-06,2005,final,33.0,70.0
New South Wales,winter,Faba beans,2006-07,2006,final,38.07,54.264
New South Wales,winter,Faba beans,2007-08,2007,final,9.5,8.5
New South Wales,winter,Faba beans,2008-09,2008,final,28.897,35.082
New South Wales,winter,Faba beans,2009-10,2009,final,44.5,64.8
New South Wales,winter,Faba beans,2010-11,2010,final,32.885,64.652
New South Wales,winter,Faba beans,2011-12,2011,final,42.8,67.35
New South Wales,winter,Faba beans,2012-13,2012,final,54.4,123.4
New South Wales,winter,Faba beans,2013-14,2013,final,28.6,70.6
New South Wales,winter,Faba beans,2014-15,2014,final,32.7,76.8
New South Wales,winter,Faba beans,2015-16,2015,final,62.672,143.438
New South Wales,winter,Faba beans,2016-17,2016,final,30.0,78.0
New South Wales,winter,Faba beans,2017-18,2017,final,60.99,63.28
New South Wales,winter,Faba beans,2018-19,2018,final,9.605,7.923
New South Wales,winter,Faba beans,2019-20,2019,final,15.727,14.599
New South Wales,winter,Faba beans,2020-21,2020,final,48.053,86.987
New South Wales,winter,Faba beans,2021-22,2021,final,40.0,100.0
New South Wales,winter,Faba beans,2022-23,2022,estimate,70.0,126.0
New South Wales,winter,Faba beans,2023-24,2023,estimate,110.0,165.0
New South Wales,winter,Faba beans,2024-25,2024,estimate,160.0,400.0
New South Wales,winter,Faba beans,2025-26,2025,estimate,220.0,430.0
New South Wales,winter,Faba beans,2026-27,2026,forecast,150.0,285.0
New South Wales,winter,Field peas,1989-90,1989,final,27.258,28.275
New South Wales,winter,Field peas,1990-91,1990,final,27.652,30.975
New South Wales,winter,Field peas,1991-92,1991,final,43.13,36.29
New South Wales,winter,Field peas,1992-93,1992,final,31.511,34.538
New South Wales,winter,Field peas,1993-94,1993,final,27.129,36.364
New South Wales,winter,Field peas,1994-95,1994,final,27.297,5.273
New South Wales,winter,Field peas,1995-96,1995,final,20.107,21.933
New South Wales,winter,Field peas,1996-97,1996,final,15.412,18.329
New South Wales,winter,Field peas,1997-98,1997,final,18.0,16.129
New South Wales,winter,Field peas,1998-99,1998,final,23.872,27.617
New South Wales,winter,Field peas,1999-00,1999,final,24.799,29.93
New South Wales,winter,Field peas,2000-01,2000,final,23.64,24.9
New South Wales,winter,Field peas,2001-02,2001,final,15.451,17.307
New South Wales,winter,Field peas,2002-03,2002,final,19.012,5.948
New South Wales,winter,Field peas,2003-04,2003,final,21.584,19.129
New South Wales,winter,Field peas,2004-05,2004,final,27.652,14.929
New South Wales,winter,Field peas,2005-06,2005,final,37.339,56.164
New South Wales,winter,Field peas,2006-07,2006,final,42.411,4.724
New South Wales,winter,Field peas,2007-08,2007,final,45.5,9.5
New South Wales,winter,Field peas,2008-09,2008,final,29.086,16.485
New South Wales,winter,Field peas,2009-10,2009,final,46.1,33.0
New South Wales,winter,Field peas,2010-11,2010,final,24.373,25.786
New South Wales,winter,Field peas,2011-12,2011,final,40.5,61.89
New South Wales,winter,Field peas,2012-13,2012,final,53.0,65.68
New South Wales,winter,Field peas,2013-14,2013,final,50.0,52.6
New South Wales,winter,Field peas,2014-15,2014,final,51.0,66.2
New South Wales,winter,Field peas,2015-16,2015,final,48.1,72.5
New South Wales,winter,Field peas,2016-17,2016,final,50.0,85.0
New South Wales,winter,Field peas,2017-18,2017,final,74.54,46.4
New South Wales,winter,Field peas,2018-19,2018,final,45.567,18.493
New South Wales,winter,Field peas,2019-20,2019,final,27.522,18.035
New South Wales,winter,Field peas,2020-21,2020,final,29.706,48.238
New South Wales,winter,Field peas,2021-22,2021,final,37.0,45.14
New South Wales,winter,Field peas,2022-23,2022,estimate,45.0,47.25
New South Wales,winter,Field peas,2023-24,2023,estimate,40.0,40.0
New South Wales,winter,Field peas,2024-25,2024,estimate,50.0,65.0
New South Wales,winter,Field peas,2025-26,2025,estimate,45.0,58.0
New South Wales,winter,Field peas,2026-27,2026,forecast,40.0,50.0
New South Wales,winter,Lentils,1989-90,1989,final,0.0,0.0
New South Wales,winter,Lentils,1990-91,1990,final,0.001,0.0
New South Wales,winter,Lentils,1991-92,1991,final,0.0,0.0
New South Wales,winter,Lentils,1992-93,1992,final,0.001,0.0
New South Wales,winter,Lentils,1993-94,1993,final,0.0,0.0
New South Wales,winter,Lentils,1994-95,1994,final,0.001,0.0
New South Wales,winter,Lentils,1995-96,1995,final,0.001,0.1
New South Wales,winter,Lentils,1996-97,1996,final,0.0,0.0
New South Wales,winter,Lentils,1997-98,1997,final,0.0,0.0
New South Wales,winter,Lentils,1998-99,1998,final,0.123,0.133
New South Wales,winter,Lentils,1999-00,1999,final,0.0,0.0
New South Wales,winter,Lentils,2000-01,2000,final,0.0,0.0
New South Wales,winter,Lentils,2001-02,2001,final,0.0,0.0
New South Wales,winter,Lentils,2002-03,2002,final,2.0,0.5
New South Wales,winter,Lentils,2003-04,2003,final,0.0,0.0
New South Wales,winter,Lentils,2004-05,2004,final,0.0,0.0
New South Wales,winter,Lentils,2005-06,2005,final,1.12,1.708
New South Wales,winter,Lentils,2006-07,2006,final,0.244,0.098
New South Wales,winter,Lentils,2007-08,2007,final,0.2,0.1
New South Wales,winter,Lentils,2008-09,2008,final,0.084,0.019
New South Wales,winter,Lentils,2009-10,2009,final,0.01,0.008
New South Wales,winter,Lentils,2010-11,2010,final,0.85,0.594
New South Wales,winter,Lentils,2011-12,2011,final,0.8,1.0
New South Wales,winter,Lentils,2012-13,2012,final,0.7,0.5
New South Wales,winter,Lentils,2013-14,2013,final,0.7,0.7
New South Wales,winter,Lentils,2014-15,2014,final,0.6,0.5
New South Wales,winter,Lentils,2015-16,2015,final,1.347,2.88
New South Wales,winter,Lentils,2016-17,2016,final,5.0,10.0
New South Wales,winter,Lentils,2017-18,2017,final,2.0,1.26
New South Wales,winter,Lentils,2018-19,2018,final,8.434,3.423
New South Wales,winter,Lentils,2019-20,2019,final,4.718,2.805
New South Wales,winter,Lentils,2020-21,2020,final,12.039,11.224
New South Wales,winter,Lentils,2021-22,2021,final,12.0,16.2
New South Wales,winter,Lentils,2022-23,2022,estimate,15.0,15.75
New South Wales,winter,Lentils,2023-24,2023,estimate,15.0,14.0
New South Wales,winter,Lentils,2024-25,2024,estimate,35.0,43.0
New South Wales,winter,Lentils,2025-26,2025,estimate,75.0,90.0
New South Wales,winter,Lentils,2026-27,2026,forecast,70.0,80.0
New South Wales,winter,Lupins,1989-90,1989,final,46.267,65.52
New South Wales,winter,Lupins,1990-91,1990,final,55.332,72.24
New South Wales,winter,Lupins,1991-92,1991,final,66.541,76.244
New South Wales,winter,Lupins,1992-93,1992,final,98.827,187.747
New South Wales,winter,Lupins,1993-94,1993,final,96.234,155.969
New South Wales,winter,Lupins,1994-95,1994,final,107.009,14.293
New South Wales,winter,Lupins,1995-96,1995,final,91.728,116.506
New South Wales,winter,Lupins,1996-97,1996,final,64.337,96.481
New South Wales,winter,Lupins,1997-98,1997,final,80.31,74.724
New South Wales,winter,Lupins,1998-99,1998,final,105.994,175.106
New South Wales,winter,Lupins,1999-00,1999,final,134.881,239.933
New South Wales,winter,Lupins,2000-01,2000,final,91.995,127.072
New South Wales,winter,Lupins,2001-02,2001,final,105.671,122.664
New South Wales,winter,Lupins,2002-03,2002,final,100.36,36.681
New South Wales,winter,Lupins,2003-04,2003,final,69.096,56.31
New South Wales,winter,Lupins,2004-05,2004,final,63.352,55.403
New South Wales,winter,Lupins,2005-06,2005,final,36.613,62.278
New South Wales,winter,Lupins,2006-07,2006,final,73.572,15.548
New South Wales,winter,Lupins,2007-08,2007,final,80.19,29.338
New South Wales,winter,Lupins,2008-09,2008,final,44.266,37.341
New South Wales,winter,Lupins,2009-10,2009,final,102.1,83.738
New South Wales,winter,Lupins,2010-11,2010,final,127.753,252.322
New South Wales,winter,Lupins,2011-12,2011,final,78.587,83.991
New South Wales,winter,Lupins,2012-13,2012,final,57.7,63.2
New South Wales,winter,Lupins,2013-14,2013,final,57.2,56.9
New South Wales,winter,Lupins,2014-15,2014,final,55.9,65.5
New South Wales,winter,Lupins,2015-16,2015,final,94.538,110.699
New South Wales,winter,Lupins,2016-17,2016,final,51.0,66.3
New South Wales,winter,Lupins,2017-18,2017,final,94.87,46.4
New South Wales,winter,Lupins,2018-19,2018,final,58.569,23.77
New South Wales,winter,Lupins,2019-20,2019,final,43.248,23.617
New South Wales,winter,Lupins,2020-21,2020,final,82.085,132.435
New South Wales,winter,Lupins,2021-22,2021,final,68.0,122.4
New South Wales,winter,Lupins,2022-23,2022,estimate,50.0,70.0
New South Wales,winter,Lupins,2023-24,2023,estimate,45.0,60.0
New South Wales,winter,Lupins,2024-25,2024,estimate,90.0,125.0
New South Wales,winter,Lupins,2025-26,2025,estimate,80.0,130.0
New South Wales,winter,Lupins,2026-27,2026,forecast,80.0,115.0
New South Wales,winter,Oats,1989-90,1989,final,365.2,503.5
New South Wales,winter,Oats,1990-91,1990,final,374.3,538.4
New South Wales,winter,Oats,1991-92,1991,final,456.7,578.8
New South Wales,winter,Oats,1992-93,1992,final,447.7,761.5
New South Wales,winter,Oats,1993-94,1993,final,368.977,617.799
New South Wales,winter,Oats,1994-95,1994,final,375.464,197.274
New South Wales,winter,Oats,1995-96,1995,final,505.062,711.152
New South Wales,winter,Oats,1996-97,1996,final,392.717,607.233
New South Wales,winter,Oats,1997-98,1997,final,324.881,488.207
New South Wales,winter,Oats,1998-99,1998,final,353.954,669.059
New South Wales,winter,Oats,1999-00,1999,final,159.73,283.711
New South Wales,winter,Oats,2000-01,2000,final,167.892,245.692
New South Wales,winter,Oats,2001-02,2001,final,230.919,320.389
New South Wales,winter,Oats,2002-03,2002,final,308.285,149.28
New South Wales,winter,Oats,2003-04,2003,final,449.166,610.153
New South Wales,winter,Oats,2004-05,2004,final,399.891,429.244
New South Wales,winter,Oats,2005-06,2005,final,416.387,633.038
New South Wales,winter,Oats,2006-07,2006,final,390.053,114.573
New South Wales,winter,Oats,2007-08,2007,final,464.35,193.194
New South Wales,winter,Oats,2008-09,2008,final,273.438,260.605
New South Wales,winter,Oats,2009-10,2009,final,306.892,210.945
New South Wales,winter,Oats,2010-11,2010,final,321.223,468.557
New South Wales,winter,Oats,2011-12,2011,final,236.267,257.557
New South Wales,winter,Oats,2012-13,2012,final,233.775,275.517
New South Wales,winter,Oats,2013-14,2013,final,267.875,283.326
New South Wales,winter,Oats,2014-15,2014,final,362.158,350.434
New South Wales,winter,Oats,2015-16,2015,final,277.807,382.563
New South Wales,winter,Oats,2016-17,2016,final,326.981,495.657
New South Wales,winter,Oats,2017-18,2017,final,365.955,229.353
New South Wales,winter,Oats,2018-19,2018,final,334.466,126.262
New South Wales,winter,Oats,2019-20,2019,final,264.454,183.159
New South Wales,winter,Oats,2020-21,2020,final,393.583,644.979
New South Wales,winter,Oats,2021-22,2021,final,248.05,344.449
New South Wales,winter,Oats,2022-23,2022,estimate,240.0,324.0
New South Wales,winter,Oats,2023-24,2023,estimate,250.0,265.0
New South Wales,winter,Oats,2024-25,2024,estimate,260.0,310.0
New South Wales,winter,Oats,2025-26,2025,estimate,283.69,350.0
New South Wales,winter,Oats,2026-27,2026,forecast,250.0,280.0
New South Wales,winter,Triticale,1989-90,1989,final,38.1,81.294
New South Wales,winter,Triticale,1990-91,1990,final,42.1,87.659
New South Wales,winter,Triticale,1991-92,1991,final,44.0,97.202
New South Wales,winter,Triticale,1992-93,1992,final,49.0,147.133
New South Wales,winter,Triticale,1993-94,1993,final,42.589,110.058
New South Wales,winter,Triticale,1994-95,1994,final,48.849,54.002
New South Wales,winter,Triticale,1995-96,1995,final,75.293,208.837
New South Wales,winter,Triticale,1996-97,1996,final,117.629,317.245
New South Wales,winter,Triticale,1997-98,1997,final,132.053,266.79
New South Wales,winter,Triticale,1998-99,1998,final,142.731,323.878
New South Wales,winter,Triticale,1999-00,1999,final,128.992,372.931
New South Wales,winter,Triticale,2000-01,2000,final,126.077,328.928
New South Wales,winter,Triticale,2001-02,2001,final,137.996,334.229
New South Wales,winter,Triticale,2002-03,2002,final,129.269,121.369
New South Wales,winter,Triticale,2003-04,2003,final,134.86,294.327
New South Wales,winter,Triticale,2004-05,2004,final,126.433,283.7
New South Wales,winter,Triticale,2005-06,2005,final,141.205,374.349
New South Wales,winter,Triticale,2006-07,2006,final,166.047,67.319
New South Wales,winter,Triticale,2007-08,2007,final,125.281,183.742
New South Wales,winter,Triticale,2008-09,2008,final,109.488,151.802
New South Wales,winter,Triticale,2009-10,2009,final,121.801,222.532
New South Wales,winter,Triticale,2010-11,2010,final,71.794,174.819
New South Wales,winter,Triticale,2011-12,2011,final,51.905,129.314
New South Wales,winter,Triticale,2012-13,2012,final,33.335,70.199
New South Wales,winter,Triticale,2013-14,2013,final,28.219,54.691
New South Wales,winter,Triticale,2014-15,2014,final,29.377,67.007
New South Wales,winter,Triticale,2015-16,2015,final,24.691,59.97
New South Wales,winter,Triticale,2016-17,2016,final,27.815,82.782
New South Wales,winter,Triticale,2017-18,2017,final,22.857,48.712
New South Wales,winter,Triticale,2018-19,2018,final,19.625,18.806
New South Wales,winter,Triticale,2019-20,2019,final,22.0,33.0
New South Wales,winter,Triticale,2020-21,2020,final,25.948,78.28
New South Wales,winter,Triticale,2021-22,2021,final,24.0,58.8
New South Wales,winter,Triticale,2022-23,2022,estimate,20.0,42.0
New South Wales,winter,Triticale,2023-24,2023,estimate,18.0,36.0
New South Wales,winter,Triticale,2024-25,2024,estimate,20.0,40.0
New South Wales,winter,Triticale,2025-26,2025,estimate,20.0,40.0
New South Wales,winter,Triticale,2026-27,2026,forecast,20.0,35.0
New South Wales,winter,Wheat,1989-90,1989,final,2123.4,3423.3
New South Wales,winter,Wheat,1990-91,1990,final,2165.8,4127.6
New South Wales,winter,Wheat,1991-92,1991,final,1499.3,2183.0
New South Wales,winter,Wheat,1992-93,1992,final,1694.0,3582.7
New South Wales,winter,Wheat,1993-94,1993,final,1977.7,5086.1
New South Wales,winter,Wheat,1994-95,1994,final,1423.8,874.6
New South Wales,winter,Wheat,1995-96,1995,final,2328.3,4508.4
New South Wales,winter,Wheat,1996-97,1996,final,3192.0,8363.4
New South Wales,winter,Wheat,1997-98,1997,final,2936.2,5906.4
New South Wales,winter,Wheat,1998-99,1998,final,3173.8,6563.3
New South Wales,winter,Wheat,1999-00,1999,final,3424.5,8601.9
New South Wales,winter,Wheat,2000-01,2000,final,3670.8,7867.3
New South Wales,winter,Wheat,2001-02,2001,final,3446.0,8042.8
New South Wales,winter,Wheat,2002-03,2002,final,2994.8,2494.9
New South Wales,winter,Wheat,2003-04,2003,final,3983.4,7288.2
New South Wales,winter,Wheat,2004-05,2004,final,4256.3,7537.4
New South Wales,winter,Wheat,2005-06,2005,final,3554.1,8049.0
New South Wales,winter,Wheat,2006-07,2006,final,3595.8,2567.7
New South Wales,winter,Wheat,2007-08,2007,final,4008.9,2477.1
New South Wales,winter,Wheat,2008-09,2008,final,4322.2,6963.3
New South Wales,winter,Wheat,2009-10,2009,final,3982.6,5349.8
New South Wales,winter,Wheat,2010-11,2010,final,3814.7,10488.4
New South Wales,winter,Wheat,2011-12,2011,final,3868.354,8472.914
New South Wales,winter,Wheat,2012-13,2012,final,3487.448,7364.882
New South Wales,winter,Wheat,2013-14,2013,final,3269.386,6595.626
New South Wales,winter,Wheat,2014-15,2014,final,3166.039,6653.67
New South Wales,winter,Wheat,2015-16,2015,final,2932.741,6897.527
New South Wales,winter,Wheat,2016-17,2016,final,3248.417,9819.12
New South Wales,winter,Wheat,2017-18,2017,final,2793.456,4702.842
New South Wales,winter,Wheat,2018-19,2018,final,2381.953,1850.335
New South Wales,winter,Wheat,2019-20,2019,final,2132.016,1772.365
New South Wales,winter,Wheat,2020-21,2020,final,4037.001,12972.151
New South Wales,winter,Wheat,2021-22,2021,final,3607.705,12029.415
New South Wales,winter,Wheat,2022-23,2022,estimate,3600.0,10620.0
New South Wales,winter,Wheat,2023-24,2023,estimate,3300.0,7095.0
New South Wales,winter,Wheat,2024-25,2024,estimate,3900.0,12900.0
New South Wales,winter,Wheat,2025-26,2025,estimate,3600.0,11200.0
New South Wales,winter,Wheat,2026-27,2026,forecast,3000.0,7700.0
Queensland,summer,Corn (maize),1989-90,1989,final,34.2,114.6
Queensland,summer,Corn (maize),1990-91,1990,final,29.3,94.9
Queensland,summer,Corn (maize),1991-92,1991,final,33.7,141.2
Queensland,summer,Corn (maize),1992-93,1992,final,27.2,74.6
Queensland,summer,Corn (maize),1993-94,1993,final,27.618,87.118
Queensland,summer,Corn (maize),1994-95,1994,final,27.179,79.886
Queensland,summer,Corn (maize),1995-96,1995,final,30.968,113.6
Queensland,summer,Corn (maize),1996-97,1996,final,34.21,129.892
Queensland,summer,Corn (maize),1997-98,1997,final,33.577,96.855
Queensland,summer,Corn (maize),1998-99,1998,final,36.731,144.909
Queensland,summer,Corn (maize),1999-00,1999,final,59.386,223.619
Queensland,summer,Corn (maize),2000-01,2000,final,46.559,159.061
Queensland,summer,Corn (maize),2001-02,2001,final,53.255,198.358
Queensland,summer,Corn (maize),2002-03,2002,final,27.594,130.919
Queensland,summer,Corn (maize),2003-04,2003,final,47.665,210.588
Queensland,summer,Corn (maize),2004-05,2004,final,45.625,173.478
Queensland,summer,Corn (maize),2005-06,2005,final,34.138,129.124
Queensland,summer,Corn (maize),2006-07,2006,final,27.215,92.417
Queensland,summer,Corn (maize),2007-08,2007,final,45.0,198.0
Queensland,summer,Corn (maize),2008-09,2008,final,49.264,254.917
Queensland,summer,Corn (maize),2009-10,2009,final,37.0,146.0
Queensland,summer,Corn (maize),2010-11,2010,final,37.025,171.478
Queensland,summer,Corn (maize),2011-12,2011,final,42.86,216.915
Queensland,summer,Corn (maize),2012-13,2012,final,40.0,213.0
Queensland,summer,Corn (maize),2013-14,2013,final,26.159,137.245
Queensland,summer,Corn (maize),2014-15,2014,final,30.72,182.983
Queensland,summer,Corn (maize),2015-16,2015,final,30.088,163.901
Queensland,summer,Corn (maize),2016-17,2016,final,35.312,146.237
Queensland,summer,Corn (maize),2017-18,2017,final,25.7,114.64
Queensland,summer,Corn (maize),2018-19,2018,final,28.281,88.033
Queensland,summer,Corn (maize),2019-20,2019,final,16.983,57.715
Queensland,summer,Corn (maize),2020-21,2020,final,16.6,65.856
Queensland,summer,Corn (maize),2021-22,2021,final,24.0,129.268
Queensland,summer,Corn (maize),2022-23,2022,estimate,20.0,110.0
Queensland,summer,Corn (maize),2023-24,2023,estimate,13.0,67.0
Queensland,summer,Corn (maize),2024-25,2024,estimate,10.0,60.0
Queensland,summer,Corn (maize),2025-26,2025,estimate,10.5,53.0
Queensland,summer,Corn (maize),2026-27,2026,forecast,10.0,47.0
Queensland,summer,Cotton lint,1989-90,1989,final,64.8,69.79
Queensland,summer,Cotton lint,1990-91,1990,final,77.0,108.031
Queensland,summer,Cotton lint,1991-92,1991,final,87.0,146.856
Queensland,summer,Cotton lint,1992-93,1992,final,82.0,107.748
Queensland,summer,Cotton lint,1993-94,1993,final,84.0,94.332
Queensland,summer,Cotton lint,1994-95,1994,final,89.0,124.778
Queensland,summer,Cotton lint,1995-96,1995,final,118.4,150.368
Queensland,summer,Cotton lint,1996-97,1996,final,119.105,167.104
Queensland,summer,Cotton lint,1997-98,1997,final,138.84,190.35
Queensland,summer,Cotton lint,1998-99,1998,final,179.85,241.179
Queensland,summer,Cotton lint,1999-00,1999,final,151.305,247.838
Queensland,summer,Cotton lint,2000-01,2000,final,199.35,285.469
Queensland,summer,Cotton lint,2001-02,2001,final,119.28,190.132
Queensland,summer,Cotton lint,2002-03,2002,final,59.265,84.749
Queensland,summer,Cotton lint,2003-04,2003,final,100.82,169.418
Queensland,summer,Cotton lint,2004-05,2004,final,158.05,297.346
Queensland,summer,Cotton lint,2005-06,2005,final,121.248,193.597
Queensland,summer,Cotton lint,2006-07,2006,final,34.874,59.641
Queensland,summer,Cotton lint,2007-08,2007,final,21.446,39.986
Queensland,summer,Cotton lint,2008-09,2008,final,76.005,151.015
Queensland,summer,Cotton lint,2009-10,2009,final,84.499,130.908
Queensland,summer,Cotton lint,2010-11,2010,final,242.45,338.526
Queensland,summer,Cotton lint,2011-12,2011,final,241.118,470.219
Queensland,summer,Cotton lint,2012-13,2012,final,158.5,346.0
Queensland,summer,Cotton lint,2013-14,2013,final,136.0,297.503
Queensland,summer,Cotton lint,2014-15,2014,final,73.0,193.807
Queensland,summer,Cotton lint,2015-16,2015,final,107.0,234.063
Queensland,summer,Cotton lint,2016-17,2016,final,187.0,315.6
Queensland,summer,Cotton lint,2017-18,2017,final,175.14,319.87
Queensland,summer,Cotton lint,2018-19,2018,final,128.91,163.53
Queensland,summer,Cotton lint,2019-20,2019,final,14.766,30.846
Queensland,summer,Cotton lint,2020-21,2020,final,104.62,222.38
Queensland,summer,Cotton lint,2021-22,2021,final,214.155,422.107
Queensland,summer,Cotton lint,2022-23,2022,estimate,218.91,511.68
Queensland,summer,Cotton lint,2023-24,2023,estimate,121.606,293.138
Queensland,summer,Cotton lint,2024-25,2024,estimate,162.095,410.156
Queensland,summer,Cotton lint,2025-26,2025,estimate,144.03,348.151
Queensland,summer,Cotton lint,2026-27,2026,forecast,107.813,254.08
Queensland,summer,Cottonseed,1989-90,1989,final,64.8,113.0
Queensland,summer,Cottonseed,1990-91,1990,final,77.0,160.0
Queensland,summer,Cottonseed,1991-92,1991,final,87.0,186.0
Queensland,summer,Cottonseed,1992-93,1992,final,82.0,162.4
Queensland,summer,Cottonseed,1993-94,1993,final,84.0,131.3
Queensland,summer,Cottonseed,1994-95,1994,final,89.0,187.1
Queensland,summer,Cottonseed,1995-96,1995,final,118.4,212.4
Queensland,summer,Cottonseed,1996-97,1996,final,119.105,232.634
Queensland,summer,Cottonseed,1997-98,1997,final,138.84,269.033
Queensland,summer,Cottonseed,1998-99,1998,final,179.85,346.901
Queensland,summer,Cottonseed,1999-00,1999,final,151.305,350.426
Queensland,summer,Cottonseed,2000-01,2000,final,199.35,399.488
Queensland,summer,Cottonseed,2001-02,2001,final,119.28,276.391
Queensland,summer,Cottonseed,2002-03,2002,final,59.265,120.498
Queensland,summer,Cottonseed,2003-04,2003,final,100.82,239.572
Queensland,summer,Cottonseed,2004-05,2004,final,158.05,420.475
Queensland,summer,Cottonseed,2005-06,2005,final,121.248,273.765
Queensland,summer,Cottonseed,2006-07,2006,final,34.874,76.734
Queensland,summer,Cottonseed,2007-08,2007,final,21.446,56.544
Queensland,summer,Cottonseed,2008-09,2008,final,76.005,213.55
Queensland,summer,Cottonseed,2009-10,2009,final,84.499,185.116
Queensland,summer,Cottonseed,2010-11,2010,final,242.45,464.21
Queensland,summer,Cottonseed,2011-12,2011,final,241.118,621.993
Queensland,summer,Cottonseed,2012-13,2012,final,158.5,396.656
Queensland,summer,Cottonseed,2013-14,2013,final,136.0,341.059
Queensland,summer,Cottonseed,2014-15,2014,final,73.0,222.181
Queensland,summer,Cottonseed,2015-16,2015,final,107.0,268.331
Queensland,summer,Cottonseed,2016-17,2016,final,187.0,361.805
Queensland,summer,Cottonseed,2017-18,2017,final,175.14,366.7
Queensland,summer,Cottonseed,2018-19,2018,final,128.91,193.952
Queensland,summer,Cottonseed,2019-20,2019,final,14.766,35.361
Queensland,summer,Cottonseed,2020-21,2020,final,104.62,254.937
Queensland,summer,Cottonseed,2021-22,2021,final,214.155,507.87
Queensland,summer,Cottonseed,2022-23,2022,estimate,218.91,586.591
Queensland,summer,Cottonseed,2023-24,2023,estimate,121.606,336.054
Queensland,summer,Cottonseed,2024-25,2024,estimate,162.095,470.205
Queensland,summer,Cottonseed,2025-26,2025,estimate,144.03,399.121
Queensland,summer,Cottonseed,2026-27,2026,forecast,107.813,291.278
Queensland,summer,Grain sorghum,1989-90,1989,final,237.6,577.647
Queensland,summer,Grain sorghum,1990-91,1990,final,290.977,557.779
Queensland,summer,Grain sorghum,1991-92,1991,final,419.811,1044.811
Queensland,summer,Grain sorghum,1992-93,1992,final,308.065,315.36
Queensland,summer,Grain sorghum,1993-94,1993,final,398.746,851.594
Queensland,summer,Grain sorghum,1994-95,1994,final,519.246,916.472
Queensland,summer,Grain sorghum,1995-96,1995,final,596.824,1115.639
Queensland,summer,Grain sorghum,1996-97,1996,final,423.892,1003.334
Queensland,summer,Grain sorghum,1997-98,1997,final,379.195,690.42
Queensland,summer,Grain sorghum,1998-99,1998,final,366.583,1059.4
Queensland,summer,Grain sorghum,1999-00,1999,final,418.57,1307.754
Queensland,summer,Grain sorghum,2000-01,2000,final,494.278,1155.86
Queensland,summer,Grain sorghum,2001-02,2001,final,562.138,1247.259
Queensland,summer,Grain sorghum,2002-03,2002,final,405.129,929.693
Queensland,summer,Grain sorghum,2003-04,2003,final,519.288,1296.325
Queensland,summer,Grain sorghum,2004-05,2004,final,543.51,1163.509
Queensland,summer,Grain sorghum,2005-06,2005,final,436.43,1038.439
Queensland,summer,Grain sorghum,2006-07,2006,final,449.18,896.405
Queensland,summer,Grain sorghum,2007-08,2007,final,661.228,2518.818
Queensland,summer,Grain sorghum,2008-09,2008,final,538.215,1770.62
Queensland,summer,Grain sorghum,2009-10,2009,final,333.408,926.167
Queensland,summer,Grain sorghum,2010-11,2010,final,434.769,1182.799
Queensland,summer,Grain sorghum,2011-12,2011,final,435.533,1416.28
Queensland,summer,Grain sorghum,2012-13,2012,final,431.0,1475.0
Queensland,summer,Grain sorghum,2013-14,2013,final,355.615,860.383
Queensland,summer,Grain sorghum,2014-15,2014,final,546.739,1618.388
Queensland,summer,Grain sorghum,2015-16,2015,final,363.102,1177.451
Queensland,summer,Grain sorghum,2016-17,2016,final,249.866,604.274
Queensland,summer,Grain sorghum,2017-18,2017,final,352.373,974.481
Queensland,summer,Grain sorghum,2018-19,2018,final,393.572,926.27
Queensland,summer,Grain sorghum,2019-20,2019,final,159.035,313.206
Queensland,summer,Grain sorghum,2020-21,2020,final,422.49,1071.74
Queensland,summer,Grain sorghum,2021-22,2021,final,427.576,1717.177
Queensland,summer,Grain sorghum,2022-23,2022,estimate,490.0,1813.0
Queensland,summer,Grain sorghum,2023-24,2023,estimate,415.0,1500.0
Queensland,summer,Grain sorghum,2024-25,2024,estimate,405.0,1830.0
Queensland,summer,Grain sorghum,2025-26,2025,estimate,450.0,1725.0
Queensland,summer,Grain sorghum,2026-27,2026,forecast,400.0,1300.0
Queensland,summer,Rice,1989-90,1989,final,5.0,30.0
Queensland,summer,Rice,1990-91,1990,final,4.0,21.0
Queensland,summer,Rice,1991-92,1991,final,4.0,28.0
Queensland,summer,Rice,1992-93,1992,final,2.0,12.0
Queensland,summer,Rice,1993-94,1993,final,0.0,0.0
Queensland,summer,Rice,1994-95,1994,final,0.0,0.0
Queensland,summer,Rice,1995-96,1995,final,0.0,0.0
Queensland,summer,Rice,1996-97,1996,final,0.0,0.0
Queensland,summer,Rice,1997-98,1997,final,0.0,0.0
Queensland,summer,Rice,1998-99,1998,final,0.0,0.0
Queensland,summer,Rice,1999-00,1999,final,0.0,0.0
Queensland,summer,Rice,2000-01,2000,final,0.0,0.0
Queensland,summer,Rice,2001-02,2001,final,0.0,0.0
Queensland,summer,Rice,2002-03,2002,final,0.0,0.0
Queensland,summer,Rice,2003-04,2003,final,0.0,0.0
Queensland,summer,Rice,2004-05,2004,final,0.0,0.0
Queensland,summer,Rice,2005-06,2005,final,0.0,0.0
Queensland,summer,Rice,2006-07,2006,final,0.0,0.0
Queensland,summer,Rice,2007-08,2007,final,0.0,0.0
Queensland,summer,Rice,2008-09,2008,final,0.0,0.0
Queensland,summer,Rice,2009-10,2009,final,0.451,1.872
Queensland,summer,Rice,2010-11,2010,final,0.369,2.299
Queensland,summer,Rice,2011-12,2011,final,0.292,0.186
Queensland,summer,Rice,2012-13,2012,final,0.137,0.009
Queensland,summer,Rice,2013-14,2013,final,0.734,0.225
Queensland,summer,Rice,2014-15,2014,final,0.006,0.035
Queensland,summer,Rice,2015-16,2015,final,1.65,11.11
Queensland,summer,Rice,2016-17,2016,final,0.118,0.566
Queensland,summer,Rice,2017-18,2017,final,1.023,6.882
Queensland,summer,Rice,2018-19,2018,final,0.764,5.124
Queensland,summer,Rice,2019-20,2019,final,0.637,3.591
Queensland,summer,Rice,2020-21,2020,final,0.699,4.069
Queensland,summer,Rice,2021-22,2021,final,0.623,3.317
Queensland,summer,Rice,2022-23,2022,estimate,0.56,2.985
Queensland,summer,Rice,2023-24,2023,estimate,0.4,2.02
Queensland,summer,Rice,2024-25,2024,estimate,0.4,2.25
Queensland,summer,Rice,2025-26,2025,estimate,0.4,2.25
Queensland,summer,Rice,2026-27,2026,forecast,0.2,1.08
Queensland,summer,Soybeans,1989-90,1989,final,32.898,49.755
Queensland,summer,Soybeans,1990-91,1990,final,25.504,33.77
Queensland,summer,Soybeans,1991-92,1991,final,15.808,31.689
Queensland,summer,Soybeans,1992-93,1992,final,16.417,18.286
Queensland,summer,Soybeans,1993-94,1993,final,16.532,29.235
Queensland,summer,Soybeans,1994-95,1994,final,6.592,7.765
Queensland,summer,Soybeans,1995-96,1995,final,10.073,18.598
Queensland,summer,Soybeans,1996-97,1996,final,15.499,24.347
Queensland,summer,Soybeans,1997-98,1997,final,11.322,15.516
Queensland,summer,Soybeans,1998-99,1998,final,24.145,46.031
Queensland,summer,Soybeans,1999-00,1999,final,22.359,41.744
Queensland,summer,Soybeans,2000-01,2000,final,11.622,14.43
Queensland,summer,Soybeans,2001-02,2001,final,10.89,17.781
Queensland,summer,Soybeans,2002-03,2002,final,3.511,5.034
Queensland,summer,Soybeans,2003-04,2003,final,11.64,21.913
Queensland,summer,Soybeans,2004-05,2004,final,9.191,11.237
Queensland,summer,Soybeans,2005-06,2005,final,7.793,13.506
Queensland,summer,Soybeans,2006-07,2006,final,2.749,5.377
Queensland,summer,Soybeans,2007-08,2007,final,8.0,20.93
Queensland,summer,Soybeans,2008-09,2008,final,18.879,41.361
Queensland,summer,Soybeans,2009-10,2009,final,13.475,16.4
Queensland,summer,Soybeans,2010-11,2010,final,3.911,7.8
Queensland,summer,Soybeans,2011-12,2011,final,11.521,20.184
Queensland,summer,Soybeans,2012-13,2012,final,10.768,18.398
Queensland,summer,Soybeans,2013-14,2013,final,4.938,7.256
Queensland,summer,Soybeans,2014-15,2014,final,6.636,11.256
Queensland,summer,Soybeans,2015-16,2015,final,7.0,8.256
Queensland,summer,Soybeans,2016-17,2016,final,5.0,6.808
Queensland,summer,Soybeans,2017-18,2017,final,7.46,10.244
Queensland,summer,Soybeans,2018-19,2018,final,4.207,7.49
Queensland,summer,Soybeans,2019-20,2019,final,3.55,8.835
Queensland,summer,Soybeans,2020-21,2020,final,8.651,17.776
Queensland,summer,Soybeans,2021-22,2021,final,8.0,15.0
Queensland,summer,Soybeans,2022-23,2022,estimate,6.2,15.5
Queensland,summer,Soybeans,2023-24,2023,estimate,6.0,16.8
Queensland,summer,Soybeans,2024-25,2024,estimate,8.5,17.85
Queensland,summer,Soybeans,2025-26,2025,estimate,9.5,19.5
Queensland,summer,Soybeans,2026-27,2026,forecast,8.0,16.0
Queensland,summer,Sunflower,1989-90,1989,final,33.095,32.99
Queensland,summer,Sunflower,1990-91,1990,final,105.842,88.331
Queensland,summer,Sunflower,1991-92,1991,final,47.397,42.991
Queensland,summer,Sunflower,1992-93,1992,final,32.009,16.889
Queensland,summer,Sunflower,1993-94,1993,final,70.41,52.214
Queensland,summer,Sunflower,1994-95,1994,final,84.64,55.956
Queensland,summer,Sunflower,1995-96,1995,final,46.049,27.427
Queensland,summer,Sunflower,1996-97,1996,final,95.75,95.174
Queensland,summer,Sunflower,1997-98,1997,final,76.887,66.07
Queensland,summer,Sunflower,1998-99,1998,final,113.329,114.892
Queensland,summer,Sunflower,1999-00,1999,final,119.536,107.827
Queensland,summer,Sunflower,2000-01,2000,final,64.315,56.971
Queensland,summer,Sunflower,2001-02,2001,final,47.976,33.25
Queensland,summer,Sunflower,2002-03,2002,final,24.527,12.289
Queensland,summer,Sunflower,2003-04,2003,final,45.917,29.054
Queensland,summer,Sunflower,2004-05,2004,final,16.771,11.437
Queensland,summer,Sunflower,2005-06,2005,final,8.392,8.198
Queensland,summer,Sunflower,2006-07,2006,final,5.324,2.709
Queensland,summer,Sunflower,2007-08,2007,final,20.1,31.95
Queensland,summer,Sunflower,2008-09,2008,final,17.447,19.47
Queensland,summer,Sunflower,2009-10,2009,final,7.7,9.6
Queensland,summer,Sunflower,2010-11,2010,final,10.216,9.566
Queensland,summer,Sunflower,2011-12,2011,final,11.521,10.868
Queensland,summer,Sunflower,2012-13,2012,final,10.768,9.907
Queensland,summer,Sunflower,2013-14,2013,final,4.938,3.907
Queensland,summer,Sunflower,2014-15,2014,final,9.419,8.844
Queensland,summer,Sunflower,2015-16,2015,final,9.2,6.084
Queensland,summer,Sunflower,2016-17,2016,final,5.0,3.404
Queensland,summer,Sunflower,2017-18,2017,final,4.197,4.655
Queensland,summer,Sunflower,2018-19,2018,final,3.995,4.792
Queensland,summer,Sunflower,2019-20,2019,final,3.55,5.522
Queensland,summer,Sunflower,2020-21,2020,final,8.882,11.129
Queensland,summer,Sunflower,2021-22,2021,final,8.3,7.8
Queensland,summer,Sunflower,2022-23,2022,estimate,5.0,5.0
Queensland,summer,Sunflower,2023-24,2023,estimate,3.0,5.0
Queensland,summer,Sunflower,2024-25,2024,estimate,4.0,6.8
Queensland,summer,Sunflower,2025-26,2025,estimate,5.0,8.0
Queensland,summer,Sunflower,2026-27,2026,forecast,4.6,7.2
Queensland,winter,Barley,1989-90,1989,final,179.4,320.7
Queensland,winter,Barley,1990-91,1990,final,176.9,360.8
Queensland,winter,Barley,1991-92,1991,final,127.8,70.1
Queensland,winter,Barley,1992-93,1992,final,189.3,285.2
Queensland,winter,Barley,1993-94,1993,final,232.217,260.539
Queensland,winter,Barley,1994-95,1994,final,93.477,72.845
Queensland,winter,Barley,1995-96,1995,final,167.847,195.028
Queensland,winter,Barley,1996-97,1996,final,180.214,428.597
Queensland,winter,Barley,1997-98,1997,final,135.258,204.48
Queensland,winter,Barley,1998-99,1998,final,163.294,320.392
Queensland,winter,Barley,1999-00,1999,final,129.884,253.786
Queensland,winter,Barley,2000-01,2000,final,111.949,114.985
Queensland,winter,Barley,2001-02,2001,final,96.414,170.725
Queensland,winter,Barley,2002-03,2002,final,107.865,148.306
Queensland,winter,Barley,2003-04,2003,final,151.189,263.122
Queensland,winter,Barley,2004-05,2004,final,97.222,177.776
Queensland,winter,Barley,2005-06,2005,final,129.329,165.984
Queensland,winter,Barley,2006-07,2006,final,80.515,78.96
Queensland,winter,Barley,2007-08,2007,final,112.923,142.846
Queensland,winter,Barley,2008-09,2008,final,91.866,173.036
Queensland,winter,Barley,2009-10,2009,final,68.543,113.077
Queensland,winter,Barley,2010-11,2010,final,93.969,146.178
Queensland,winter,Barley,2011-12,2011,final,79.979,191.021
Queensland,winter,Barley,2012-13,2012,final,89.655,170.208
Queensland,winter,Barley,2013-14,2013,final,105.76,179.535
Queensland,winter,Barley,2014-15,2014,final,125.477,253.191
Queensland,winter,Barley,2015-16,2015,final,137.699,372.361
Queensland,winter,Barley,2016-17,2016,final,148.991,435.727
Queensland,winter,Barley,2017-18,2017,final,104.89,187.84
Queensland,winter,Barley,2018-19,2018,final,99.476,132.008
Queensland,winter,Barley,2019-20,2019,final,80.482,80.075
Queensland,winter,Barley,2020-21,2020,final,227.397,434.362
Queensland,winter,Barley,2021-22,2021,final,207.315,617.25
Queensland,winter,Barley,2022-23,2022,estimate,136.0,403.0
Queensland,winter,Barley,2023-24,2023,estimate,150.0,300.0
Queensland,winter,Barley,2024-25,2024,estimate,185.0,535.0
Queensland,winter,Barley,2025-26,2025,estimate,175.0,515.0
Queensland,winter,Barley,2026-27,2026,forecast,155.0,355.0
Queensland,winter,Canola,1989-90,1989,final,0.5,0.49
Queensland,winter,Canola,1990-91,1990,final,0.0,0.0
Queensland,winter,Canola,1991-92,1991,final,3.347,0.793
Queensland,winter,Canola,1992-93,1992,final,0.307,0.184
Queensland,winter,Canola,1993-94,1993,final,0.054,0.024
Queensland,winter,Canola,1994-95,1994,final,0.095,0.009
Queensland,winter,Canola,1995-96,1995,final,0.241,0.105
Queensland,winter,Canola,1996-97,1996,final,0.018,0.013
Queensland,winter,Canola,1997-98,1997,final,0.23,0.123
Queensland,winter,Canola,1998-99,1998,final,0.75,0.827
Queensland,winter,Canola,1999-00,1999,final,0.0,0.0
Queensland,winter,Canola,2000-01,2000,final,2.662,1.303
Queensland,winter,Canola,2001-02,2001,final,1.256,1.465
Queensland,winter,Canola,2002-03,2002,final,0.02,0.017
Queensland,winter,Canola,2003-04,2003,final,0.0,0.0
Queensland,winter,Canola,2004-05,2004,final,0.292,0.266
Queensland,winter,Canola,2005-06,2005,final,0.903,0.74
Queensland,winter,Canola,2006-07,2006,final,1.99,0.656
Queensland,winter,Canola,2007-08,2007,final,2.254,0.282
Queensland,winter,Canola,2008-09,2008,final,2.687,2.149
Queensland,winter,Canola,2009-10,2009,final,2.751,1.159
Queensland,winter,Canola,2010-11,2010,final,1.801,2.378
Queensland,winter,Canola,2011-12,2011,final,1.326,1.437
Queensland,winter,Canola,2012-13,2012,final,0.716,0.652
Queensland,winter,Canola,2013-14,2013,final,2.294,0.896
Queensland,winter,Canola,2014-15,2014,final,0.855,0.416
Queensland,winter,Canola,2015-16,2015,final,2.021,2.798
Queensland,winter,Canola,2016-17,2016,final,0.014,0.028
Queensland,winter,Canola,2017-18,2017,final,0.67,0.25
Queensland,winter,Canola,2018-19,2018,final,1.161,0.348
Queensland,winter,Canola,2019-20,2019,final,0.86,0.938
Queensland,winter,Canola,2020-21,2020,final,1.336,1.189
Queensland,winter,Canola,2021-22,2021,final,2.349,4.728
Queensland,winter,Canola,2022-23,2022,estimate,5.0,10.0
Queensland,winter,Canola,2023-24,2023,estimate,4.0,4.0
Queensland,winter,Canola,2024-25,2024,estimate,6.0,11.0
Queensland,winter,Canola,2025-26,2025,estimate,6.8,12.5
Queensland,winter,Canola,2026-27,2026,forecast,5.5,7.5
Queensland,winter,Chickpeas,1989-90,1989,final,40.862,42.07
Queensland,winter,Chickpeas,1990-91,1990,final,72.184,87.607
Queensland,winter,Chickpeas,1991-92,1991,final,58.2,36.599
Queensland,winter,Chickpeas,1992-93,1992,final,32.461,14.167
Queensland,winter,Chickpeas,1993-94,1993,final,7.425,4.21
Queensland,winter,Chickpeas,1994-95,1994,final,18.895,7.777
Queensland,winter,Chickpeas,1995-96,1995,final,26.292,13.128
Queensland,winter,Chickpeas,1996-97,1996,final,20.799,26.375
Queensland,winter,Chickpeas,1997-98,1997,final,27.772,23.436
Queensland,winter,Chickpeas,1998-99,1998,final,41.475,33.849
Queensland,winter,Chickpeas,1999-00,1999,final,46.183,45.939
Queensland,winter,Chickpeas,2000-01,2000,final,71.024,55.999
Queensland,winter,Chickpeas,2001-02,2001,final,64.552,75.356
Queensland,winter,Chickpeas,2002-03,2002,final,83.954,76.077
Queensland,winter,Chickpeas,2003-04,2003,final,73.461,69.981
Queensland,winter,Chickpeas,2004-05,2004,final,26.9,32.458
Queensland,winter,Chickpeas,2005-06,2005,final,39.235,39.681
Queensland,winter,Chickpeas,2006-07,2006,final,60.431,60.595
Queensland,winter,Chickpeas,2007-08,2007,final,66.0,83.0
Queensland,winter,Chickpeas,2008-09,2008,final,85.5,126.022
Queensland,winter,Chickpeas,2009-10,2009,final,124.946,145.774
Queensland,winter,Chickpeas,2010-11,2010,final,199.218,138.868
Queensland,winter,Chickpeas,2011-12,2011,final,148.925,220.87
Queensland,winter,Chickpeas,2012-13,2012,final,218.0,356.6
Queensland,winter,Chickpeas,2013-14,2013,final,216.0,296.3
Queensland,winter,Chickpeas,2014-15,2014,final,165.0,201.0
Queensland,winter,Chickpeas,2015-16,2015,final,251.595,370.58
Queensland,winter,Chickpeas,2016-17,2016,final,550.0,1150.0
Queensland,winter,Chickpeas,2017-18,2017,final,507.062,467.007
Queensland,winter,Chickpeas,2018-19,2018,final,164.975,117.673
Queensland,winter,Chickpeas,2019-20,2019,final,170.785,162.082
Queensland,winter,Chickpeas,2020-21,2020,final,213.754,250.901
Queensland,winter,Chickpeas,2021-22,2021,final,293.25,500.75
Queensland,winter,Chickpeas,2022-23,2022,estimate,200.0,292.0
Queensland,winter,Chickpeas,2023-24,2023,estimate,220.0,280.0
Queensland,winter,Chickpeas,2024-25,2024,estimate,420.0,950.0
Queensland,winter,Chickpeas,2025-26,2025,estimate,505.0,975.0
Queensland,winter,Chickpeas,2026-27,2026,forecast,380.0,570.0
Queensland,winter,Faba beans,1989-90,1989,final,0.0,0.0
Queensland,winter,Faba beans,1990-91,1990,final,0.0,0.0
Queensland,winter,Faba beans,1991-92,1991,final,0.0,0.0
Queensland,winter,Faba beans,1992-93,1992,final,0.0,0.0
Queensland,winter,Faba beans,1993-94,1993,final,0.223,0.648
Queensland,winter,Faba beans,1994-95,1994,final,1.408,0.661
Queensland,winter,Faba beans,1995-96,1995,final,1.863,2.211
Queensland,winter,Faba beans,1996-97,1996,final,0.146,0.125
Queensland,winter,Faba beans,1997-98,1997,final,3.516,3.532
Queensland,winter,Faba beans,1998-99,1998,final,4.079,2.79
Queensland,winter,Faba beans,1999-00,1999,final,0.0,0.0
Queensland,winter,Faba beans,2000-01,2000,final,2.268,2.001
Queensland,winter,Faba beans,2001-02,2001,final,0.0,0.0
Queensland,winter,Faba beans,2002-03,2002,final,0.0,0.0
Queensland,winter,Faba beans,2003-04,2003,final,0.0,0.0
Queensland,winter,Faba beans,2004-05,2004,final,0.0,0.0
Queensland,winter,Faba beans,2005-06,2005,final,0.0,0.0
Queensland,winter,Faba beans,2006-07,2006,final,1.558,2.405
Queensland,winter,Faba beans,2007-08,2007,final,0.001,0.0
Queensland,winter,Faba beans,2008-09,2008,final,0.013,0.0
Queensland,winter,Faba beans,2009-10,2009,final,2.0,2.5
Queensland,winter,Faba beans,2010-11,2010,final,0.483,0.595
Queensland,winter,Faba beans,2011-12,2011,final,2.0,3.25
Queensland,winter,Faba beans,2012-13,2012,final,0.0,0.0
Queensland,winter,Faba beans,2013-14,2013,final,0.0,0.0
Queensland,winter,Faba beans,2014-15,2014,final,3.0,4.9
Queensland,winter,Faba beans,2015-16,2015,final,5.924,10.962
Queensland,winter,Faba beans,2016-17,2016,final,5.924,14.578
Queensland,winter,Faba beans,2017-18,2017,final,5.224,4.842
Queensland,winter,Faba beans,2018-19,2018,final,3.427,4.59
Queensland,winter,Faba beans,2019-20,2019,final,4.412,7.98
Queensland,winter,Faba beans,2020-21,2020,final,28.464,41.934
Queensland,winter,Faba beans,2021-22,2021,final,34.0,67.485
Queensland,winter,Faba beans,2022-23,2022,estimate,20.0,35.0
Queensland,winter,Faba beans,2023-24,2023,estimate,15.0,23.0
Queensland,winter,Faba beans,2024-25,2024,estimate,19.0,37.0
Queensland,winter,Faba beans,2025-26,2025,estimate,16.0,28.0
Queensland,winter,Faba beans,2026-27,2026,forecast,10.0,17.0
Queensland,winter,Field peas,1989-90,1989,final,0.0,0.0
Queensland,winter,Field peas,1990-91,1990,final,0.0,0.0
Queensland,winter,Field peas,1991-92,1991,final,0.0,0.0
Queensland,winter,Field peas,1992-93,1992,final,0.0,0.0
Queensland,winter,Field peas,1993-94,1993,final,0.0,0.0
Queensland,winter,Field peas,1994-95,1994,final,0.0,0.0
Queensland,winter,Field peas,1995-96,1995,final,0.0,0.0
Queensland,winter,Field peas,1996-97,1996,final,0.688,0.409
Queensland,winter,Field peas,1997-98,1997,final,0.693,0.472
Queensland,winter,Field peas,1998-99,1998,final,1.726,0.457
Queensland,winter,Field peas,1999-00,1999,final,0.0,0.0
Queensland,winter,Field peas,2000-01,2000,final,0.802,0.172
Queensland,winter,Field peas,2001-02,2001,final,0.0,0.0
Queensland,winter,Field peas,2002-03,2002,final,0.045,0.002
Queensland,winter,Field peas,2003-04,2003,final,0.51,0.086
Queensland,winter,Field peas,2004-05,2004,final,0.23,0.091
Queensland,winter,Field peas,2005-06,2005,final,0.851,0.423
Queensland,winter,Field peas,2006-07,2006,final,0.554,0.516
Queensland,winter,Field peas,2007-08,2007,final,0.0,0.0
Queensland,winter,Field peas,2008-09,2008,final,0.027,0.001
Queensland,winter,Field peas,2009-10,2009,final,0.001,0.0
Queensland,winter,Field peas,2010-11,2010,final,0.368,0.264
Queensland,winter,Field peas,2011-12,2011,final,0.0,0.0
Queensland,winter,Field peas,2012-13,2012,final,0.0,0.0
Queensland,winter,Field peas,2013-14,2013,final,0.0,0.0
Queensland,winter,Field peas,2014-15,2014,final,0.0,0.0
Queensland,winter,Field peas,2015-16,2015,final,0.0,0.0
Queensland,winter,Field peas,2016-17,2016,final,0.0,0.0
Queensland,winter,Field peas,2017-18,2017,final,0.0,0.0
Queensland,winter,Field peas,2018-19,2018,final,0.0,0.0
Queensland,winter,Field peas,2019-20,2019,final,0.0,0.0
Queensland,winter,Field peas,2020-21,2020,final,0.0,0.0
Queensland,winter,Field peas,2021-22,2021,final,0.0,0.0
Queensland,winter,Field peas,2022-23,2022,estimate,0.0,0.0
Queensland,winter,Field peas,2023-24,2023,estimate,0.0,0.0
Queensland,winter,Field peas,2024-25,2024,estimate,0.0,0.0
Queensland,winter,Field peas,2025-26,2025,estimate,0.0,0.0
Queensland,winter,Field peas,2026-27,2026,forecast,0.0,0.0
Queensland,winter,Lentils,1989-90,1989,final,0.0,0.0
Queensland,winter,Lentils,1990-91,1990,final,0.001,0.0
Queensland,winter,Lentils,1991-92,1991,final,0.0,0.0
Queensland,winter,Lentils,1992-93,1992,final,0.001,0.0
Queensland,winter,Lentils,1993-94,1993,final,0.0,0.0
Queensland,winter,Lentils,1994-95,1994,final,0.001,0.0
Queensland,winter,Lentils,1995-96,1995,final,0.001,0.0
Queensland,winter,Lentils,1996-97,1996,final,0.0,0.0
Queensland,winter,Lentils,1997-98,1997,final,0.021,0.026
Queensland,winter,Lentils,1998-99,1998,final,0.0,0.0
Queensland,winter,Lentils,1999-00,1999,final,0.0,0.0
Queensland,winter,Lentils,2000-01,2000,final,0.0,0.0
Queensland,winter,Lentils,2001-02,2001,final,0.0,0.0
Queensland,winter,Lentils,2002-03,2002,final,0.001,0.0
Queensland,winter,Lentils,2003-04,2003,final,0.0,0.0
Queensland,winter,Lentils,2004-05,2004,final,0.0,0.0
Queensland,winter,Lentils,2005-06,2005,final,0.188,0.105
Queensland,winter,Lentils,2006-07,2006,final,0.0,0.0
Queensland,winter,Lentils,2007-08,2007,final,0.0,0.0
Queensland,winter,Lentils,2008-09,2008,final,0.0,0.0
Queensland,winter,Lentils,2009-10,2009,final,0.0,0.0
Queensland,winter,Lentils,2010-11,2010,final,0.0,0.0
Queensland,winter,Lentils,2011-12,2011,final,0.04,0.0
Queensland,winter,Lentils,2012-13,2012,final,0.0,0.0
Queensland,winter,Lentils,2013-14,2013,final,0.0,0.0
Queensland,winter,Lentils,2014-15,2014,final,0.0,0.0
Queensland,winter,Lentils,2015-16,2015,final,0.198,0.392
Queensland,winter,Lentils,2016-17,2016,final,0.198,0.482
Queensland,winter,Lentils,2017-18,2017,final,0.175,0.153
Queensland,winter,Lentils,2018-19,2018,final,0.098,0.134
Queensland,winter,Lentils,2019-20,2019,final,0.106,0.194
Queensland,winter,Lentils,2020-21,2020,final,0.214,0.156
Queensland,winter,Lentils,2021-22,2021,final,1.16,1.27
Queensland,winter,Lentils,2022-23,2022,estimate,1.3,1.5
Queensland,winter,Lentils,2023-24,2023,estimate,0.5,0.4
Queensland,winter,Lentils,2024-25,2024,estimate,1.3,1.45
Queensland,winter,Lentils,2025-26,2025,estimate,1.5,1.6
Queensland,winter,Lentils,2026-27,2026,forecast,1.4,1.5
Queensland,winter,Lupins,1989-90,1989,final,0.026,0.014
Queensland,winter,Lupins,1990-91,1990,final,0.0,0.0
Queensland,winter,Lupins,1991-92,1991,final,0.107,0.039
Queensland,winter,Lupins,1992-93,1992,final,0.14,0.113
Queensland,winter,Lupins,1993-94,1993,final,0.102,0.112
Queensland,winter,Lupins,1994-95,1994,final,0.278,0.163
Queensland,winter,Lupins,1995-96,1995,final,0.465,0.263
Queensland,winter,Lupins,1996-97,1996,final,0.293,0.172
Queensland,winter,Lupins,1997-98,1997,final,0.0,0.0
Queensland,winter,Lupins,1998-99,1998,final,0.0,0.0
Queensland,winter,Lupins,1999-00,1999,final,0.0,0.412
Queensland,winter,Lupins,2000-01,2000,final,0.132,0.075
Queensland,winter,Lupins,2001-02,2001,final,0.0,0.0
Queensland,winter,Lupins,2002-03,2002,final,0.0,0.0
Queensland,winter,Lupins,2003-04,2003,final,0.281,0.386
Queensland,winter,Lupins,2004-05,2004,final,0.239,0.408
Queensland,winter,Lupins,2005-06,2005,final,0.099,0.119
Queensland,winter,Lupins,2006-07,2006,final,0.024,0.031
Queensland,winter,Lupins,2007-08,2007,final,0.839,1.233
Queensland,winter,Lupins,2008-09,2008,final,0.125,0.23
Queensland,winter,Lupins,2009-10,2009,final,0.178,0.347
Queensland,winter,Lupins,2010-11,2010,final,0.132,0.146
Queensland,winter,Lupins,2011-12,2011,final,0.503,0.632
Queensland,winter,Lupins,2012-13,2012,final,0.0,0.0
Queensland,winter,Lupins,2013-14,2013,final,0.0,0.0
Queensland,winter,Lupins,2014-15,2014,final,0.0,0.0
Queensland,winter,Lupins,2015-16,2015,final,0.014,0.028
Queensland,winter,Lupins,2016-17,2016,final,0.014,0.037
Queensland,winter,Lupins,2017-18,2017,final,0.013,0.012
Queensland,winter,Lupins,2018-19,2018,final,0.007,0.01
Queensland,winter,Lupins,2019-20,2019,final,0.009,0.017
Queensland,winter,Lupins,2020-21,2020,final,1.463,2.094
Queensland,winter,Lupins,2021-22,2021,final,1.07,1.12
Queensland,winter,Lupins,2022-23,2022,estimate,1.4,2.8
Queensland,winter,Lupins,2023-24,2023,estimate,0.9,1.4
Queensland,winter,Lupins,2024-25,2024,estimate,1.5,3.0
Queensland,winter,Lupins,2025-26,2025,estimate,1.3,2.4
Queensland,winter,Lupins,2026-27,2026,forecast,1.0,1.7
Queensland,winter,Oats,1989-90,1989,final,15.4,14.3
Queensland,winter,Oats,1990-91,1990,final,24.2,27.1
Queensland,winter,Oats,1991-92,1991,final,15.0,5.2
Queensland,winter,Oats,1992-93,1992,final,14.8,9.7
Queensland,winter,Oats,1993-94,1993,final,15.883,7.792
Queensland,winter,Oats,1994-95,1994,final,13.663,3.162
Queensland,winter,Oats,1995-96,1995,final,14.103,6.883
Queensland,winter,Oats,1996-97,1996,final,39.387,25.724
Queensland,winter,Oats,1997-98,1997,final,15.991,13.007
Queensland,winter,Oats,1998-99,1998,final,18.132,15.312
Queensland,winter,Oats,1999-00,1999,final,9.968,11.78
Queensland,winter,Oats,2000-01,2000,final,12.767,5.855
Queensland,winter,Oats,2001-02,2001,final,10.585,7.462
Queensland,winter,Oats,2002-03,2002,final,9.4,3.538
Queensland,winter,Oats,2003-04,2003,final,9.126,4.903
Queensland,winter,Oats,2004-05,2004,final,20.927,9.651
Queensland,winter,Oats,2005-06,2005,final,15.567,7.46
Queensland,winter,Oats,2006-07,2006,final,24.408,3.562
Queensland,winter,Oats,2007-08,2007,final,20.341,11.766
Queensland,winter,Oats,2008-09,2008,final,7.286,7.009
Queensland,winter,Oats,2009-10,2009,final,11.608,6.579
Queensland,winter,Oats,2010-11,2010,final,13.647,7.327
Queensland,winter,Oats,2011-12,2011,final,17.86,22.762
Queensland,winter,Oats,2012-13,2012,final,47.966,14.355
Queensland,winter,Oats,2013-14,2013,final,23.299,2.988
Queensland,winter,Oats,2014-15,2014,final,65.349,14.789
Queensland,winter,Oats,2015-16,2015,final,36.203,23.371
Queensland,winter,Oats,2016-17,2016,final,47.424,56.47
Queensland,winter,Oats,2017-18,2017,final,44.87,12.38
Queensland,winter,Oats,2018-19,2018,final,35.889,10.624
Queensland,winter,Oats,2019-20,2019,final,50.1,24.99
Queensland,winter,Oats,2020-21,2020,final,63.106,60.976
Queensland,winter,Oats,2021-22,2021,final,50.278,66.892
Queensland,winter,Oats,2022-23,2022,estimate,18.0,18.987
Queensland,winter,Oats,2023-24,2023,estimate,25.0,20.0
Queensland,winter,Oats,2024-25,2024,estimate,30.0,35.0
Queensland,winter,Oats,2025-26,2025,estimate,35.0,38.0
Queensland,winter,Oats,2026-27,2026,forecast,28.0,25.0
Queensland,winter,Triticale,1989-90,1989,final,14.3,29.789
Queensland,winter,Triticale,1990-91,1990,final,15.4,35.532
Queensland,winter,Triticale,1991-92,1991,final,4.0,2.828
Queensland,winter,Triticale,1992-93,1992,final,5.0,8.59
Queensland,winter,Triticale,1993-94,1993,final,3.576,5.393
Queensland,winter,Triticale,1994-95,1994,final,1.067,1.325
Queensland,winter,Triticale,1995-96,1995,final,5.776,8.359
Queensland,winter,Triticale,1996-97,1996,final,2.172,6.185
Queensland,winter,Triticale,1997-98,1997,final,1.148,1.408
Queensland,winter,Triticale,1998-99,1998,final,1.457,4.183
Queensland,winter,Triticale,1999-00,1999,final,0.0,5.248
Queensland,winter,Triticale,2000-01,2000,final,0.889,0.89
Queensland,winter,Triticale,2001-02,2001,final,0.0,0.0
Queensland,winter,Triticale,2002-03,2002,final,0.155,0.298
Queensland,winter,Triticale,2003-04,2003,final,2.747,1.885
Queensland,winter,Triticale,2004-05,2004,final,0.134,0.161
Queensland,winter,Triticale,2005-06,2005,final,1.033,1.192
Queensland,winter,Triticale,2006-07,2006,final,0.521,0.692
Queensland,winter,Triticale,2007-08,2007,final,1.178,0.851
Queensland,winter,Triticale,2008-09,2008,final,0.205,0.0
Queensland,winter,Triticale,2009-10,2009,final,1.145,1.031
Queensland,winter,Triticale,2010-11,2010,final,0.535,1.204
Queensland,winter,Triticale,2011-12,2011,final,1.124,2.425
Queensland,winter,Triticale,2012-13,2012,final,0.056,0.223
Queensland,winter,Triticale,2013-14,2013,final,0.0,0.0
Queensland,winter,Triticale,2014-15,2014,final,2.231,2.53
Queensland,winter,Triticale,2015-16,2015,final,3.936,7.32
Queensland,winter,Triticale,2016-17,2016,final,0.318,0.318
Queensland,winter,Triticale,2017-18,2017,final,0.001,0.001
Queensland,winter,Triticale,2018-19,2018,final,0.389,0.518
Queensland,winter,Triticale,2019-20,2019,final,0.002,0.003
Queensland,winter,Triticale,2020-21,2020,final,9.144,6.31
Queensland,winter,Triticale,2021-22,2021,final,1.86,4.117
Queensland,winter,Triticale,2022-23,2022,estimate,0.5,0.725
Queensland,winter,Triticale,2023-24,2023,estimate,0.4,0.62
Queensland,winter,Triticale,2024-25,2024,estimate,0.6,0.99
Queensland,winter,Triticale,2025-26,2025,estimate,0.55,0.88
Queensland,winter,Triticale,2026-27,2026,forecast,0.5,0.7
Queensland,winter,Wheat,1989-90,1989,final,894.3,1420.0
Queensland,winter,Wheat,1990-91,1990,final,1060.3,1973.2
Queensland,winter,Wheat,1991-92,1991,final,491.7,343.7
Queensland,winter,Wheat,1992-93,1992,final,669.2,735.2
Queensland,winter,Wheat,1993-94,1993,final,555.5,555.4
Queensland,winter,Wheat,1994-95,1994,final,400.7,225.1
Queensland,winter,Wheat,1995-96,1995,final,626.5,519.5
Queensland,winter,Wheat,1996-97,1996,final,979.7,1979.5
Queensland,winter,Wheat,1997-98,1997,final,1001.4,1392.1
Queensland,winter,Wheat,1998-99,1998,final,1138.8,1941.2
Queensland,winter,Wheat,1999-00,1999,final,1096.0,1904.0
Queensland,winter,Wheat,2000-01,2000,final,884.9,1157.0
Queensland,winter,Wheat,2001-02,2001,final,604.4,901.4
Queensland,winter,Wheat,2002-03,2002,final,514.4,600.9
Queensland,winter,Wheat,2003-04,2003,final,789.7,1109.7
Queensland,winter,Wheat,2004-05,2004,final,711.0,1170.4
Queensland,winter,Wheat,2005-06,2005,final,778.3,1217.6
Queensland,winter,Wheat,2006-07,2006,final,638.0,776.7
Queensland,winter,Wheat,2007-08,2007,final,668.9,953.9
Queensland,winter,Wheat,2008-09,2008,final,1019.9,2016.0
Queensland,winter,Wheat,2009-10,2009,final,961.7,1346.3
Queensland,winter,Wheat,2010-11,2010,final,905.5,1523.6
Queensland,winter,Wheat,2011-12,2011,final,953.201,1886.303
Queensland,winter,Wheat,2012-13,2012,final,865.923,1613.964
Queensland,winter,Wheat,2013-14,2013,final,757.955,1036.45
Queensland,winter,Wheat,2014-15,2014,final,633.508,986.855
Queensland,winter,Wheat,2015-16,2015,final,611.093,1315.912
Queensland,winter,Wheat,2016-17,2016,final,622.197,1501.6
Queensland,winter,Wheat,2017-18,2017,final,639.189,765.413
Queensland,winter,Wheat,2018-19,2018,final,419.697,419.675
Queensland,winter,Wheat,2019-20,2019,final,441.477,418.475
Queensland,winter,Wheat,2020-21,2020,final,966.132,1594.192
Queensland,winter,Wheat,2021-22,2021,final,940.597,2222.389
Queensland,winter,Wheat,2022-23,2022,estimate,980.0,2600.0
Queensland,winter,Wheat,2023-24,2023,estimate,720.0,1080.0
Queensland,winter,Wheat,2024-25,2024,estimate,900.0,2230.0
Queensland,winter,Wheat,2025-26,2025,estimate,880.0,2310.0
Queensland,winter,Wheat,2026-27,2026,forecast,650.0,1210.0
South Australia,summer,Corn (maize),1989-90,1989,final,0.0,0.0
South Australia,summer,Corn (maize),1990-91,1990,final,0.0,0.0
South Australia,summer,Corn (maize),1991-92,1991,final,0.0,0.0
South Australia,summer,Corn (maize),1992-93,1992,final,0.0,0.0
South Australia,summer,Corn (maize),1993-94,1993,final,0.0,0.0
South Australia,summer,Corn (maize),1994-95,1994,final,0.0,0.0
South Australia,summer,Corn (maize),1995-96,1995,final,0.0,0.0
South Australia,summer,Corn (maize),1996-97,1996,final,0.004,0.13
South Australia,summer,Corn (maize),1997-98,1997,final,0.0,0.0
South Australia,summer,Corn (maize),1998-99,1998,final,0.0,0.0
South Australia,summer,Corn (maize),1999-00,1999,final,0.0,0.0
South Australia,summer,Corn (maize),2000-01,2000,final,0.0,0.0
South Australia,summer,Corn (maize),2001-02,2001,final,0.0,0.0
South Australia,summer,Corn (maize),2002-03,2002,final,0.0,0.0
South Australia,summer,Corn (maize),2003-04,2003,final,0.0,0.0
South Australia,summer,Corn (maize),2004-05,2004,final,0.053,0.36
South Australia,summer,Corn (maize),2005-06,2005,final,0.0,0.0
South Australia,summer,Corn (maize),2006-07,2006,final,0.0,0.0
South Australia,summer,Corn (maize),2007-08,2007,final,0.0,0.0
South Australia,summer,Corn (maize),2008-09,2008,final,0.021,0.0
South Australia,summer,Corn (maize),2009-10,2009,final,0.0,0.0
South Australia,summer,Corn (maize),2010-11,2010,final,0.187,1.153
South Australia,summer,Corn (maize),2011-12,2011,final,0.851,1.998
South Australia,summer,Corn (maize),2012-13,2012,final,0.0,0.897
South Australia,summer,Corn (maize),2013-14,2013,final,0.0,0.0
South Australia,summer,Corn (maize),2014-15,2014,final,0.0,0.0
South Australia,summer,Corn (maize),2015-16,2015,final,0.092,0.681
South Australia,summer,Corn (maize),2016-17,2016,final,0.045,0.583
South Australia,summer,Corn (maize),2017-18,2017,final,0.0,0.0
South Australia,summer,Corn (maize),2018-19,2018,final,0.0,0.0
South Australia,summer,Corn (maize),2019-20,2019,final,0.0,0.0
South Australia,summer,Corn (maize),2020-21,2020,final,2.638,4.487
South Australia,summer,Corn (maize),2021-22,2021,final,0.0,0.0
South Australia,summer,Corn (maize),2022-23,2022,estimate,0.0,0.0
South Australia,summer,Corn (maize),2023-24,2023,estimate,0.0,0.0
South Australia,summer,Corn (maize),2024-25,2024,estimate,0.0,0.0
South Australia,summer,Corn (maize),2025-26,2025,estimate,0.277,0.602
South Australia,summer,Corn (maize),2026-27,2026,forecast,0.0,0.0
South Australia,summer,Cotton lint,1989-90,1989,final,0.0,0.0
South Australia,summer,Cotton lint,1990-91,1990,final,0.0,0.0
South Australia,summer,Cotton lint,1991-92,1991,final,0.0,0.0
South Australia,summer,Cotton lint,1992-93,1992,final,0.0,0.0
South Australia,summer,Cotton lint,1993-94,1993,final,0.0,0.0
South Australia,summer,Cotton lint,1994-95,1994,final,0.0,0.0
South Australia,summer,Cotton lint,1995-96,1995,final,0.0,0.0
South Australia,summer,Cotton lint,1996-97,1996,final,0.0,0.0
South Australia,summer,Cotton lint,1997-98,1997,final,0.0,0.0
South Australia,summer,Cotton lint,1998-99,1998,final,0.0,0.0
South Australia,summer,Cotton lint,1999-00,1999,final,0.0,0.0
South Australia,summer,Cotton lint,2000-01,2000,final,0.0,0.0
South Australia,summer,Cotton lint,2001-02,2001,final,0.0,0.0
South Australia,summer,Cotton lint,2002-03,2002,final,0.0,0.0
South Australia,summer,Cotton lint,2003-04,2003,final,0.0,0.0
South Australia,summer,Cotton lint,2004-05,2004,final,0.0,0.0
South Australia,summer,Cotton lint,2005-06,2005,final,0.0,0.0
South Australia,summer,Cotton lint,2006-07,2006,final,0.0,0.0
South Australia,summer,Cotton lint,2007-08,2007,final,0.0,0.0
South Australia,summer,Cotton lint,2008-09,2008,final,0.0,0.0
South Australia,summer,Cotton lint,2009-10,2009,final,0.0,0.0
South Australia,summer,Cotton lint,2010-11,2010,final,0.0,0.0
South Australia,summer,Cotton lint,2011-12,2011,final,0.0,0.0
South Australia,summer,Cotton lint,2012-13,2012,final,0.0,0.0
South Australia,summer,Cotton lint,2013-14,2013,final,0.0,0.0
South Australia,summer,Cotton lint,2014-15,2014,final,0.0,0.0
South Australia,summer,Cotton lint,2015-16,2015,final,0.0,0.0
South Australia,summer,Cotton lint,2016-17,2016,final,0.0,0.0
South Australia,summer,Cotton lint,2017-18,2017,final,0.0,0.0
South Australia,summer,Cotton lint,2018-19,2018,final,0.0,0.0
South Australia,summer,Cotton lint,2019-20,2019,final,0.0,0.0
South Australia,summer,Cotton lint,2020-21,2020,final,0.0,0.0
South Australia,summer,Cotton lint,2021-22,2021,final,0.0,0.0
South Australia,summer,Cotton lint,2022-23,2022,estimate,0.0,0.0
South Australia,summer,Cotton lint,2023-24,2023,estimate,0.0,0.0
South Australia,summer,Cotton lint,2024-25,2024,estimate,0.0,0.0
South Australia,summer,Cotton lint,2025-26,2025,estimate,0.0,0.0
South Australia,summer,Cotton lint,2026-27,2026,forecast,0.0,0.0
South Australia,summer,Cottonseed,1989-90,1989,final,0.0,0.0
South Australia,summer,Cottonseed,1990-91,1990,final,0.0,0.0
South Australia,summer,Cottonseed,1991-92,1991,final,0.0,0.0
South Australia,summer,Cottonseed,1992-93,1992,final,0.0,0.0
South Australia,summer,Cottonseed,1993-94,1993,final,0.0,0.0
South Australia,summer,Cottonseed,1994-95,1994,final,0.0,0.0
South Australia,summer,Cottonseed,1995-96,1995,final,0.0,0.0
South Australia,summer,Cottonseed,1996-97,1996,final,0.0,0.0
South Australia,summer,Cottonseed,1997-98,1997,final,0.0,0.0
South Australia,summer,Cottonseed,1998-99,1998,final,0.0,0.0
South Australia,summer,Cottonseed,1999-00,1999,final,0.0,0.0
South Australia,summer,Cottonseed,2000-01,2000,final,0.0,0.0
South Australia,summer,Cottonseed,2001-02,2001,final,0.0,0.0
South Australia,summer,Cottonseed,2002-03,2002,final,0.0,0.0
South Australia,summer,Cottonseed,2003-04,2003,final,0.0,0.0
South Australia,summer,Cottonseed,2004-05,2004,final,0.0,0.0
South Australia,summer,Cottonseed,2005-06,2005,final,0.0,0.0
South Australia,summer,Cottonseed,2006-07,2006,final,0.0,0.0
South Australia,summer,Cottonseed,2007-08,2007,final,0.0,0.0
South Australia,summer,Cottonseed,2008-09,2008,final,0.0,0.0
South Australia,summer,Cottonseed,2009-10,2009,final,0.0,0.0
South Australia,summer,Cottonseed,2010-11,2010,final,0.0,0.0
South Australia,summer,Cottonseed,2011-12,2011,final,0.0,0.0
South Australia,summer,Cottonseed,2012-13,2012,final,0.0,0.0
South Australia,summer,Cottonseed,2013-14,2013,final,0.0,0.0
South Australia,summer,Cottonseed,2014-15,2014,final,0.0,0.0
South Australia,summer,Cottonseed,2015-16,2015,final,0.0,0.0
South Australia,summer,Cottonseed,2016-17,2016,final,0.0,0.0
South Australia,summer,Cottonseed,2017-18,2017,final,0.0,0.0
South Australia,summer,Cottonseed,2018-19,2018,final,0.0,0.0
South Australia,summer,Cottonseed,2019-20,2019,final,0.0,0.0
South Australia,summer,Cottonseed,2020-21,2020,final,0.0,0.0
South Australia,summer,Cottonseed,2021-22,2021,final,0.0,0.0
South Australia,summer,Cottonseed,2022-23,2022,estimate,0.0,0.0
South Australia,summer,Cottonseed,2023-24,2023,estimate,0.0,0.0
South Australia,summer,Cottonseed,2024-25,2024,estimate,0.0,0.0
South Australia,summer,Cottonseed,2025-26,2025,estimate,0.0,0.0
South Australia,summer,Cottonseed,2026-27,2026,forecast,0.0,0.0
South Australia,summer,Grain sorghum,1989-90,1989,final,0.0,0.0
South Australia,summer,Grain sorghum,1990-91,1990,final,0.0,0.0
South Australia,summer,Grain sorghum,1991-92,1991,final,0.0,0.0
South Australia,summer,Grain sorghum,1992-93,1992,final,0.0,0.0
South Australia,summer,Grain sorghum,1993-94,1993,final,0.0,0.0
South Australia,summer,Grain sorghum,1994-95,1994,final,0.0,0.0
South Australia,summer,Grain sorghum,1995-96,1995,final,0.0,0.0
South Australia,summer,Grain sorghum,1996-97,1996,final,0.0,0.0
South Australia,summer,Grain sorghum,1997-98,1997,final,0.0,0.0
South Australia,summer,Grain sorghum,1998-99,1998,final,0.0,0.0
South Australia,summer,Grain sorghum,1999-00,1999,final,0.0,0.0
South Australia,summer,Grain sorghum,2000-01,2000,final,0.0,0.0
South Australia,summer,Grain sorghum,2001-02,2001,final,0.0,0.0
South Australia,summer,Grain sorghum,2002-03,2002,final,0.0,0.0
South Australia,summer,Grain sorghum,2003-04,2003,final,0.0,0.0
South Australia,summer,Grain sorghum,2004-05,2004,final,0.0,0.0
South Australia,summer,Grain sorghum,2005-06,2005,final,0.309,0.824
South Australia,summer,Grain sorghum,2006-07,2006,final,0.0,0.0
South Australia,summer,Grain sorghum,2007-08,2007,final,0.007,0.014
South Australia,summer,Grain sorghum,2008-09,2008,final,0.0,0.0
South Australia,summer,Grain sorghum,2009-10,2009,final,0.0,0.0
South Australia,summer,Grain sorghum,2010-11,2010,final,0.148,0.329
South Australia,summer,Grain sorghum,2011-12,2011,final,0.0,0.0
South Australia,summer,Grain sorghum,2012-13,2012,final,0.0,1.0
South Australia,summer,Grain sorghum,2013-14,2013,final,0.0,0.0
South Australia,summer,Grain sorghum,2014-15,2014,final,0.137,0.77
South Australia,summer,Grain sorghum,2015-16,2015,final,0.08,0.145
South Australia,summer,Grain sorghum,2016-17,2016,final,0.033,0.022
South Australia,summer,Grain sorghum,2017-18,2017,final,0.001,0.003
South Australia,summer,Grain sorghum,2018-19,2018,final,0.0,0.0
South Australia,summer,Grain sorghum,2019-20,2019,final,0.0,0.0
South Australia,summer,Grain sorghum,2020-21,2020,final,0.719,1.438
South Australia,summer,Grain sorghum,2021-22,2021,final,0.035,0.0
South Australia,summer,Grain sorghum,2022-23,2022,estimate,0.0,0.0
South Australia,summer,Grain sorghum,2023-24,2023,estimate,0.0,0.0
South Australia,summer,Grain sorghum,2024-25,2024,estimate,0.0,0.0
South Australia,summer,Grain sorghum,2025-26,2025,estimate,0.0,0.0
South Australia,summer,Grain sorghum,2026-27,2026,forecast,0.0,0.0
South Australia,summer,Rice,1989-90,1989,final,0.0,0.0
South Australia,summer,Rice,1990-91,1990,final,0.0,0.0
South Australia,summer,Rice,1991-92,1991,final,0.0,0.0
South Australia,summer,Rice,1992-93,1992,final,0.0,0.0
South Australia,summer,Rice,1993-94,1993,final,0.0,0.0
South Australia,summer,Rice,1994-95,1994,final,0.0,0.0
South Australia,summer,Rice,1995-96,1995,final,0.0,0.0
South Australia,summer,Rice,1996-97,1996,final,0.0,0.0
South Australia,summer,Rice,1997-98,1997,final,0.0,0.0
South Australia,summer,Rice,1998-99,1998,final,0.0,0.0
South Australia,summer,Rice,1999-00,1999,final,0.0,0.0
South Australia,summer,Rice,2000-01,2000,final,0.0,0.0
South Australia,summer,Rice,2001-02,2001,final,0.0,0.0
South Australia,summer,Rice,2002-03,2002,final,0.0,0.0
South Australia,summer,Rice,2003-04,2003,final,0.0,0.0
South Australia,summer,Rice,2004-05,2004,final,0.0,0.0
South Australia,summer,Rice,2005-06,2005,final,0.0,0.0
South Australia,summer,Rice,2006-07,2006,final,0.0,0.0
South Australia,summer,Rice,2007-08,2007,final,0.0,0.0
South Australia,summer,Rice,2008-09,2008,final,0.0,0.0
South Australia,summer,Rice,2009-10,2009,final,0.0,0.0
South Australia,summer,Rice,2010-11,2010,final,0.0,0.0
South Australia,summer,Rice,2011-12,2011,final,0.0,0.0
South Australia,summer,Rice,2012-13,2012,final,0.0,0.0
South Australia,summer,Rice,2013-14,2013,final,0.0,0.0
South Australia,summer,Rice,2014-15,2014,final,0.0,0.0
South Australia,summer,Rice,2015-16,2015,final,0.0,0.0
South Australia,summer,Rice,2016-17,2016,final,0.0,0.0
South Australia,summer,Rice,2017-18,2017,final,0.0,0.0
South Australia,summer,Rice,2018-19,2018,final,0.0,0.0
South Australia,summer,Rice,2019-20,2019,final,0.0,0.0
South Australia,summer,Rice,2020-21,2020,final,0.0,0.0
South Australia,summer,Rice,2021-22,2021,final,0.0,0.0
South Australia,summer,Rice,2022-23,2022,estimate,0.0,0.0
South Australia,summer,Rice,2023-24,2023,estimate,0.0,0.0
South Australia,summer,Rice,2024-25,2024,estimate,0.0,0.0
South Australia,summer,Rice,2025-26,2025,estimate,0.0,0.0
South Australia,summer,Rice,2026-27,2026,forecast,0.0,0.0
South Australia,summer,Soybeans,1989-90,1989,final,0.0,0.0
South Australia,summer,Soybeans,1990-91,1990,final,0.0,0.0
South Australia,summer,Soybeans,1991-92,1991,final,0.0,0.0
South Australia,summer,Soybeans,1992-93,1992,final,0.0,0.0
South Australia,summer,Soybeans,1993-94,1993,final,0.0,0.0
South Australia,summer,Soybeans,1994-95,1994,final,0.0,0.0
South Australia,summer,Soybeans,1995-96,1995,final,0.0,0.0
South Australia,summer,Soybeans,1996-97,1996,final,0.0,0.0
South Australia,summer,Soybeans,1997-98,1997,final,0.0,0.0
South Australia,summer,Soybeans,1998-99,1998,final,0.0,0.0
South Australia,summer,Soybeans,1999-00,1999,final,0.0,0.0
South Australia,summer,Soybeans,2000-01,2000,final,0.0,0.0
South Australia,summer,Soybeans,2001-02,2001,final,0.0,0.0
South Australia,summer,Soybeans,2002-03,2002,final,0.0,0.0
South Australia,summer,Soybeans,2003-04,2003,final,0.0,0.0
South Australia,summer,Soybeans,2004-05,2004,final,0.0,0.0
South Australia,summer,Soybeans,2005-06,2005,final,0.0,0.0
South Australia,summer,Soybeans,2006-07,2006,final,0.0,0.0
South Australia,summer,Soybeans,2007-08,2007,final,0.0,0.0
South Australia,summer,Soybeans,2008-09,2008,final,0.0,0.0
South Australia,summer,Soybeans,2009-10,2009,final,0.0,0.0
South Australia,summer,Soybeans,2010-11,2010,final,0.04,0.0
South Australia,summer,Soybeans,2011-12,2011,final,0.0,0.0
South Australia,summer,Soybeans,2012-13,2012,final,0.0,0.0
South Australia,summer,Soybeans,2013-14,2013,final,0.0,0.0
South Australia,summer,Soybeans,2014-15,2014,final,0.0,0.0
South Australia,summer,Soybeans,2015-16,2015,final,0.0,0.0
South Australia,summer,Soybeans,2016-17,2016,final,0.0,0.0
South Australia,summer,Soybeans,2017-18,2017,final,0.0,0.0
South Australia,summer,Soybeans,2018-19,2018,final,0.0,0.0
South Australia,summer,Soybeans,2019-20,2019,final,0.0,0.0
South Australia,summer,Soybeans,2020-21,2020,final,0.0,0.0
South Australia,summer,Soybeans,2021-22,2021,final,0.0,0.0
South Australia,summer,Soybeans,2022-23,2022,estimate,0.0,0.0
South Australia,summer,Soybeans,2023-24,2023,estimate,0.0,0.0
South Australia,summer,Soybeans,2024-25,2024,estimate,0.0,0.0
South Australia,summer,Soybeans,2025-26,2025,estimate,0.0,0.0
South Australia,summer,Soybeans,2026-27,2026,forecast,0.0,0.0
South Australia,summer,Sunflower,1989-90,1989,final,0.359,0.413
South Australia,summer,Sunflower,1990-91,1990,final,0.713,1.073
South Australia,summer,Sunflower,1991-92,1991,final,1.041,1.446
South Australia,summer,Sunflower,1992-93,1992,final,1.464,1.463
South Australia,summer,Sunflower,1993-94,1993,final,1.281,1.327
South Australia,summer,Sunflower,1994-95,1994,final,0.275,0.366
South Australia,summer,Sunflower,1995-96,1995,final,0.249,0.146
South Australia,summer,Sunflower,1996-97,1996,final,0.315,0.228
South Australia,summer,Sunflower,1997-98,1997,final,0.83,1.824
South Australia,summer,Sunflower,1998-99,1998,final,0.0,0.0
South Australia,summer,Sunflower,1999-00,1999,final,0.307,0.379
South Australia,summer,Sunflower,2000-01,2000,final,0.17,0.337
South Australia,summer,Sunflower,2001-02,2001,final,0.0,0.198
South Australia,summer,Sunflower,2002-03,2002,final,1.55,0.893
South Australia,summer,Sunflower,2003-04,2003,final,0.084,0.082
South Australia,summer,Sunflower,2004-05,2004,final,0.0,0.0
South Australia,summer,Sunflower,2005-06,2005,final,0.345,0.214
South Australia,summer,Sunflower,2006-07,2006,final,0.04,0.04
South Australia,summer,Sunflower,2007-08,2007,final,0.001,0.0
South Australia,summer,Sunflower,2008-09,2008,final,0.0,0.0
South Australia,summer,Sunflower,2009-10,2009,final,0.001,0.0
South Australia,summer,Sunflower,2010-11,2010,final,0.283,0.367
South Australia,summer,Sunflower,2011-12,2011,final,0.0,0.0
South Australia,summer,Sunflower,2012-13,2012,final,0.0,0.0
South Australia,summer,Sunflower,2013-14,2013,final,0.0,0.0
South Australia,summer,Sunflower,2014-15,2014,final,0.0,0.0
South Australia,summer,Sunflower,2015-16,2015,final,0.104,0.028
South Australia,summer,Sunflower,2016-17,2016,final,0.104,0.005
South Australia,summer,Sunflower,2017-18,2017,final,0.108,0.04
South Australia,summer,Sunflower,2018-19,2018,final,0.254,0.072
South Australia,summer,Sunflower,2019-20,2019,final,0.06,0.011
South Australia,summer,Sunflower,2020-21,2020,final,0.009,0.007
South Australia,summer,Sunflower,2021-22,2021,final,0.115,0.045
South Australia,summer,Sunflower,2022-23,2022,estimate,0.115,0.045
South Australia,summer,Sunflower,2023-24,2023,estimate,0.111,0.03
South Australia,summer,Sunflower,2024-25,2024,estimate,0.111,0.02
South Australia,summer,Sunflower,2025-26,2025,estimate,0.0,0.0
South Australia,summer,Sunflower,2026-27,2026,forecast,0.0,0.0
South Australia,winter,Barley,1989-90,1989,final,899.5,1724.474
South Australia,winter,Barley,1990-91,1990,final,945.0,1505.711
South Australia,winter,Barley,1991-92,1991,final,999.2,1881.548
South Australia,winter,Barley,1992-93,1992,final,1023.3,1855.32
South Australia,winter,Barley,1993-94,1993,final,1115.315,2242.356
South Australia,winter,Barley,1994-95,1994,final,881.881,1158.715
South Australia,winter,Barley,1995-96,1995,final,963.504,1851.076
South Australia,winter,Barley,1996-97,1996,final,1008.925,1923.213
South Australia,winter,Barley,1997-98,1997,final,1017.308,2027.087
South Australia,winter,Barley,1998-99,1998,final,975.318,2050.972
South Australia,winter,Barley,1999-00,1999,final,845.335,1409.179
South Australia,winter,Barley,2000-01,2000,final,1040.854,2320.321
South Australia,winter,Barley,2001-02,2001,final,1151.172,2781.758
South Australia,winter,Barley,2002-03,2002,final,1193.712,1439.861
South Australia,winter,Barley,2003-04,2003,final,1215.877,2691.091
South Australia,winter,Barley,2004-05,2004,final,1280.071,1979.211
South Australia,winter,Barley,2005-06,2005,final,1169.406,2547.798
South Australia,winter,Barley,2006-07,2006,final,1193.154,995.963
South Australia,winter,Barley,2007-08,2007,final,1244.34,1672.37
South Australia,winter,Barley,2008-09,2008,final,1240.132,1876.752
South Australia,winter,Barley,2009-10,2009,final,997.412,2068.229
South Australia,winter,Barley,2010-11,2010,final,795.434,2122.415
South Australia,winter,Barley,2011-12,2011,final,881.21,1815.51
South Australia,winter,Barley,2012-13,2012,final,861.391,1794.436
South Australia,winter,Barley,2013-14,2013,final,810.465,1892.284
South Australia,winter,Barley,2014-15,2014,final,840.446,1941.042
South Australia,winter,Barley,2015-16,2015,final,769.482,1719.367
South Australia,winter,Barley,2016-17,2016,final,980.776,3002.007
South Australia,winter,Barley,2017-18,2017,final,876.488,1860.785
South Australia,winter,Barley,2018-19,2018,final,872.908,1614.987
South Australia,winter,Barley,2019-20,2019,final,1061.346,1995.135
South Australia,winter,Barley,2020-21,2020,final,1030.847,2395.385
South Australia,winter,Barley,2021-22,2021,final,969.847,2145.56
South Australia,winter,Barley,2022-23,2022,estimate,830.0,2900.0
South Australia,winter,Barley,2023-24,2023,estimate,820.0,2050.0
South Australia,winter,Barley,2024-25,2024,estimate,810.0,1300.0
South Australia,winter,Barley,2025-26,2025,estimate,835.0,2145.95
South Australia,winter,Barley,2026-27,2026,forecast,880.0,2900.0
South Australia,winter,Canola,1989-90,1989,final,3.526,5.373
South Australia,winter,Canola,1990-91,1990,final,4.045,5.515
South Australia,winter,Canola,1991-92,1991,final,6.587,10.042
South Australia,winter,Canola,1992-93,1992,final,6.183,9.522
South Australia,winter,Canola,1993-94,1993,final,10.758,18.104
South Australia,winter,Canola,1994-95,1994,final,24.518,25.941
South Australia,winter,Canola,1995-96,1995,final,30.357,48.073
South Australia,winter,Canola,1996-97,1996,final,35.972,52.851
South Australia,winter,Canola,1997-98,1997,final,63.13,87.978
South Australia,winter,Canola,1998-99,1998,final,132.414,193.07
South Australia,winter,Canola,1999-00,1999,final,210.304,243.854
South Australia,winter,Canola,2000-01,2000,final,154.314,204.373
South Australia,winter,Canola,2001-02,2001,final,163.662,272.055
South Australia,winter,Canola,2002-03,2002,final,210.442,209.8
South Australia,winter,Canola,2003-04,2003,final,247.199,353.75
South Australia,winter,Canola,2004-05,2004,final,229.601,241.772
South Australia,winter,Canola,2005-06,2005,final,147.459,213.368
South Australia,winter,Canola,2006-07,2006,final,176.98,84.159
South Australia,winter,Canola,2007-08,2007,final,172.961,161.913
South Australia,winter,Canola,2008-09,2008,final,184.221,204.125
South Australia,winter,Canola,2009-10,2009,final,180.505,259.884
South Australia,winter,Canola,2010-11,2010,final,216.363,358.971
South Australia,winter,Canola,2011-12,2011,final,283.158,412.767
South Australia,winter,Canola,2012-13,2012,final,335.927,414.98
South Australia,winter,Canola,2013-14,2013,final,297.336,419.371
South Australia,winter,Canola,2014-15,2014,final,315.696,324.495
South Australia,winter,Canola,2015-16,2015,final,149.169,218.852
South Australia,winter,Canola,2016-17,2016,final,218.304,381.524
South Australia,winter,Canola,2017-18,2017,final,236.511,335.052
South Australia,winter,Canola,2018-19,2018,final,168.918,242.89
South Australia,winter,Canola,2019-20,2019,final,152.627,241.479
South Australia,winter,Canola,2020-21,2020,final,202.688,402.273
South Australia,winter,Canola,2021-22,2021,final,221.901,434.934
South Australia,winter,Canola,2022-23,2022,estimate,290.0,770.0
South Australia,winter,Canola,2023-24,2023,estimate,280.0,570.0
South Australia,winter,Canola,2024-25,2024,estimate,270.0,378.0
South Australia,winter,Canola,2025-26,2025,estimate,250.0,550.0
South Australia,winter,Canola,2026-27,2026,forecast,280.0,630.0
South Australia,winter,Chickpeas,1989-90,1989,final,5.788,7.534
South Australia,winter,Chickpeas,1990-91,1990,final,8.221,9.959
South Australia,winter,Chickpeas,1991-92,1991,final,16.448,19.759
South Australia,winter,Chickpeas,1992-93,1992,final,11.908,9.017
South Australia,winter,Chickpeas,1993-94,1993,final,9.317,10.646
South Australia,winter,Chickpeas,1994-95,1994,final,12.857,7.905
South Australia,winter,Chickpeas,1995-96,1995,final,12.323,17.27
South Australia,winter,Chickpeas,1996-97,1996,final,11.849,16.83
South Australia,winter,Chickpeas,1997-98,1997,final,11.684,16.719
South Australia,winter,Chickpeas,1998-99,1998,final,15.469,13.386
South Australia,winter,Chickpeas,1999-00,1999,final,6.166,4.905
South Australia,winter,Chickpeas,2000-01,2000,final,1.156,0.856
South Australia,winter,Chickpeas,2001-02,2001,final,0.713,1.025
South Australia,winter,Chickpeas,2002-03,2002,final,4.115,1.994
South Australia,winter,Chickpeas,2003-04,2003,final,4.323,3.707
South Australia,winter,Chickpeas,2004-05,2004,final,0.811,0.631
South Australia,winter,Chickpeas,2005-06,2005,final,1.607,2.229
South Australia,winter,Chickpeas,2006-07,2006,final,3.372,1.119
South Australia,winter,Chickpeas,2007-08,2007,final,7.7,9.25
South Australia,winter,Chickpeas,2008-09,2008,final,6.058,3.912
South Australia,winter,Chickpeas,2009-10,2009,final,9.845,9.417
South Australia,winter,Chickpeas,2010-11,2010,final,8.144,14.142
South Australia,winter,Chickpeas,2011-12,2011,final,10.952,14.012
South Australia,winter,Chickpeas,2012-13,2012,final,20.3,21.5
South Australia,winter,Chickpeas,2013-14,2013,final,19.0,27.0
South Australia,winter,Chickpeas,2014-15,2014,final,21.1,16.0
South Australia,winter,Chickpeas,2015-16,2015,final,10.862,7.095
South Australia,winter,Chickpeas,2016-17,2016,final,19.0,27.0
South Australia,winter,Chickpeas,2017-18,2017,final,33.931,38.401
South Australia,winter,Chickpeas,2018-19,2018,final,26.466,26.573
South Australia,winter,Chickpeas,2019-20,2019,final,21.37,18.057
South Australia,winter,Chickpeas,2020-21,2020,final,10.074,12.97
South Australia,winter,Chickpeas,2021-22,2021,final,8.0,11.0
South Australia,winter,Chickpeas,2022-23,2022,estimate,8.0,10.0
South Australia,winter,Chickpeas,2023-24,2023,estimate,10.0,12.0
South Australia,winter,Chickpeas,2024-25,2024,estimate,10.0,9.0
South Australia,winter,Chickpeas,2025-26,2025,estimate,11.0,13.53
South Australia,winter,Chickpeas,2026-27,2026,forecast,11.0,14.355
South Australia,winter,Faba beans,1989-90,1989,final,21.8,34.0
South Australia,winter,Faba beans,1990-91,1990,final,20.0,26.9
South Australia,winter,Faba beans,1991-92,1991,final,19.35,28.4
South Australia,winter,Faba beans,1992-93,1992,final,27.0,29.0
South Australia,winter,Faba beans,1993-94,1993,final,34.62,55.156
South Australia,winter,Faba beans,1994-95,1994,final,31.921,30.499
South Australia,winter,Faba beans,1995-96,1995,final,26.03,50.967
South Australia,winter,Faba beans,1996-97,1996,final,31.45,69.526
South Australia,winter,Faba beans,1997-98,1997,final,44.995,63.817
South Australia,winter,Faba beans,1998-99,1998,final,45.683,89.047
South Australia,winter,Faba beans,1999-00,1999,final,53.25,73.55
South Australia,winter,Faba beans,2000-01,2000,final,79.533,150.952
South Australia,winter,Faba beans,2001-02,2001,final,75.0,175.0
South Australia,winter,Faba beans,2002-03,2002,final,83.0,83.0
South Australia,winter,Faba beans,2003-04,2003,final,83.0,160.0
South Australia,winter,Faba beans,2004-05,2004,final,87.0,70.0
South Australia,winter,Faba beans,2005-06,2005,final,89.0,175.0
South Australia,winter,Faba beans,2006-07,2006,final,80.489,41.778
South Australia,winter,Faba beans,2007-08,2007,final,87.0,95.0
South Australia,winter,Faba beans,2008-09,2008,final,57.566,68.488
South Australia,winter,Faba beans,2009-10,2009,final,57.0,110.0
South Australia,winter,Faba beans,2010-11,2010,final,60.409,150.1
South Australia,winter,Faba beans,2011-12,2011,final,55.0,95.0
South Australia,winter,Faba beans,2012-13,2012,final,78.0,121.6
South Australia,winter,Faba beans,2013-14,2013,final,61.0,121.3
South Australia,winter,Faba beans,2014-15,2014,final,61.8,83.4
South Australia,winter,Faba beans,2015-16,2015,final,74.402,84.366
South Australia,winter,Faba beans,2016-17,2016,final,72.0,160.0
South Australia,winter,Faba beans,2017-18,2017,final,82.566,131.661
South Australia,winter,Faba beans,2018-19,2018,final,89.985,127.552
South Australia,winter,Faba beans,2019-20,2019,final,85.407,121.344
South Australia,winter,Faba beans,2020-21,2020,final,92.308,244.647
South Australia,winter,Faba beans,2021-22,2021,final,95.0,230.0
South Australia,winter,Faba beans,2022-23,2022,estimate,120.0,300.0
South Australia,winter,Faba beans,2023-24,2023,estimate,110.0,250.0
South Australia,winter,Faba beans,2024-25,2024,estimate,90.0,110.0
South Australia,winter,Faba beans,2025-26,2025,estimate,100.0,222.0
South Australia,winter,Faba beans,2026-27,2026,forecast,95.0,220.136
South Australia,winter,Field peas,1989-90,1989,final,117.374,142.97
South Australia,winter,Field peas,1990-91,1990,final,101.63,137.79
South Australia,winter,Field peas,1991-92,1991,final,144.277,196.276
South Australia,winter,Field peas,1992-93,1992,final,143.69,151.946
South Australia,winter,Field peas,1993-94,1993,final,138.463,197.19
South Australia,winter,Field peas,1994-95,1994,final,167.032,141.438
South Australia,winter,Field peas,1995-96,1995,final,151.58,213.549
South Australia,winter,Field peas,1996-97,1996,final,119.132,195.342
South Australia,winter,Field peas,1997-98,1997,final,139.784,169.222
South Australia,winter,Field peas,1998-99,1998,final,144.703,207.958
South Australia,winter,Field peas,1999-00,1999,final,160.898,181.303
South Australia,winter,Field peas,2000-01,2000,final,134.713,215.709
South Australia,winter,Field peas,2001-02,2001,final,125.587,258.613
South Australia,winter,Field peas,2002-03,2002,final,156.55,126.41
South Australia,winter,Field peas,2003-04,2003,final,156.513,245.906
South Australia,winter,Field peas,2004-05,2004,final,143.147,150.224
South Australia,winter,Field peas,2005-06,2005,final,143.241,257.735
South Australia,winter,Field peas,2006-07,2006,final,163.431,74.5
South Australia,winter,Field peas,2007-08,2007,final,130.0,143.0
South Australia,winter,Field peas,2008-09,2008,final,121.126,113.856
South Australia,winter,Field peas,2009-10,2009,final,127.0,183.0
South Australia,winter,Field peas,2010-11,2010,final,111.16,195.963
South Australia,winter,Field peas,2011-12,2011,final,110.0,150.0
South Australia,winter,Field peas,2012-13,2012,final,113.5,130.0
South Australia,winter,Field peas,2013-14,2013,final,111.5,184.4
South Australia,winter,Field peas,2014-15,2014,final,110.3,127.0
South Australia,winter,Field peas,2015-16,2015,final,114.0,82.1
South Australia,winter,Field peas,2016-17,2016,final,100.0,175.0
South Australia,winter,Field peas,2017-18,2017,final,101.794,137.147
South Australia,winter,Field peas,2018-19,2018,final,74.105,53.147
South Australia,winter,Field peas,2019-20,2019,final,105.503,89.885
South Australia,winter,Field peas,2020-21,2020,final,82.592,138.667
South Australia,winter,Field peas,2021-22,2021,final,80.0,85.0
South Australia,winter,Field peas,2022-23,2022,estimate,75.0,120.0
South Australia,winter,Field peas,2023-24,2023,estimate,75.0,86.0
South Australia,winter,Field peas,2024-25,2024,estimate,70.0,65.0
South Australia,winter,Field peas,2025-26,2025,estimate,65.0,69.55
South Australia,winter,Field peas,2026-27,2026,forecast,65.0,75.501
South Australia,winter,Lentils,1989-90,1989,final,0.3,0.27
South Australia,winter,Lentils,1990-91,1990,final,0.09,0.113
South Australia,winter,Lentils,1991-92,1991,final,0.2,0.323
South Australia,winter,Lentils,1992-93,1992,final,0.025,0.05
South Australia,winter,Lentils,1993-94,1993,final,0.426,0.428
South Australia,winter,Lentils,1994-95,1994,final,0.0,0.0
South Australia,winter,Lentils,1995-96,1995,final,0.0,0.0
South Australia,winter,Lentils,1996-97,1996,final,1.414,2.14
South Australia,winter,Lentils,1997-98,1997,final,2.847,3.252
South Australia,winter,Lentils,1998-99,1998,final,6.573,10.233
South Australia,winter,Lentils,1999-00,1999,final,0.0,0.0
South Australia,winter,Lentils,2000-01,2000,final,0.0,0.0
South Australia,winter,Lentils,2001-02,2001,final,0.0,0.0
South Australia,winter,Lentils,2002-03,2002,final,70.0,61.0
South Australia,winter,Lentils,2003-04,2003,final,0.0,0.0
South Australia,winter,Lentils,2004-05,2004,final,0.0,0.0
South Australia,winter,Lentils,2005-06,2005,final,54.211,102.068
South Australia,winter,Lentils,2006-07,2006,final,83.857,25.026
South Australia,winter,Lentils,2007-08,2007,final,60.0,69.0
South Australia,winter,Lentils,2008-09,2008,final,45.391,39.166
South Australia,winter,Lentils,2009-10,2009,final,52.0,93.0
South Australia,winter,Lentils,2010-11,2010,final,106.13,221.966
South Australia,winter,Lentils,2011-12,2011,final,95.0,162.0
South Australia,winter,Lentils,2012-13,2012,final,86.7,103.0
South Australia,winter,Lentils,2013-14,2013,final,89.0,141.0
South Australia,winter,Lentils,2014-15,2014,final,102.2,161.6
South Australia,winter,Lentils,2015-16,2015,final,115.225,137.099
South Australia,winter,Lentils,2016-17,2016,final,160.0,470.0
South Australia,winter,Lentils,2017-18,2017,final,197.932,274.295
South Australia,winter,Lentils,2018-19,2018,final,169.384,212.587
South Australia,winter,Lentils,2019-20,2019,final,160.766,233.7
South Australia,winter,Lentils,2020-21,2020,final,219.454,380.16
South Australia,winter,Lentils,2021-22,2021,final,270.0,540.0
South Australia,winter,Lentils,2022-23,2022,estimate,320.0,900.0
South Australia,winter,Lentils,2023-24,2023,estimate,390.0,760.0
South Australia,winter,Lentils,2024-25,2024,estimate,470.0,554.6
South Australia,winter,Lentils,2025-26,2025,estimate,580.0,1113.6
South Australia,winter,Lentils,2026-27,2026,forecast,600.0,1200.0
South Australia,winter,Lupins,1989-90,1989,final,42.278,45.393
South Australia,winter,Lupins,1990-91,1990,final,38.405,30.521
South Australia,winter,Lupins,1991-92,1991,final,47.823,55.592
South Australia,winter,Lupins,1992-93,1992,final,57.638,97.365
South Australia,winter,Lupins,1993-94,1993,final,69.633,81.997
South Australia,winter,Lupins,1994-95,1994,final,82.724,56.259
South Australia,winter,Lupins,1995-96,1995,final,79.58,89.909
South Australia,winter,Lupins,1996-97,1996,final,71.471,101.758
South Australia,winter,Lupins,1997-98,1997,final,95.928,105.608
South Australia,winter,Lupins,1998-99,1998,final,78.652,101.855
South Australia,winter,Lupins,1999-00,1999,final,72.729,79.844
South Australia,winter,Lupins,2000-01,2000,final,66.508,98.209
South Australia,winter,Lupins,2001-02,2001,final,80.123,146.515
South Australia,winter,Lupins,2002-03,2002,final,88.908,90.461
South Australia,winter,Lupins,2003-04,2003,final,85.659,121.852
South Australia,winter,Lupins,2004-05,2004,final,69.415,67.713
South Australia,winter,Lupins,2005-06,2005,final,72.376,121.377
South Australia,winter,Lupins,2006-07,2006,final,89.34,34.153
South Australia,winter,Lupins,2007-08,2007,final,76.501,67.036
South Australia,winter,Lupins,2008-09,2008,final,52.569,51.952
South Australia,winter,Lupins,2009-10,2009,final,53.072,74.332
South Australia,winter,Lupins,2010-11,2010,final,63.666,92.985
South Australia,winter,Lupins,2011-12,2011,final,63.218,72.821
South Australia,winter,Lupins,2012-13,2012,final,60.5,74.0
South Australia,winter,Lupins,2013-14,2013,final,56.0,78.0
South Australia,winter,Lupins,2014-15,2014,final,68.3,75.0
South Australia,winter,Lupins,2015-16,2015,final,62.192,52.761
South Australia,winter,Lupins,2016-17,2016,final,70.0,100.0
South Australia,winter,Lupins,2017-18,2017,final,65.6,82.288
South Australia,winter,Lupins,2018-19,2018,final,42.346,37.203
South Australia,winter,Lupins,2019-20,2019,final,45.216,41.347
South Australia,winter,Lupins,2020-21,2020,final,57.031,84.418
South Australia,winter,Lupins,2021-22,2021,final,40.0,45.0
South Australia,winter,Lupins,2022-23,2022,estimate,45.0,55.0
South Australia,winter,Lupins,2023-24,2023,estimate,40.0,48.0
South Australia,winter,Lupins,2024-25,2024,estimate,38.0,35.0
South Australia,winter,Lupins,2025-26,2025,estimate,36.0,46.8
South Australia,winter,Lupins,2026-27,2026,forecast,33.0,42.544
South Australia,winter,Oats,1989-90,1989,final,172.0,249.9
South Australia,winter,Oats,1990-91,1990,final,134.6,147.6
South Australia,winter,Oats,1991-92,1991,final,129.3,172.5
South Australia,winter,Oats,1992-93,1992,final,122.9,164.5
South Australia,winter,Oats,1993-94,1993,final,101.493,135.053
South Australia,winter,Oats,1994-95,1994,final,94.927,86.982
South Australia,winter,Oats,1995-96,1995,final,119.618,161.891
South Australia,winter,Oats,1996-97,1996,final,120.6,155.752
South Australia,winter,Oats,1997-98,1997,final,110.546,153.018
South Australia,winter,Oats,1998-99,1998,final,112.449,178.082
South Australia,winter,Oats,1999-00,1999,final,69.907,77.534
South Australia,winter,Oats,2000-01,2000,final,75.022,117.21
South Australia,winter,Oats,2001-02,2001,final,108.25,202.941
South Australia,winter,Oats,2002-03,2002,final,87.923,69.898
South Australia,winter,Oats,2003-04,2003,final,88.664,137.396
South Australia,winter,Oats,2004-05,2004,final,75.805,89.712
South Australia,winter,Oats,2005-06,2005,final,72.177,119.556
South Australia,winter,Oats,2006-07,2006,final,106.353,51.52
South Australia,winter,Oats,2007-08,2007,final,141.579,115.284
South Australia,winter,Oats,2008-09,2008,final,100.042,81.331
South Australia,winter,Oats,2009-10,2009,final,96.168,144.015
South Australia,winter,Oats,2010-11,2010,final,67.005,124.568
South Australia,winter,Oats,2011-12,2011,final,54.95,78.033
South Australia,winter,Oats,2012-13,2012,final,67.899,88.43
South Australia,winter,Oats,2013-14,2013,final,53.676,82.175
South Australia,winter,Oats,2014-15,2014,final,56.825,89.434
South Australia,winter,Oats,2015-16,2015,final,65.419,102.548
South Australia,winter,Oats,2016-17,2016,final,86.092,179.374
South Australia,winter,Oats,2017-18,2017,final,57.088,93.916
South Australia,winter,Oats,2018-19,2018,final,115.379,140.275
South Australia,winter,Oats,2019-20,2019,final,92.239,91.794
South Australia,winter,Oats,2020-21,2020,final,99.866,161.43
South Australia,winter,Oats,2021-22,2021,final,79.111,145.667
South Australia,winter,Oats,2022-23,2022,estimate,75.0,200.0
South Australia,winter,Oats,2023-24,2023,estimate,65.0,130.0
South Australia,winter,Oats,2024-25,2024,estimate,60.0,90.0
South Australia,winter,Oats,2025-26,2025,estimate,80.0,168.0
South Australia,winter,Oats,2026-27,2026,forecast,90.0,192.764
South Australia,winter,Triticale,1989-90,1989,final,9.1,13.124
South Australia,winter,Triticale,1990-91,1990,final,11.3,14.087
South Australia,winter,Triticale,1991-92,1991,final,14.0,21.039
South Australia,winter,Triticale,1992-93,1992,final,28.0,54.388
South Australia,winter,Triticale,1993-94,1993,final,29.63,48.982
South Australia,winter,Triticale,1994-95,1994,final,41.385,43.862
South Australia,winter,Triticale,1995-96,1995,final,66.406,103.751
South Australia,winter,Triticale,1996-97,1996,final,105.421,140.51
South Australia,winter,Triticale,1997-98,1997,final,96.699,139.46
South Australia,winter,Triticale,1998-99,1998,final,99.189,146.577
South Australia,winter,Triticale,1999-00,1999,final,87.803,108.957
South Australia,winter,Triticale,2000-01,2000,final,105.313,157.179
South Australia,winter,Triticale,2001-02,2001,final,108.571,178.828
South Australia,winter,Triticale,2002-03,2002,final,109.395,67.848
South Australia,winter,Triticale,2003-04,2003,final,122.24,153.458
South Australia,winter,Triticale,2004-05,2004,final,93.412,72.874
South Australia,winter,Triticale,2005-06,2005,final,83.02,125.565
South Australia,winter,Triticale,2006-07,2006,final,71.201,38.903
South Australia,winter,Triticale,2007-08,2007,final,85.947,73.944
South Australia,winter,Triticale,2008-09,2008,final,67.701,47.698
South Australia,winter,Triticale,2009-10,2009,final,83.56,89.554
South Australia,winter,Triticale,2010-11,2010,final,51.52,85.646
South Australia,winter,Triticale,2011-12,2011,final,32.023,40.835
South Australia,winter,Triticale,2012-13,2012,final,28.541,38.277
South Australia,winter,Triticale,2013-14,2013,final,21.157,20.047
South Australia,winter,Triticale,2014-15,2014,final,16.277,18.033
South Australia,winter,Triticale,2015-16,2015,final,17.952,18.487
South Australia,winter,Triticale,2016-17,2016,final,15.925,27.796
South Australia,winter,Triticale,2017-18,2017,final,15.779,15.859
South Australia,winter,Triticale,2018-19,2018,final,8.678,5.949
South Australia,winter,Triticale,2019-20,2019,final,26.836,10.845
South Australia,winter,Triticale,2020-21,2020,final,34.693,34.649
South Australia,winter,Triticale,2021-22,2021,final,15.0,19.0
South Australia,winter,Triticale,2022-23,2022,estimate,16.0,30.0
South Australia,winter,Triticale,2023-24,2023,estimate,16.0,16.0
South Australia,winter,Triticale,2024-25,2024,estimate,12.0,11.9
South Australia,winter,Triticale,2025-26,2025,estimate,11.0,11.99
South Australia,winter,Triticale,2026-27,2026,forecast,11.0,13.691
South Australia,winter,Wheat,1989-90,1989,final,1556.6,2607.2
South Australia,winter,Wheat,1990-91,1990,final,1447.8,2020.8
South Australia,winter,Wheat,1991-92,1991,final,1296.8,2141.0
South Australia,winter,Wheat,1992-93,1992,final,1419.5,2421.2
South Australia,winter,Wheat,1993-94,1993,final,1216.0,2121.1
South Australia,winter,Wheat,1994-95,1994,final,1394.7,1487.4
South Australia,winter,Wheat,1995-96,1995,final,1519.1,2724.0
South Australia,winter,Wheat,1996-97,1996,final,1534.9,2794.9
South Australia,winter,Wheat,1997-98,1997,final,1438.5,2689.2
South Australia,winter,Wheat,1998-99,1998,final,1762.1,3310.4
South Australia,winter,Wheat,1999-00,1999,final,1850.0,2585.5
South Australia,winter,Wheat,2000-01,2000,final,1975.6,4162.4
South Australia,winter,Wheat,2001-02,2001,final,1986.6,4778.5
South Australia,winter,Wheat,2002-03,2002,final,1956.5,2071.8
South Australia,winter,Wheat,2003-04,2003,final,1959.5,3490.4
South Australia,winter,Wheat,2004-05,2004,final,1979.2,2620.8
South Australia,winter,Wheat,2005-06,2005,final,2034.9,3852.8
South Australia,winter,Wheat,2006-07,2006,final,2172.5,1446.0
South Australia,winter,Wheat,2007-08,2007,final,2120.8,2296.0
South Australia,winter,Wheat,2008-09,2008,final,2103.9,2376.1
South Australia,winter,Wheat,2009-10,2009,final,2122.4,4001.3
South Australia,winter,Wheat,2010-11,2010,final,2340.6,5948.7
South Australia,winter,Wheat,2011-12,2011,final,2249.066,4524.803
South Australia,winter,Wheat,2012-13,2012,final,2118.739,3678.962
South Australia,winter,Wheat,2013-14,2013,final,1926.85,4254.313
South Australia,winter,Wheat,2014-15,2014,final,2045.009,4602.087
South Australia,winter,Wheat,2015-16,2015,final,1769.7,3679.342
South Australia,winter,Wheat,2016-17,2016,final,2178.255,6132.504
South Australia,winter,Wheat,2017-18,2017,final,1975.81,4051.954
South Australia,winter,Wheat,2018-19,2018,final,1820.819,3024.524
South Australia,winter,Wheat,2019-20,2019,final,1720.943,2689.074
South Australia,winter,Wheat,2020-21,2020,final,1830.975,3982.208
South Australia,winter,Wheat,2021-22,2021,final,2008.064,4750.113
South Australia,winter,Wheat,2022-23,2022,estimate,2200.0,7350.0
South Australia,winter,Wheat,2023-24,2023,estimate,2150.0,4800.0
South Australia,winter,Wheat,2024-25,2024,estimate,2050.0,2770.0
South Australia,winter,Wheat,2025-26,2025,estimate,2000.0,4740.0
South Australia,winter,Wheat,2026-27,2026,forecast,2050.0,6000.0
Tasmania,summer,Corn (maize),1989-90,1989,final,0.0,0.0
Tasmania,summer,Corn (maize),1990-91,1990,final,0.0,0.0
Tasmania,summer,Corn (maize),1991-92,1991,final,0.0,0.0
Tasmania,summer,Corn (maize),1992-93,1992,final,0.0,0.0
Tasmania,summer,Corn (maize),1993-94,1993,final,0.0,0.0
Tasmania,summer,Corn (maize),1994-95,1994,final,0.0,0.0
Tasmania,summer,Corn (maize),1995-96,1995,final,0.0,0.0
Tasmania,summer,Corn (maize),1996-97,1996,final,0.0,0.0
Tasmania,summer,Corn (maize),1997-98,1997,final,0.0,0.0
Tasmania,summer,Corn (maize),1998-99,1998,final,0.008,0.138
Tasmania,summer,Corn (maize),1999-00,1999,final,0.0,0.0
Tasmania,summer,Corn (maize),2000-01,2000,final,0.0,0.0
Tasmania,summer,Corn (maize),2001-02,2001,final,0.0,0.0
Tasmania,summer,Corn (maize),2002-03,2002,final,0.0,0.0
Tasmania,summer,Corn (maize),2003-04,2003,final,0.0,0.0
Tasmania,summer,Corn (maize),2004-05,2004,final,0.0,0.0
Tasmania,summer,Corn (maize),2005-06,2005,final,0.0,0.0
Tasmania,summer,Corn (maize),2006-07,2006,final,0.0,0.0
Tasmania,summer,Corn (maize),2007-08,2007,final,0.0,0.0
Tasmania,summer,Corn (maize),2008-09,2008,final,0.105,0.537
Tasmania,summer,Corn (maize),2009-10,2009,final,0.005,0.029
Tasmania,summer,Corn (maize),2010-11,2010,final,0.0,0.0
Tasmania,summer,Corn (maize),2011-12,2011,final,0.0,0.0
Tasmania,summer,Corn (maize),2012-13,2012,final,0.0,0.0
Tasmania,summer,Corn (maize),2013-14,2013,final,0.0,0.0
Tasmania,summer,Corn (maize),2014-15,2014,final,0.03,0.307
Tasmania,summer,Corn (maize),2015-16,2015,final,0.014,0.257
Tasmania,summer,Corn (maize),2016-17,2016,final,0.072,1.147
Tasmania,summer,Corn (maize),2017-18,2017,final,0.244,4.238
Tasmania,summer,Corn (maize),2018-19,2018,final,0.133,0.114
Tasmania,summer,Corn (maize),2019-20,2019,final,0.867,5.0
Tasmania,summer,Corn (maize),2020-21,2020,final,0.026,0.202
Tasmania,summer,Corn (maize),2021-22,2021,final,0.25,4.25
Tasmania,summer,Corn (maize),2022-23,2022,estimate,0.3,5.1
Tasmania,summer,Corn (maize),2023-24,2023,estimate,0.3,4.25
Tasmania,summer,Corn (maize),2024-25,2024,estimate,0.3,4.53
Tasmania,summer,Corn (maize),2025-26,2025,estimate,0.25,4.25
Tasmania,summer,Corn (maize),2026-27,2026,forecast,0.25,4.0
Tasmania,summer,Cotton lint,1989-90,1989,final,0.0,0.0
Tasmania,summer,Cotton lint,1990-91,1990,final,0.0,0.0
Tasmania,summer,Cotton lint,1991-92,1991,final,0.0,0.0
Tasmania,summer,Cotton lint,1992-93,1992,final,0.0,0.0
Tasmania,summer,Cotton lint,1993-94,1993,final,0.0,0.0
Tasmania,summer,Cotton lint,1994-95,1994,final,0.0,0.0
Tasmania,summer,Cotton lint,1995-96,1995,final,0.0,0.0
Tasmania,summer,Cotton lint,1996-97,1996,final,0.0,0.0
Tasmania,summer,Cotton lint,1997-98,1997,final,0.0,0.0
Tasmania,summer,Cotton lint,1998-99,1998,final,0.0,0.0
Tasmania,summer,Cotton lint,1999-00,1999,final,0.0,0.0
Tasmania,summer,Cotton lint,2000-01,2000,final,0.0,0.0
Tasmania,summer,Cotton lint,2001-02,2001,final,0.0,0.0
Tasmania,summer,Cotton lint,2002-03,2002,final,0.0,0.0
Tasmania,summer,Cotton lint,2003-04,2003,final,0.0,0.0
Tasmania,summer,Cotton lint,2004-05,2004,final,0.0,0.0
Tasmania,summer,Cotton lint,2005-06,2005,final,0.0,0.0
Tasmania,summer,Cotton lint,2006-07,2006,final,0.0,0.0
Tasmania,summer,Cotton lint,2007-08,2007,final,0.0,0.0
Tasmania,summer,Cotton lint,2008-09,2008,final,0.0,0.0
Tasmania,summer,Cotton lint,2009-10,2009,final,0.0,0.0
Tasmania,summer,Cotton lint,2010-11,2010,final,0.001,0.0
Tasmania,summer,Cotton lint,2011-12,2011,final,0.0,0.0
Tasmania,summer,Cotton lint,2012-13,2012,final,0.0,0.0
Tasmania,summer,Cotton lint,2013-14,2013,final,0.0,0.0
Tasmania,summer,Cotton lint,2014-15,2014,final,0.0,0.0
Tasmania,summer,Cotton lint,2015-16,2015,final,0.0,0.0
Tasmania,summer,Cotton lint,2016-17,2016,final,0.0,0.0
Tasmania,summer,Cotton lint,2017-18,2017,final,0.0,0.0
Tasmania,summer,Cotton lint,2018-19,2018,final,0.0,0.0
Tasmania,summer,Cotton lint,2019-20,2019,final,0.0,0.0
Tasmania,summer,Cotton lint,2020-21,2020,final,0.0,0.0
Tasmania,summer,Cotton lint,2021-22,2021,final,0.0,0.0
Tasmania,summer,Cotton lint,2022-23,2022,estimate,0.0,0.0
Tasmania,summer,Cotton lint,2023-24,2023,estimate,0.0,0.0
Tasmania,summer,Cotton lint,2024-25,2024,estimate,0.0,0.0
Tasmania,summer,Cotton lint,2025-26,2025,estimate,0.0,0.0
Tasmania,summer,Cotton lint,2026-27,2026,forecast,0.0,0.0
Tasmania,summer,Cottonseed,1989-90,1989,final,0.0,0.0
Tasmania,summer,Cottonseed,1990-91,1990,final,0.0,0.0
Tasmania,summer,Cottonseed,1991-92,1991,final,0.0,0.0
Tasmania,summer,Cottonseed,1992-93,1992,final,0.0,0.0
Tasmania,summer,Cottonseed,1993-94,1993,final,0.0,0.0
Tasmania,summer,Cottonseed,1994-95,1994,final,0.0,0.0
Tasmania,summer,Cottonseed,1995-96,1995,final,0.0,0.0
Tasmania,summer,Cottonseed,1996-97,1996,final,0.0,0.0
Tasmania,summer,Cottonseed,1997-98,1997,final,0.0,0.0
Tasmania,summer,Cottonseed,1998-99,1998,final,0.0,0.0
Tasmania,summer,Cottonseed,1999-00,1999,final,0.0,0.0
Tasmania,summer,Cottonseed,2000-01,2000,final,0.0,0.0
Tasmania,summer,Cottonseed,2001-02,2001,final,0.0,0.0
Tasmania,summer,Cottonseed,2002-03,2002,final,0.0,0.0
Tasmania,summer,Cottonseed,2003-04,2003,final,0.0,0.0
Tasmania,summer,Cottonseed,2004-05,2004,final,0.0,0.0
Tasmania,summer,Cottonseed,2005-06,2005,final,0.0,0.0
Tasmania,summer,Cottonseed,2006-07,2006,final,0.0,0.0
Tasmania,summer,Cottonseed,2007-08,2007,final,0.0,0.0
Tasmania,summer,Cottonseed,2008-09,2008,final,0.0,0.0
Tasmania,summer,Cottonseed,2009-10,2009,final,0.0,0.0
Tasmania,summer,Cottonseed,2010-11,2010,final,0.001,0.0
Tasmania,summer,Cottonseed,2011-12,2011,final,0.0,0.0
Tasmania,summer,Cottonseed,2012-13,2012,final,0.0,0.0
Tasmania,summer,Cottonseed,2013-14,2013,final,0.0,0.0
Tasmania,summer,Cottonseed,2014-15,2014,final,0.0,0.0
Tasmania,summer,Cottonseed,2015-16,2015,final,0.0,0.0
Tasmania,summer,Cottonseed,2016-17,2016,final,0.0,0.0
Tasmania,summer,Cottonseed,2017-18,2017,final,0.0,0.0
Tasmania,summer,Cottonseed,2018-19,2018,final,0.0,0.0
Tasmania,summer,Cottonseed,2019-20,2019,final,0.0,0.0
Tasmania,summer,Cottonseed,2020-21,2020,final,0.0,0.0
Tasmania,summer,Cottonseed,2021-22,2021,final,0.0,0.0
Tasmania,summer,Cottonseed,2022-23,2022,estimate,0.0,0.0
Tasmania,summer,Cottonseed,2023-24,2023,estimate,0.0,0.0
Tasmania,summer,Cottonseed,2024-25,2024,estimate,0.0,0.0
Tasmania,summer,Cottonseed,2025-26,2025,estimate,0.0,0.0
Tasmania,summer,Cottonseed,2026-27,2026,forecast,0.0,0.0
Tasmania,summer,Grain sorghum,1989-90,1989,final,0.0,0.0
Tasmania,summer,Grain sorghum,1990-91,1990,final,0.0,0.0
Tasmania,summer,Grain sorghum,1991-92,1991,final,0.0,0.0
Tasmania,summer,Grain sorghum,1992-93,1992,final,0.0,0.0
Tasmania,summer,Grain sorghum,1993-94,1993,final,0.0,0.0
Tasmania,summer,Grain sorghum,1994-95,1994,final,0.0,0.0
Tasmania,summer,Grain sorghum,1995-96,1995,final,0.0,0.0
Tasmania,summer,Grain sorghum,1996-97,1996,final,0.024,0.084
Tasmania,summer,Grain sorghum,1997-98,1997,final,0.0,0.0
Tasmania,summer,Grain sorghum,1998-99,1998,final,0.0,0.0
Tasmania,summer,Grain sorghum,1999-00,1999,final,0.0,0.0
Tasmania,summer,Grain sorghum,2000-01,2000,final,0.0,0.0
Tasmania,summer,Grain sorghum,2001-02,2001,final,0.0,0.0
Tasmania,summer,Grain sorghum,2002-03,2002,final,0.0,0.0
Tasmania,summer,Grain sorghum,2003-04,2003,final,0.0,0.0
Tasmania,summer,Grain sorghum,2004-05,2004,final,0.0,0.0
Tasmania,summer,Grain sorghum,2005-06,2005,final,0.0,0.0
Tasmania,summer,Grain sorghum,2006-07,2006,final,0.0,0.0
Tasmania,summer,Grain sorghum,2007-08,2007,final,0.0,0.0
Tasmania,summer,Grain sorghum,2008-09,2008,final,0.017,0.029
Tasmania,summer,Grain sorghum,2009-10,2009,final,0.0,0.0
Tasmania,summer,Grain sorghum,2010-11,2010,final,0.0,0.0
Tasmania,summer,Grain sorghum,2011-12,2011,final,0.0,0.0
Tasmania,summer,Grain sorghum,2012-13,2012,final,0.0,0.0
Tasmania,summer,Grain sorghum,2013-14,2013,final,0.0,0.0
Tasmania,summer,Grain sorghum,2014-15,2014,final,0.0,0.0
Tasmania,summer,Grain sorghum,2015-16,2015,final,0.0,0.0
Tasmania,summer,Grain sorghum,2016-17,2016,final,0.0,0.0
Tasmania,summer,Grain sorghum,2017-18,2017,final,0.0,0.0
Tasmania,summer,Grain sorghum,2018-19,2018,final,0.0,0.0
Tasmania,summer,Grain sorghum,2019-20,2019,final,0.0,0.0
Tasmania,summer,Grain sorghum,2020-21,2020,final,0.0,0.0
Tasmania,summer,Grain sorghum,2021-22,2021,final,0.0,0.0
Tasmania,summer,Grain sorghum,2022-23,2022,estimate,0.0,0.0
Tasmania,summer,Grain sorghum,2023-24,2023,estimate,0.0,0.0
Tasmania,summer,Grain sorghum,2024-25,2024,estimate,0.0,0.0
Tasmania,summer,Grain sorghum,2025-26,2025,estimate,0.0,0.0
Tasmania,summer,Grain sorghum,2026-27,2026,forecast,0.0,0.0
Tasmania,summer,Rice,1989-90,1989,final,0.0,0.0
Tasmania,summer,Rice,1990-91,1990,final,0.0,0.0
Tasmania,summer,Rice,1991-92,1991,final,0.0,0.0
Tasmania,summer,Rice,1992-93,1992,final,0.0,0.0
Tasmania,summer,Rice,1993-94,1993,final,0.0,0.0
Tasmania,summer,Rice,1994-95,1994,final,0.0,0.0
Tasmania,summer,Rice,1995-96,1995,final,0.0,0.0
Tasmania,summer,Rice,1996-97,1996,final,0.0,0.0
Tasmania,summer,Rice,1997-98,1997,final,0.0,0.0
Tasmania,summer,Rice,1998-99,1998,final,0.0,0.0
Tasmania,summer,Rice,1999-00,1999,final,0.0,0.0
Tasmania,summer,Rice,2000-01,2000,final,0.0,0.0
Tasmania,summer,Rice,2001-02,2001,final,0.0,0.0
Tasmania,summer,Rice,2002-03,2002,final,0.0,0.0
Tasmania,summer,Rice,2003-04,2003,final,0.0,0.0
Tasmania,summer,Rice,2004-05,2004,final,0.0,0.0
Tasmania,summer,Rice,2005-06,2005,final,0.0,0.0
Tasmania,summer,Rice,2006-07,2006,final,0.0,0.0
Tasmania,summer,Rice,2007-08,2007,final,0.0,0.0
Tasmania,summer,Rice,2008-09,2008,final,0.0,0.0
Tasmania,summer,Rice,2009-10,2009,final,0.0,0.0
Tasmania,summer,Rice,2010-11,2010,final,0.0,0.0
Tasmania,summer,Rice,2011-12,2011,final,0.0,0.0
Tasmania,summer,Rice,2012-13,2012,final,0.0,0.0
Tasmania,summer,Rice,2013-14,2013,final,0.0,0.0
Tasmania,summer,Rice,2014-15,2014,final,0.0,0.0
Tasmania,summer,Rice,2015-16,2015,final,0.0,0.0
Tasmania,summer,Rice,2016-17,2016,final,0.0,0.0
Tasmania,summer,Rice,2017-18,2017,final,0.0,0.0
Tasmania,summer,Rice,2018-19,2018,final,0.0,0.0
Tasmania,summer,Rice,2019-20,2019,final,0.0,0.0
Tasmania,summer,Rice,2020-21,2020,final,0.0,0.0
Tasmania,summer,Rice,2021-22,2021,final,0.0,0.0
Tasmania,summer,Rice,2022-23,2022,estimate,0.0,0.0
Tasmania,summer,Rice,2023-24,2023,estimate,0.0,0.0
Tasmania,summer,Rice,2024-25,2024,estimate,0.0,0.0
Tasmania,summer,Rice,2025-26,2025,estimate,0.0,0.0
Tasmania,summer,Rice,2026-27,2026,forecast,0.0,0.0
Tasmania,summer,Soybeans,1989-90,1989,final,0.0,0.0
Tasmania,summer,Soybeans,1990-91,1990,final,0.0,0.0
Tasmania,summer,Soybeans,1991-92,1991,final,0.0,0.0
Tasmania,summer,Soybeans,1992-93,1992,final,0.0,0.0
Tasmania,summer,Soybeans,1993-94,1993,final,0.0,0.0
Tasmania,summer,Soybeans,1994-95,1994,final,0.0,0.0
Tasmania,summer,Soybeans,1995-96,1995,final,0.0,0.0
Tasmania,summer,Soybeans,1996-97,1996,final,0.0,0.0
Tasmania,summer,Soybeans,1997-98,1997,final,0.0,0.0
Tasmania,summer,Soybeans,1998-99,1998,final,0.0,0.0
Tasmania,summer,Soybeans,1999-00,1999,final,0.0,0.0
Tasmania,summer,Soybeans,2000-01,2000,final,0.0,0.0
Tasmania,summer,Soybeans,2001-02,2001,final,0.0,0.0
Tasmania,summer,Soybeans,2002-03,2002,final,0.0,0.0
Tasmania,summer,Soybeans,2003-04,2003,final,0.0,0.0
Tasmania,summer,Soybeans,2004-05,2004,final,0.0,0.0
Tasmania,summer,Soybeans,2005-06,2005,final,0.0,0.0
Tasmania,summer,Soybeans,2006-07,2006,final,0.0,0.0
Tasmania,summer,Soybeans,2007-08,2007,final,0.001,0.0
Tasmania,summer,Soybeans,2008-09,2008,final,0.0,0.0
Tasmania,summer,Soybeans,2009-10,2009,final,0.0,0.0
Tasmania,summer,Soybeans,2010-11,2010,final,0.0,0.0
Tasmania,summer,Soybeans,2011-12,2011,final,0.0,0.0
Tasmania,summer,Soybeans,2012-13,2012,final,0.0,0.0
Tasmania,summer,Soybeans,2013-14,2013,final,0.0,0.0
Tasmania,summer,Soybeans,2014-15,2014,final,0.0,0.0
Tasmania,summer,Soybeans,2015-16,2015,final,0.0,0.0
Tasmania,summer,Soybeans,2016-17,2016,final,0.0,0.0
Tasmania,summer,Soybeans,2017-18,2017,final,0.0,0.0
Tasmania,summer,Soybeans,2018-19,2018,final,0.0,0.0
Tasmania,summer,Soybeans,2019-20,2019,final,0.0,0.0
Tasmania,summer,Soybeans,2020-21,2020,final,0.0,0.0
Tasmania,summer,Soybeans,2021-22,2021,final,0.0,0.0
Tasmania,summer,Soybeans,2022-23,2022,estimate,0.0,0.0
Tasmania,summer,Soybeans,2023-24,2023,estimate,0.0,0.0
Tasmania,summer,Soybeans,2024-25,2024,estimate,0.0,0.0
Tasmania,summer,Soybeans,2025-26,2025,estimate,0.0,0.0
Tasmania,summer,Soybeans,2026-27,2026,forecast,0.0,0.0
Tasmania,summer,Sunflower,1989-90,1989,final,0.0,0.0
Tasmania,summer,Sunflower,1990-91,1990,final,0.0,0.0
Tasmania,summer,Sunflower,1991-92,1991,final,0.0,0.0
Tasmania,summer,Sunflower,1992-93,1992,final,0.0,0.0
Tasmania,summer,Sunflower,1993-94,1993,final,0.0,0.0
Tasmania,summer,Sunflower,1994-95,1994,final,0.0,0.0
Tasmania,summer,Sunflower,1995-96,1995,final,0.0,0.0
Tasmania,summer,Sunflower,1996-97,1996,final,0.0,0.0
Tasmania,summer,Sunflower,1997-98,1997,final,0.0,0.0
Tasmania,summer,Sunflower,1998-99,1998,final,0.0,0.0
Tasmania,summer,Sunflower,1999-00,1999,final,0.0,0.0
Tasmania,summer,Sunflower,2000-01,2000,final,0.0,0.0
Tasmania,summer,Sunflower,2001-02,2001,final,0.0,0.0
Tasmania,summer,Sunflower,2002-03,2002,final,0.0,0.0
Tasmania,summer,Sunflower,2003-04,2003,final,0.0,0.0
Tasmania,summer,Sunflower,2004-05,2004,final,0.0,0.0
Tasmania,summer,Sunflower,2005-06,2005,final,0.0,0.0
Tasmania,summer,Sunflower,2006-07,2006,final,0.0,0.0
Tasmania,summer,Sunflower,2007-08,2007,final,0.001,0.0
Tasmania,summer,Sunflower,2008-09,2008,final,0.001,0.0
Tasmania,summer,Sunflower,2009-10,2009,final,0.001,0.0
Tasmania,summer,Sunflower,2010-11,2010,final,0.0,0.0
Tasmania,summer,Sunflower,2011-12,2011,final,0.0,0.0
Tasmania,summer,Sunflower,2012-13,2012,final,0.0,0.0
Tasmania,summer,Sunflower,2013-14,2013,final,0.0,0.0
Tasmania,summer,Sunflower,2014-15,2014,final,0.0,0.0
Tasmania,summer,Sunflower,2015-16,2015,final,0.0,0.0
Tasmania,summer,Sunflower,2016-17,2016,final,0.0,0.0
Tasmania,summer,Sunflower,2017-18,2017,final,0.0,0.0
Tasmania,summer,Sunflower,2018-19,2018,final,0.0,0.0
Tasmania,summer,Sunflower,2019-20,2019,final,0.0,0.0
Tasmania,summer,Sunflower,2020-21,2020,final,0.0,0.0
Tasmania,summer,Sunflower,2021-22,2021,final,0.0,0.0
Tasmania,summer,Sunflower,2022-23,2022,estimate,0.0,0.0
Tasmania,summer,Sunflower,2023-24,2023,estimate,0.0,0.0
Tasmania,summer,Sunflower,2024-25,2024,estimate,0.0,0.0
Tasmania,summer,Sunflower,2025-26,2025,estimate,0.0,0.0
Tasmania,summer,Sunflower,2026-27,2026,forecast,0.0,0.0
Tasmania,winter,Barley,1989-90,1989,final,7.985,19.321
Tasmania,winter,Barley,1990-91,1990,final,9.766,25.979
Tasmania,winter,Barley,1991-92,1991,final,11.344,31.793
Tasmania,winter,Barley,1992-93,1992,final,12.3,35.285
Tasmania,winter,Barley,1993-94,1993,final,15.204,40.755
Tasmania,winter,Barley,1994-95,1994,final,13.969,27.073
Tasmania,winter,Barley,1995-96,1995,final,14.02,38.463
Tasmania,winter,Barley,1996-97,1996,final,14.502,35.237
Tasmania,winter,Barley,1997-98,1997,final,13.154,30.916
Tasmania,winter,Barley,1998-99,1998,final,11.166,30.044
Tasmania,winter,Barley,1999-00,1999,final,9.098,22.181
Tasmania,winter,Barley,2000-01,2000,final,9.668,25.992
Tasmania,winter,Barley,2001-02,2001,final,7.429,26.438
Tasmania,winter,Barley,2002-03,2002,final,8.263,21.233
Tasmania,winter,Barley,2003-04,2003,final,9.291,28.038
Tasmania,winter,Barley,2004-05,2004,final,7.577,27.801
Tasmania,winter,Barley,2005-06,2005,final,8.476,28.232
Tasmania,winter,Barley,2006-07,2006,final,7.464,16.168
Tasmania,winter,Barley,2007-08,2007,final,7.757,22.006
Tasmania,winter,Barley,2008-09,2008,final,10.583,28.512
Tasmania,winter,Barley,2009-10,2009,final,8.843,28.764
Tasmania,winter,Barley,2010-11,2010,final,10.889,39.06
Tasmania,winter,Barley,2011-12,2011,final,6.466,23.115
Tasmania,winter,Barley,2012-13,2012,final,5.093,16.513
Tasmania,winter,Barley,2013-14,2013,final,5.966,25.375
Tasmania,winter,Barley,2014-15,2014,final,5.237,16.942
Tasmania,winter,Barley,2015-16,2015,final,5.573,16.453
Tasmania,winter,Barley,2016-17,2016,final,8.118,33.43
Tasmania,winter,Barley,2017-18,2017,final,4.552,16.319
Tasmania,winter,Barley,2018-19,2018,final,6.102,27.54
Tasmania,winter,Barley,2019-20,2019,final,5.123,22.906
Tasmania,winter,Barley,2020-21,2020,final,5.423,30.84
Tasmania,winter,Barley,2021-22,2021,final,4.297,23.951
Tasmania,winter,Barley,2022-23,2022,estimate,11.0,60.5
Tasmania,winter,Barley,2023-24,2023,estimate,7.0,50.0
Tasmania,winter,Barley,2024-25,2024,estimate,6.0,30.0
Tasmania,winter,Barley,2025-26,2025,estimate,12.0,65.0
Tasmania,winter,Barley,2026-27,2026,forecast,11.0,60.0
Tasmania,winter,Canola,1989-90,1989,final,0.071,0.012
Tasmania,winter,Canola,1990-91,1990,final,0.023,0.017
Tasmania,winter,Canola,1991-92,1991,final,0.059,0.055
Tasmania,winter,Canola,1992-93,1992,final,0.093,0.129
Tasmania,winter,Canola,1993-94,1993,final,0.15,0.194
Tasmania,winter,Canola,1994-95,1994,final,0.209,0.152
Tasmania,winter,Canola,1995-96,1995,final,0.147,0.205
Tasmania,winter,Canola,1996-97,1996,final,0.027,0.031
Tasmania,winter,Canola,1997-98,1997,final,0.115,0.126
Tasmania,winter,Canola,1998-99,1998,final,0.83,1.198
Tasmania,winter,Canola,1999-00,1999,final,0.881,1.521
Tasmania,winter,Canola,2000-01,2000,final,0.303,0.438
Tasmania,winter,Canola,2001-02,2001,final,0.545,0.997
Tasmania,winter,Canola,2002-03,2002,final,0.255,0.477
Tasmania,winter,Canola,2003-04,2003,final,0.135,0.201
Tasmania,winter,Canola,2004-05,2004,final,0.605,1.174
Tasmania,winter,Canola,2005-06,2005,final,0.892,1.359
Tasmania,winter,Canola,2006-07,2006,final,0.892,0.443
Tasmania,winter,Canola,2007-08,2007,final,0.808,1.149
Tasmania,winter,Canola,2008-09,2008,final,1.662,2.063
Tasmania,winter,Canola,2009-10,2009,final,1.252,2.197
Tasmania,winter,Canola,2010-11,2010,final,0.71,1.065
Tasmania,winter,Canola,2011-12,2011,final,0.714,0.784
Tasmania,winter,Canola,2012-13,2012,final,0.556,0.851
Tasmania,winter,Canola,2013-14,2013,final,1.244,2.543
Tasmania,winter,Canola,2014-15,2014,final,1.13,1.821
Tasmania,winter,Canola,2015-16,2015,final,0.983,1.983
Tasmania,winter,Canola,2016-17,2016,final,1.316,2.852
Tasmania,winter,Canola,2017-18,2017,final,1.374,3.519
Tasmania,winter,Canola,2018-19,2018,final,0.928,2.686
Tasmania,winter,Canola,2019-20,2019,final,0.648,1.748
Tasmania,winter,Canola,2020-21,2020,final,1.324,4.303
Tasmania,winter,Canola,2021-22,2021,final,3.601,9.799
Tasmania,winter,Canola,2022-23,2022,estimate,5.0,10.0
Tasmania,winter,Canola,2023-24,2023,estimate,3.0,6.0
Tasmania,winter,Canola,2024-25,2024,estimate,2.5,7.0
Tasmania,winter,Canola,2025-26,2025,estimate,5.0,17.0
Tasmania,winter,Canola,2026-27,2026,forecast,4.0,13.0
Tasmania,winter,Chickpeas,1989-90,1989,final,0.0,0.0
Tasmania,winter,Chickpeas,1990-91,1990,final,0.0,0.0
Tasmania,winter,Chickpeas,1991-92,1991,final,0.0,0.0
Tasmania,winter,Chickpeas,1992-93,1992,final,0.0,0.0
Tasmania,winter,Chickpeas,1993-94,1993,final,0.0,0.0
Tasmania,winter,Chickpeas,1994-95,1994,final,0.0,0.0
Tasmania,winter,Chickpeas,1995-96,1995,final,0.0,0.0
Tasmania,winter,Chickpeas,1996-97,1996,final,0.0,0.0
Tasmania,winter,Chickpeas,1997-98,1997,final,0.0,0.0
Tasmania,winter,Chickpeas,1998-99,1998,final,0.0,0.0
Tasmania,winter,Chickpeas,1999-00,1999,final,0.0,0.0
Tasmania,winter,Chickpeas,2000-01,2000,final,0.0,0.0
Tasmania,winter,Chickpeas,2001-02,2001,final,0.0,0.0
Tasmania,winter,Chickpeas,2002-03,2002,final,0.0,0.0
Tasmania,winter,Chickpeas,2003-04,2003,final,0.0,0.0
Tasmania,winter,Chickpeas,2004-05,2004,final,0.0,0.0
Tasmania,winter,Chickpeas,2005-06,2005,final,0.0,0.0
Tasmania,winter,Chickpeas,2006-07,2006,final,0.0,0.0
Tasmania,winter,Chickpeas,2007-08,2007,final,0.0,0.0
Tasmania,winter,Chickpeas,2008-09,2008,final,0.0,0.0
Tasmania,winter,Chickpeas,2009-10,2009,final,0.0,0.0
Tasmania,winter,Chickpeas,2010-11,2010,final,0.0,0.0
Tasmania,winter,Chickpeas,2011-12,2011,final,0.0,0.0
Tasmania,winter,Chickpeas,2012-13,2012,final,0.0,0.0
Tasmania,winter,Chickpeas,2013-14,2013,final,0.0,0.0
Tasmania,winter,Chickpeas,2014-15,2014,final,0.0,0.0
Tasmania,winter,Chickpeas,2015-16,2015,final,0.0,0.0
Tasmania,winter,Chickpeas,2016-17,2016,final,0.0,0.0
Tasmania,winter,Chickpeas,2017-18,2017,final,0.0,0.0
Tasmania,winter,Chickpeas,2018-19,2018,final,0.0,0.0
Tasmania,winter,Chickpeas,2019-20,2019,final,0.0,0.0
Tasmania,winter,Chickpeas,2020-21,2020,final,0.0,0.0
Tasmania,winter,Chickpeas,2021-22,2021,final,0.0,0.0
Tasmania,winter,Chickpeas,2022-23,2022,estimate,0.0,0.0
Tasmania,winter,Chickpeas,2023-24,2023,estimate,0.0,0.0
Tasmania,winter,Chickpeas,2024-25,2024,estimate,0.0,0.0
Tasmania,winter,Chickpeas,2025-26,2025,estimate,0.0,0.0
Tasmania,winter,Chickpeas,2026-27,2026,forecast,0.0,0.0
Tasmania,winter,Faba beans,1989-90,1989,final,0.355,0.0
Tasmania,winter,Faba beans,1990-91,1990,final,0.4,0.0
Tasmania,winter,Faba beans,1991-92,1991,final,0.008,0.0
Tasmania,winter,Faba beans,1992-93,1992,final,0.0,0.0
Tasmania,winter,Faba beans,1993-94,1993,final,0.0,0.0
Tasmania,winter,Faba beans,1994-95,1994,final,0.0,0.0
Tasmania,winter,Faba beans,1995-96,1995,final,0.0,0.0
Tasmania,winter,Faba beans,1996-97,1996,final,0.0,0.0
Tasmania,winter,Faba beans,1997-98,1997,final,0.0,0.0
Tasmania,winter,Faba beans,1998-99,1998,final,0.02,0.138
Tasmania,winter,Faba beans,1999-00,1999,final,0.0,0.0
Tasmania,winter,Faba beans,2000-01,2000,final,0.0,0.0
Tasmania,winter,Faba beans,2001-02,2001,final,0.0,0.0
Tasmania,winter,Faba beans,2002-03,2002,final,0.0,0.0
Tasmania,winter,Faba beans,2003-04,2003,final,0.0,0.0
Tasmania,winter,Faba beans,2004-05,2004,final,0.0,0.0
Tasmania,winter,Faba beans,2005-06,2005,final,0.0,0.0
Tasmania,winter,Faba beans,2006-07,2006,final,0.585,0.947
Tasmania,winter,Faba beans,2007-08,2007,final,0.0,0.0
Tasmania,winter,Faba beans,2008-09,2008,final,0.163,0.475
Tasmania,winter,Faba beans,2009-10,2009,final,0.0,0.0
Tasmania,winter,Faba beans,2010-11,2010,final,0.244,0.33
Tasmania,winter,Faba beans,2011-12,2011,final,0.137,0.0
Tasmania,winter,Faba beans,2012-13,2012,final,0.0,0.0
Tasmania,winter,Faba beans,2013-14,2013,final,0.0,0.0
Tasmania,winter,Faba beans,2014-15,2014,final,0.0,0.0
Tasmania,winter,Faba beans,2015-16,2015,final,0.249,0.512
Tasmania,winter,Faba beans,2016-17,2016,final,0.109,0.0
Tasmania,winter,Faba beans,2017-18,2017,final,0.0,0.0
Tasmania,winter,Faba beans,2018-19,2018,final,0.0,0.0
Tasmania,winter,Faba beans,2019-20,2019,final,0.0,0.0
Tasmania,winter,Faba beans,2020-21,2020,final,0.309,1.277
Tasmania,winter,Faba beans,2021-22,2021,final,0.0,0.0
Tasmania,winter,Faba beans,2022-23,2022,estimate,0.0,0.0
Tasmania,winter,Faba beans,2023-24,2023,estimate,0.067,0.179
Tasmania,winter,Faba beans,2024-25,2024,estimate,0.0,0.0
Tasmania,winter,Faba beans,2025-26,2025,estimate,0.0,0.0
Tasmania,winter,Faba beans,2026-27,2026,forecast,0.0,0.0
Tasmania,winter,Field peas,1989-90,1989,final,0.4,1.0
Tasmania,winter,Field peas,1990-91,1990,final,0.449,1.092
Tasmania,winter,Field peas,1991-92,1991,final,0.438,1.07
Tasmania,winter,Field peas,1992-93,1992,final,0.489,1.322
Tasmania,winter,Field peas,1993-94,1993,final,0.595,1.55
Tasmania,winter,Field peas,1994-95,1994,final,0.382,0.573
Tasmania,winter,Field peas,1995-96,1995,final,0.453,0.805
Tasmania,winter,Field peas,1996-97,1996,final,1.2,1.0
Tasmania,winter,Field peas,1997-98,1997,final,1.0,1.0
Tasmania,winter,Field peas,1998-99,1998,final,1.0,1.0
Tasmania,winter,Field peas,1999-00,1999,final,1.0,1.1
Tasmania,winter,Field peas,2000-01,2000,final,1.0,1.03
Tasmania,winter,Field peas,2001-02,2001,final,1.0,1.0
Tasmania,winter,Field peas,2002-03,2002,final,1.0,1.0
Tasmania,winter,Field peas,2003-04,2003,final,0.0,0.0
Tasmania,winter,Field peas,2004-05,2004,final,1.0,2.0
Tasmania,winter,Field peas,2005-06,2005,final,0.794,2.112
Tasmania,winter,Field peas,2006-07,2006,final,0.216,0.436
Tasmania,winter,Field peas,2007-08,2007,final,0.0,0.0
Tasmania,winter,Field peas,2008-09,2008,final,0.334,0.837
Tasmania,winter,Field peas,2009-10,2009,final,0.0,0.0
Tasmania,winter,Field peas,2010-11,2010,final,0.296,0.845
Tasmania,winter,Field peas,2011-12,2011,final,0.37,0.0
Tasmania,winter,Field peas,2012-13,2012,final,0.0,0.0
Tasmania,winter,Field peas,2013-14,2013,final,0.0,0.0
Tasmania,winter,Field peas,2014-15,2014,final,0.0,0.0
Tasmania,winter,Field peas,2015-16,2015,final,0.0,0.0
Tasmania,winter,Field peas,2016-17,2016,final,0.17,0.186
Tasmania,winter,Field peas,2017-18,2017,final,0.0,0.0
Tasmania,winter,Field peas,2018-19,2018,final,0.0,0.0
Tasmania,winter,Field peas,2019-20,2019,final,0.0,0.0
Tasmania,winter,Field peas,2020-21,2020,final,0.0,0.0
Tasmania,winter,Field peas,2021-22,2021,final,0.0,0.0
Tasmania,winter,Field peas,2022-23,2022,estimate,0.0,0.0
Tasmania,winter,Field peas,2023-24,2023,estimate,0.017,0.019
Tasmania,winter,Field peas,2024-25,2024,estimate,0.0,0.0
Tasmania,winter,Field peas,2025-26,2025,estimate,0.0,0.0
Tasmania,winter,Field peas,2026-27,2026,forecast,0.0,0.0
Tasmania,winter,Lentils,1989-90,1989,final,0.0,0.0
Tasmania,winter,Lentils,1990-91,1990,final,0.001,0.0
Tasmania,winter,Lentils,1991-92,1991,final,0.0,0.0
Tasmania,winter,Lentils,1992-93,1992,final,0.001,0.0
Tasmania,winter,Lentils,1993-94,1993,final,0.0,0.0
Tasmania,winter,Lentils,1994-95,1994,final,0.001,0.0
Tasmania,winter,Lentils,1995-96,1995,final,0.001,0.0
Tasmania,winter,Lentils,1996-97,1996,final,0.0,0.0
Tasmania,winter,Lentils,1997-98,1997,final,0.0,0.0
Tasmania,winter,Lentils,1998-99,1998,final,0.0,0.0
Tasmania,winter,Lentils,1999-00,1999,final,0.0,0.0
Tasmania,winter,Lentils,2000-01,2000,final,0.0,0.0
Tasmania,winter,Lentils,2001-02,2001,final,0.0,0.0
Tasmania,winter,Lentils,2002-03,2002,final,0.001,0.0
Tasmania,winter,Lentils,2003-04,2003,final,0.0,0.0
Tasmania,winter,Lentils,2004-05,2004,final,0.0,0.0
Tasmania,winter,Lentils,2005-06,2005,final,0.0,0.0
Tasmania,winter,Lentils,2006-07,2006,final,0.0,0.0
Tasmania,winter,Lentils,2007-08,2007,final,0.0,0.0
Tasmania,winter,Lentils,2008-09,2008,final,0.0,0.0
Tasmania,winter,Lentils,2009-10,2009,final,0.0,0.0
Tasmania,winter,Lentils,2010-11,2010,final,0.012,0.018
Tasmania,winter,Lentils,2011-12,2011,final,0.0,0.0
Tasmania,winter,Lentils,2012-13,2012,final,0.0,0.0
Tasmania,winter,Lentils,2013-14,2013,final,0.0,0.0
Tasmania,winter,Lentils,2014-15,2014,final,0.0,0.0
Tasmania,winter,Lentils,2015-16,2015,final,0.0,0.0
Tasmania,winter,Lentils,2016-17,2016,final,0.003,0.0
Tasmania,winter,Lentils,2017-18,2017,final,0.0,0.0
Tasmania,winter,Lentils,2018-19,2018,final,0.0,0.0
Tasmania,winter,Lentils,2019-20,2019,final,0.0,0.0
Tasmania,winter,Lentils,2020-21,2020,final,0.0,0.0
Tasmania,winter,Lentils,2021-22,2021,final,0.0,0.0
Tasmania,winter,Lentils,2022-23,2022,estimate,0.0,0.0
Tasmania,winter,Lentils,2023-24,2023,estimate,0.0,0.0
Tasmania,winter,Lentils,2024-25,2024,estimate,0.0,0.0
Tasmania,winter,Lentils,2025-26,2025,estimate,0.0,0.0
Tasmania,winter,Lentils,2026-27,2026,forecast,0.0,0.0
Tasmania,winter,Lupins,1989-90,1989,final,0.703,0.863
Tasmania,winter,Lupins,1990-91,1990,final,0.697,1.052
Tasmania,winter,Lupins,1991-92,1991,final,0.727,1.126
Tasmania,winter,Lupins,1992-93,1992,final,0.436,0.761
Tasmania,winter,Lupins,1993-94,1993,final,0.664,0.951
Tasmania,winter,Lupins,1994-95,1994,final,0.526,0.336
Tasmania,winter,Lupins,1995-96,1995,final,0.255,0.291
Tasmania,winter,Lupins,1996-97,1996,final,0.0,0.0
Tasmania,winter,Lupins,1997-98,1997,final,0.0,0.0
Tasmania,winter,Lupins,1998-99,1998,final,0.0,0.0
Tasmania,winter,Lupins,1999-00,1999,final,0.0,0.0
Tasmania,winter,Lupins,2000-01,2000,final,0.0,0.0
Tasmania,winter,Lupins,2001-02,2001,final,0.0,0.0
Tasmania,winter,Lupins,2002-03,2002,final,0.45,0.5
Tasmania,winter,Lupins,2003-04,2003,final,1.5,1.0
Tasmania,winter,Lupins,2004-05,2004,final,0.3,1.0
Tasmania,winter,Lupins,2005-06,2005,final,0.356,0.957
Tasmania,winter,Lupins,2006-07,2006,final,0.289,0.387
Tasmania,winter,Lupins,2007-08,2007,final,0.234,0.555
Tasmania,winter,Lupins,2008-09,2008,final,0.0,0.0
Tasmania,winter,Lupins,2009-10,2009,final,0.0,0.0
Tasmania,winter,Lupins,2010-11,2010,final,0.101,0.205
Tasmania,winter,Lupins,2011-12,2011,final,0.108,0.059
Tasmania,winter,Lupins,2012-13,2012,final,0.0,0.0
Tasmania,winter,Lupins,2013-14,2013,final,0.0,0.0
Tasmania,winter,Lupins,2014-15,2014,final,0.0,0.0
Tasmania,winter,Lupins,2015-16,2015,final,0.017,0.032
Tasmania,winter,Lupins,2016-17,2016,final,0.081,0.088
Tasmania,winter,Lupins,2017-18,2017,final,0.441,0.94
Tasmania,winter,Lupins,2018-19,2018,final,0.18,0.435
Tasmania,winter,Lupins,2019-20,2019,final,0.363,2.012
Tasmania,winter,Lupins,2020-21,2020,final,0.039,0.069
Tasmania,winter,Lupins,2021-22,2021,final,0.0,0.0
Tasmania,winter,Lupins,2022-23,2022,estimate,0.0,0.0
Tasmania,winter,Lupins,2023-24,2023,estimate,0.119,0.364
Tasmania,winter,Lupins,2024-25,2024,estimate,0.0,0.0
Tasmania,winter,Lupins,2025-26,2025,estimate,0.0,0.0
Tasmania,winter,Lupins,2026-27,2026,forecast,0.0,0.0
Tasmania,winter,Oats,1989-90,1989,final,7.6,12.8
Tasmania,winter,Oats,1990-91,1990,final,9.3,18.8
Tasmania,winter,Oats,1991-92,1991,final,9.1,18.6
Tasmania,winter,Oats,1992-93,1992,final,9.2,19.0
Tasmania,winter,Oats,1993-94,1993,final,6.651,12.744
Tasmania,winter,Oats,1994-95,1994,final,8.316,11.287
Tasmania,winter,Oats,1995-96,1995,final,10.069,18.445
Tasmania,winter,Oats,1996-97,1996,final,8.111,13.983
Tasmania,winter,Oats,1997-98,1997,final,7.974,14.898
Tasmania,winter,Oats,1998-99,1998,final,7.961,14.402
Tasmania,winter,Oats,1999-00,1999,final,6.27,9.731
Tasmania,winter,Oats,2000-01,2000,final,6.615,12.616
Tasmania,winter,Oats,2001-02,2001,final,5.641,11.933
Tasmania,winter,Oats,2002-03,2002,final,3.854,7.453
Tasmania,winter,Oats,2003-04,2003,final,4.078,6.619
Tasmania,winter,Oats,2004-05,2004,final,4.048,9.096
Tasmania,winter,Oats,2005-06,2005,final,4.28,8.491
Tasmania,winter,Oats,2006-07,2006,final,3.565,3.43
Tasmania,winter,Oats,2007-08,2007,final,4.23,7.856
Tasmania,winter,Oats,2008-09,2008,final,3.742,6.481
Tasmania,winter,Oats,2009-10,2009,final,3.656,6.621
Tasmania,winter,Oats,2010-11,2010,final,3.367,6.956
Tasmania,winter,Oats,2011-12,2011,final,3.425,7.624
Tasmania,winter,Oats,2012-13,2012,final,3.665,7.393
Tasmania,winter,Oats,2013-14,2013,final,4.318,11.697
Tasmania,winter,Oats,2014-15,2014,final,3.647,6.287
Tasmania,winter,Oats,2015-16,2015,final,1.875,4.496
Tasmania,winter,Oats,2016-17,2016,final,2.624,5.254
Tasmania,winter,Oats,2017-18,2017,final,2.714,6.036
Tasmania,winter,Oats,2018-19,2018,final,2.254,5.063
Tasmania,winter,Oats,2019-20,2019,final,2.371,2.797
Tasmania,winter,Oats,2020-21,2020,final,2.404,7.221
Tasmania,winter,Oats,2021-22,2021,final,1.948,6.577
Tasmania,winter,Oats,2022-23,2022,estimate,2.0,4.452
Tasmania,winter,Oats,2023-24,2023,estimate,2.69,6.132
Tasmania,winter,Oats,2024-25,2024,estimate,2.0,5.0
Tasmania,winter,Oats,2025-26,2025,estimate,3.0,9.0
Tasmania,winter,Oats,2026-27,2026,forecast,2.5,8.0
Tasmania,winter,Triticale,1989-90,1989,final,0.741,2.624
Tasmania,winter,Triticale,1990-91,1990,final,0.76,2.978
Tasmania,winter,Triticale,1991-92,1991,final,1.02,3.478
Tasmania,winter,Triticale,1992-93,1992,final,1.0,2.576
Tasmania,winter,Triticale,1993-94,1993,final,1.573,5.622
Tasmania,winter,Triticale,1994-95,1994,final,1.488,4.943
Tasmania,winter,Triticale,1995-96,1995,final,1.894,6.693
Tasmania,winter,Triticale,1996-97,1996,final,2.176,7.296
Tasmania,winter,Triticale,1997-98,1997,final,1.837,6.957
Tasmania,winter,Triticale,1998-99,1998,final,2.471,9.734
Tasmania,winter,Triticale,1999-00,1999,final,2.203,6.362
Tasmania,winter,Triticale,2000-01,2000,final,2.252,8.379
Tasmania,winter,Triticale,2001-02,2001,final,2.475,9.814
Tasmania,winter,Triticale,2002-03,2002,final,3.682,10.205
Tasmania,winter,Triticale,2003-04,2003,final,2.192,7.545
Tasmania,winter,Triticale,2004-05,2004,final,1.829,6.181
Tasmania,winter,Triticale,2005-06,2005,final,1.858,6.896
Tasmania,winter,Triticale,2006-07,2006,final,1.577,3.396
Tasmania,winter,Triticale,2007-08,2007,final,2.055,5.526
Tasmania,winter,Triticale,2008-09,2008,final,2.281,4.655
Tasmania,winter,Triticale,2009-10,2009,final,1.998,6.692
Tasmania,winter,Triticale,2010-11,2010,final,0.547,1.5
Tasmania,winter,Triticale,2011-12,2011,final,0.565,1.468
Tasmania,winter,Triticale,2012-13,2012,final,0.383,0.662
Tasmania,winter,Triticale,2013-14,2013,final,0.576,1.641
Tasmania,winter,Triticale,2014-15,2014,final,0.456,1.211
Tasmania,winter,Triticale,2015-16,2015,final,0.058,0.165
Tasmania,winter,Triticale,2016-17,2016,final,0.09,0.492
Tasmania,winter,Triticale,2017-18,2017,final,0.027,0.15
Tasmania,winter,Triticale,2018-19,2018,final,0.014,0.088
Tasmania,winter,Triticale,2019-20,2019,final,0.002,0.009
Tasmania,winter,Triticale,2020-21,2020,final,0.177,0.206
Tasmania,winter,Triticale,2021-22,2021,final,0.05,0.25
Tasmania,winter,Triticale,2022-23,2022,estimate,0.502,1.34
Tasmania,winter,Triticale,2023-24,2023,estimate,0.5,0.576
Tasmania,winter,Triticale,2024-25,2024,estimate,0.4,0.8
Tasmania,winter,Triticale,2025-26,2025,estimate,1.0,2.0
Tasmania,winter,Triticale,2026-27,2026,forecast,1.0,2.5
Tasmania,winter,Wheat,1989-90,1989,final,0.8,2.7
Tasmania,winter,Wheat,1990-91,1990,final,0.6,2.4
Tasmania,winter,Wheat,1991-92,1991,final,1.2,3.2
Tasmania,winter,Wheat,1992-93,1992,final,1.5,5.5
Tasmania,winter,Wheat,1993-94,1993,final,1.6,5.3
Tasmania,winter,Wheat,1994-95,1994,final,1.3,2.8
Tasmania,winter,Wheat,1995-96,1995,final,1.1,4.1
Tasmania,winter,Wheat,1996-97,1996,final,1.9,7.5
Tasmania,winter,Wheat,1997-98,1997,final,2.8,11.7
Tasmania,winter,Wheat,1998-99,1998,final,4.0,17.5
Tasmania,winter,Wheat,1999-00,1999,final,6.3,19.8
Tasmania,winter,Wheat,2000-01,2000,final,6.6,25.6
Tasmania,winter,Wheat,2001-02,2001,final,5.9,25.3
Tasmania,winter,Wheat,2002-03,2002,final,7.4,25.3
Tasmania,winter,Wheat,2003-04,2003,final,7.7,26.1
Tasmania,winter,Wheat,2004-05,2004,final,7.4,30.5
Tasmania,winter,Wheat,2005-06,2005,final,7.9,34.0
Tasmania,winter,Wheat,2006-07,2006,final,7.2,17.7
Tasmania,winter,Wheat,2007-08,2007,final,7.1,26.8
Tasmania,winter,Wheat,2008-09,2008,final,8.6,34.9
Tasmania,winter,Wheat,2009-10,2009,final,7.2,27.3
Tasmania,winter,Wheat,2010-11,2010,final,8.1,31.9
Tasmania,winter,Wheat,2011-12,2011,final,6.617,32.252
Tasmania,winter,Wheat,2012-13,2012,final,5.99,30.44
Tasmania,winter,Wheat,2013-14,2013,final,8.176,43.484
Tasmania,winter,Wheat,2014-15,2014,final,8.326,44.237
Tasmania,winter,Wheat,2015-16,2015,final,10.545,53.361
Tasmania,winter,Wheat,2016-17,2016,final,10.303,55.78
Tasmania,winter,Wheat,2017-18,2017,final,7.358,40.289
Tasmania,winter,Wheat,2018-19,2018,final,7.6,40.1
Tasmania,winter,Wheat,2019-20,2019,final,7.182,43.805
Tasmania,winter,Wheat,2020-21,2020,final,8.173,56.295
Tasmania,winter,Wheat,2021-22,2021,final,9.303,69.983
Tasmania,winter,Wheat,2022-23,2022,estimate,15.0,82.5
Tasmania,winter,Wheat,2023-24,2023,estimate,12.0,85.0
Tasmania,winter,Wheat,2024-25,2024,estimate,10.0,60.0
Tasmania,winter,Wheat,2025-26,2025,estimate,12.0,85.0
Tasmania,winter,Wheat,2026-27,2026,forecast,11.0,75.0
Victoria,summer,Corn (maize),1989-90,1989,final,0.3,1.0
Victoria,summer,Corn (maize),1990-91,1990,final,0.3,2.0
Victoria,summer,Corn (maize),1991-92,1991,final,0.4,3.0
Victoria,summer,Corn (maize),1992-93,1992,final,0.4,2.8
Victoria,summer,Corn (maize),1993-94,1993,final,0.233,1.674
Victoria,summer,Corn (maize),1994-95,1994,final,0.695,5.135
Victoria,summer,Corn (maize),1995-96,1995,final,1.143,6.807
Victoria,summer,Corn (maize),1996-97,1996,final,0.96,6.537
Victoria,summer,Corn (maize),1997-98,1997,final,0.94,10.218
Victoria,summer,Corn (maize),1998-99,1998,final,0.513,2.543
Victoria,summer,Corn (maize),1999-00,1999,final,0.673,4.004
Victoria,summer,Corn (maize),2000-01,2000,final,0.827,7.601
Victoria,summer,Corn (maize),2001-02,2001,final,0.94,9.119
Victoria,summer,Corn (maize),2002-03,2002,final,1.386,15.2
Victoria,summer,Corn (maize),2003-04,2003,final,0.592,6.566
Victoria,summer,Corn (maize),2004-05,2004,final,1.039,2.239
Victoria,summer,Corn (maize),2005-06,2005,final,1.921,19.211
Victoria,summer,Corn (maize),2006-07,2006,final,0.327,2.544
Victoria,summer,Corn (maize),2007-08,2007,final,1.0,7.0
Victoria,summer,Corn (maize),2008-09,2008,final,0.443,2.956
Victoria,summer,Corn (maize),2009-10,2009,final,0.951,6.0
Victoria,summer,Corn (maize),2010-11,2010,final,1.559,11.591
Victoria,summer,Corn (maize),2011-12,2011,final,4.18,20.88
Victoria,summer,Corn (maize),2012-13,2012,final,3.0,28.0
Victoria,summer,Corn (maize),2013-14,2013,final,3.425,38.061
Victoria,summer,Corn (maize),2014-15,2014,final,4.814,58.897
Victoria,summer,Corn (maize),2015-16,2015,final,5.369,61.202
Victoria,summer,Corn (maize),2016-17,2016,final,7.584,68.65
Victoria,summer,Corn (maize),2017-18,2017,final,5.101,59.766
Victoria,summer,Corn (maize),2018-19,2018,final,7.035,66.173
Victoria,summer,Corn (maize),2019-20,2019,final,5.145,53.626
Victoria,summer,Corn (maize),2020-21,2020,final,4.014,41.23
Victoria,summer,Corn (maize),2021-22,2021,final,5.64,60.0
Victoria,summer,Corn (maize),2022-23,2022,estimate,9.0,70.0
Victoria,summer,Corn (maize),2023-24,2023,estimate,8.0,90.0
Victoria,summer,Corn (maize),2024-25,2024,estimate,6.0,64.125
Victoria,summer,Corn (maize),2025-26,2025,estimate,6.0,63.0
Victoria,summer,Corn (maize),2026-27,2026,forecast,6.0,63.6
Victoria,summer,Cotton lint,1989-90,1989,final,0.0,0.0
Victoria,summer,Cotton lint,1990-91,1990,final,0.0,0.0
Victoria,summer,Cotton lint,1991-92,1991,final,0.0,0.0
Victoria,summer,Cotton lint,1992-93,1992,final,0.0,0.0
Victoria,summer,Cotton lint,1993-94,1993,final,0.0,0.0
Victoria,summer,Cotton lint,1994-95,1994,final,0.0,0.0
Victoria,summer,Cotton lint,1995-96,1995,final,0.0,0.0
Victoria,summer,Cotton lint,1996-97,1996,final,0.0,0.0
Victoria,summer,Cotton lint,1997-98,1997,final,0.0,0.0
Victoria,summer,Cotton lint,1998-99,1998,final,0.0,0.0
Victoria,summer,Cotton lint,1999-00,1999,final,0.0,0.0
Victoria,summer,Cotton lint,2000-01,2000,final,0.0,0.0
Victoria,summer,Cotton lint,2001-02,2001,final,0.0,0.0
Victoria,summer,Cotton lint,2002-03,2002,final,0.0,0.0
Victoria,summer,Cotton lint,2003-04,2003,final,0.0,0.0
Victoria,summer,Cotton lint,2004-05,2004,final,0.0,0.0
Victoria,summer,Cotton lint,2005-06,2005,final,0.0,0.0
Victoria,summer,Cotton lint,2006-07,2006,final,0.0,0.0
Victoria,summer,Cotton lint,2007-08,2007,final,0.0,0.0
Victoria,summer,Cotton lint,2008-09,2008,final,0.0,0.0
Victoria,summer,Cotton lint,2009-10,2009,final,0.0,0.0
Victoria,summer,Cotton lint,2010-11,2010,final,0.0,0.0
Victoria,summer,Cotton lint,2011-12,2011,final,0.0,0.0
Victoria,summer,Cotton lint,2012-13,2012,final,0.0,0.0
Victoria,summer,Cotton lint,2013-14,2013,final,0.0,0.0
Victoria,summer,Cotton lint,2014-15,2014,final,0.0,0.0
Victoria,summer,Cotton lint,2015-16,2015,final,0.0,0.0
Victoria,summer,Cotton lint,2016-17,2016,final,0.0,0.0
Victoria,summer,Cotton lint,2017-18,2017,final,0.0,0.0
Victoria,summer,Cotton lint,2018-19,2018,final,0.0,0.0
Victoria,summer,Cotton lint,2019-20,2019,final,0.0,0.0
Victoria,summer,Cotton lint,2020-21,2020,final,0.0,0.0
Victoria,summer,Cotton lint,2021-22,2021,final,0.0,0.0
Victoria,summer,Cotton lint,2022-23,2022,estimate,0.0,0.0
Victoria,summer,Cotton lint,2023-24,2023,estimate,0.0,0.0
Victoria,summer,Cotton lint,2024-25,2024,estimate,0.0,0.0
Victoria,summer,Cotton lint,2025-26,2025,estimate,0.0,0.0
Victoria,summer,Cotton lint,2026-27,2026,forecast,0.0,0.0
Victoria,summer,Cottonseed,1989-90,1989,final,0.0,0.0
Victoria,summer,Cottonseed,1990-91,1990,final,0.0,0.0
Victoria,summer,Cottonseed,1991-92,1991,final,0.0,0.0
Victoria,summer,Cottonseed,1992-93,1992,final,0.0,0.0
Victoria,summer,Cottonseed,1993-94,1993,final,0.0,0.0
Victoria,summer,Cottonseed,1994-95,1994,final,0.0,0.0
Victoria,summer,Cottonseed,1995-96,1995,final,0.0,0.0
Victoria,summer,Cottonseed,1996-97,1996,final,0.0,0.0
Victoria,summer,Cottonseed,1997-98,1997,final,0.0,0.0
Victoria,summer,Cottonseed,1998-99,1998,final,0.0,0.0
Victoria,summer,Cottonseed,1999-00,1999,final,0.0,0.0
Victoria,summer,Cottonseed,2000-01,2000,final,0.0,0.0
Victoria,summer,Cottonseed,2001-02,2001,final,0.0,0.0
Victoria,summer,Cottonseed,2002-03,2002,final,0.0,0.0
Victoria,summer,Cottonseed,2003-04,2003,final,0.0,0.0
Victoria,summer,Cottonseed,2004-05,2004,final,0.0,0.0
Victoria,summer,Cottonseed,2005-06,2005,final,0.0,0.0
Victoria,summer,Cottonseed,2006-07,2006,final,0.0,0.0
Victoria,summer,Cottonseed,2007-08,2007,final,0.0,0.0
Victoria,summer,Cottonseed,2008-09,2008,final,0.0,0.0
Victoria,summer,Cottonseed,2009-10,2009,final,0.0,0.0
Victoria,summer,Cottonseed,2010-11,2010,final,0.0,0.0
Victoria,summer,Cottonseed,2011-12,2011,final,0.0,0.0
Victoria,summer,Cottonseed,2012-13,2012,final,0.0,0.0
Victoria,summer,Cottonseed,2013-14,2013,final,0.0,0.0
Victoria,summer,Cottonseed,2014-15,2014,final,0.0,0.0
Victoria,summer,Cottonseed,2015-16,2015,final,0.0,0.0
Victoria,summer,Cottonseed,2016-17,2016,final,0.0,0.0
Victoria,summer,Cottonseed,2017-18,2017,final,0.0,0.0
Victoria,summer,Cottonseed,2018-19,2018,final,0.0,0.0
Victoria,summer,Cottonseed,2019-20,2019,final,0.0,0.0
Victoria,summer,Cottonseed,2020-21,2020,final,0.0,0.0
Victoria,summer,Cottonseed,2021-22,2021,final,0.0,0.0
Victoria,summer,Cottonseed,2022-23,2022,estimate,0.0,0.0
Victoria,summer,Cottonseed,2023-24,2023,estimate,0.0,0.0
Victoria,summer,Cottonseed,2024-25,2024,estimate,0.0,0.0
Victoria,summer,Cottonseed,2025-26,2025,estimate,0.0,0.0
Victoria,summer,Cottonseed,2026-27,2026,forecast,0.0,0.0
Victoria,summer,Grain sorghum,1989-90,1989,final,0.108,0.791
Victoria,summer,Grain sorghum,1990-91,1990,final,0.294,0.552
Victoria,summer,Grain sorghum,1991-92,1991,final,0.213,0.0
Victoria,summer,Grain sorghum,1992-93,1992,final,0.037,0.0
Victoria,summer,Grain sorghum,1993-94,1993,final,0.221,0.095
Victoria,summer,Grain sorghum,1994-95,1994,final,5.726,7.572
Victoria,summer,Grain sorghum,1995-96,1995,final,1.506,3.977
Victoria,summer,Grain sorghum,1996-97,1996,final,1.402,2.681
Victoria,summer,Grain sorghum,1997-98,1997,final,3.105,5.953
Victoria,summer,Grain sorghum,1998-99,1998,final,0.0,0.0
Victoria,summer,Grain sorghum,1999-00,1999,final,0.605,0.0
Victoria,summer,Grain sorghum,2000-01,2000,final,2.159,4.335
Victoria,summer,Grain sorghum,2001-02,2001,final,0.0,4.476
Victoria,summer,Grain sorghum,2002-03,2002,final,3.746,2.099
Victoria,summer,Grain sorghum,2003-04,2003,final,1.592,2.015
Victoria,summer,Grain sorghum,2004-05,2004,final,0.018,0.0
Victoria,summer,Grain sorghum,2005-06,2005,final,0.282,0.785
Victoria,summer,Grain sorghum,2006-07,2006,final,0.529,0.178
Victoria,summer,Grain sorghum,2007-08,2007,final,0.147,0.09
Victoria,summer,Grain sorghum,2008-09,2008,final,1.658,1.187
Victoria,summer,Grain sorghum,2009-10,2009,final,0.0,0.0
Victoria,summer,Grain sorghum,2010-11,2010,final,0.51,1.765
Victoria,summer,Grain sorghum,2011-12,2011,final,1.16,2.849
Victoria,summer,Grain sorghum,2012-13,2012,final,1.0,4.0
Victoria,summer,Grain sorghum,2013-14,2013,final,0.212,0.466
Victoria,summer,Grain sorghum,2014-15,2014,final,0.163,0.511
Victoria,summer,Grain sorghum,2015-16,2015,final,0.502,3.174
Victoria,summer,Grain sorghum,2016-17,2016,final,0.161,0.774
Victoria,summer,Grain sorghum,2017-18,2017,final,0.909,2.45
Victoria,summer,Grain sorghum,2018-19,2018,final,1.978,2.616
Victoria,summer,Grain sorghum,2019-20,2019,final,0.369,3.644
Victoria,summer,Grain sorghum,2020-21,2020,final,0.925,5.279
Victoria,summer,Grain sorghum,2021-22,2021,final,0.493,2.296
Victoria,summer,Grain sorghum,2022-23,2022,estimate,1.0,2.0
Victoria,summer,Grain sorghum,2023-24,2023,estimate,1.0,2.6
Victoria,summer,Grain sorghum,2024-25,2024,estimate,0.735,1.9
Victoria,summer,Grain sorghum,2025-26,2025,estimate,1.0,2.2
Victoria,summer,Grain sorghum,2026-27,2026,forecast,1.0,2.2
Victoria,summer,Rice,1989-90,1989,final,0.0,0.0
Victoria,summer,Rice,1990-91,1990,final,0.0,0.0
Victoria,summer,Rice,1991-92,1991,final,0.0,0.0
Victoria,summer,Rice,1992-93,1992,final,0.0,0.0
Victoria,summer,Rice,1993-94,1993,final,0.0,0.0
Victoria,summer,Rice,1994-95,1994,final,0.0,0.0
Victoria,summer,Rice,1995-96,1995,final,0.0,0.0
Victoria,summer,Rice,1996-97,1996,final,1.0,6.0
Victoria,summer,Rice,1997-98,1997,final,1.0,4.0
Victoria,summer,Rice,1998-99,1998,final,1.0,5.0
Victoria,summer,Rice,1999-00,1999,final,0.0,0.0
Victoria,summer,Rice,2000-01,2000,final,2.0,18.0
Victoria,summer,Rice,2001-02,2001,final,2.0,14.0
Victoria,summer,Rice,2002-03,2002,final,1.0,3.0
Victoria,summer,Rice,2003-04,2003,final,1.0,3.0
Victoria,summer,Rice,2004-05,2004,final,1.0,4.0
Victoria,summer,Rice,2005-06,2005,final,1.0,10.0
Victoria,summer,Rice,2006-07,2006,final,0.0,2.0
Victoria,summer,Rice,2007-08,2007,final,0.0,0.0
Victoria,summer,Rice,2008-09,2008,final,0.0,0.0
Victoria,summer,Rice,2009-10,2009,final,0.031,0.31
Victoria,summer,Rice,2010-11,2010,final,0.24,2.445
Victoria,summer,Rice,2011-12,2011,final,0.806,6.119
Victoria,summer,Rice,2012-13,2012,final,0.46,3.488
Victoria,summer,Rice,2013-14,2013,final,0.613,6.957
Victoria,summer,Rice,2014-15,2014,final,0.247,2.329
Victoria,summer,Rice,2015-16,2015,final,0.182,0.218
Victoria,summer,Rice,2016-17,2016,final,0.0,0.0
Victoria,summer,Rice,2017-18,2017,final,0.0,0.0
Victoria,summer,Rice,2018-19,2018,final,0.0,0.0
Victoria,summer,Rice,2019-20,2019,final,0.0,0.0
Victoria,summer,Rice,2020-21,2020,final,0.36,1.728
Victoria,summer,Rice,2021-22,2021,final,0.129,1.68
Victoria,summer,Rice,2022-23,2022,estimate,0.107,0.534
Victoria,summer,Rice,2023-24,2023,estimate,0.12,0.6
Victoria,summer,Rice,2024-25,2024,estimate,0.12,0.5
Victoria,summer,Rice,2025-26,2025,estimate,0.12,0.478
Victoria,summer,Rice,2026-27,2026,forecast,0.07,0.273
Victoria,summer,Soybeans,1989-90,1989,final,0.611,0.97
Victoria,summer,Soybeans,1990-91,1990,final,1.336,2.074
Victoria,summer,Soybeans,1991-92,1991,final,1.452,2.376
Victoria,summer,Soybeans,1992-93,1992,final,1.167,2.505
Victoria,summer,Soybeans,1993-94,1993,final,2.002,4.361
Victoria,summer,Soybeans,1994-95,1994,final,1.797,2.337
Victoria,summer,Soybeans,1995-96,1995,final,2.042,4.004
Victoria,summer,Soybeans,1996-97,1996,final,1.806,3.953
Victoria,summer,Soybeans,1997-98,1997,final,1.028,2.355
Victoria,summer,Soybeans,1998-99,1998,final,1.379,3.265
Victoria,summer,Soybeans,1999-00,1999,final,0.0,0.0
Victoria,summer,Soybeans,2000-01,2000,final,0.828,1.443
Victoria,summer,Soybeans,2001-02,2001,final,0.0,0.0
Victoria,summer,Soybeans,2002-03,2002,final,0.0,0.0
Victoria,summer,Soybeans,2003-04,2003,final,0.02,0.014
Victoria,summer,Soybeans,2004-05,2004,final,0.293,0.635
Victoria,summer,Soybeans,2005-06,2005,final,0.57,0.938
Victoria,summer,Soybeans,2006-07,2006,final,0.0,0.0
Victoria,summer,Soybeans,2007-08,2007,final,0.001,0.0
Victoria,summer,Soybeans,2008-09,2008,final,0.0,0.0
Victoria,summer,Soybeans,2009-10,2009,final,0.6,1.5
Victoria,summer,Soybeans,2010-11,2010,final,0.246,0.6
Victoria,summer,Soybeans,2011-12,2011,final,0.333,0.783
Victoria,summer,Soybeans,2012-13,2012,final,0.344,1.069
Victoria,summer,Soybeans,2013-14,2013,final,0.155,0.622
Victoria,summer,Soybeans,2014-15,2014,final,0.183,0.495
Victoria,summer,Soybeans,2015-16,2015,final,0.589,1.101
Victoria,summer,Soybeans,2016-17,2016,final,0.589,0.717
Victoria,summer,Soybeans,2017-18,2017,final,0.612,1.496
Victoria,summer,Soybeans,2018-19,2018,final,0.509,1.848
Victoria,summer,Soybeans,2019-20,2019,final,0.29,0.183
Victoria,summer,Soybeans,2020-21,2020,final,0.355,0.796
Victoria,summer,Soybeans,2021-22,2021,final,0.5,1.1
Victoria,summer,Soybeans,2022-23,2022,estimate,0.5,1.5
Victoria,summer,Soybeans,2023-24,2023,estimate,1.0,3.5
Victoria,summer,Soybeans,2024-25,2024,estimate,1.1,3.745
Victoria,summer,Soybeans,2025-26,2025,estimate,0.7,2.1
Victoria,summer,Soybeans,2026-27,2026,forecast,0.7,2.1
Victoria,summer,Sunflower,1989-90,1989,final,3.186,5.333
Victoria,summer,Sunflower,1990-91,1990,final,1.742,3.041
Victoria,summer,Sunflower,1991-92,1991,final,1.397,2.222
Victoria,summer,Sunflower,1992-93,1992,final,1.157,1.828
Victoria,summer,Sunflower,1993-94,1993,final,2.425,3.72
Victoria,summer,Sunflower,1994-95,1994,final,0.88,1.523
Victoria,summer,Sunflower,1995-96,1995,final,1.6,2.159
Victoria,summer,Sunflower,1996-97,1996,final,1.419,1.725
Victoria,summer,Sunflower,1997-98,1997,final,0.247,0.241
Victoria,summer,Sunflower,1998-99,1998,final,0.0,0.0
Victoria,summer,Sunflower,1999-00,1999,final,0.379,0.311
Victoria,summer,Sunflower,2000-01,2000,final,0.212,0.193
Victoria,summer,Sunflower,2001-02,2001,final,0.119,0.136
Victoria,summer,Sunflower,2002-03,2002,final,0.0,0.0
Victoria,summer,Sunflower,2003-04,2003,final,0.483,0.0
Victoria,summer,Sunflower,2004-05,2004,final,0.206,0.0
Victoria,summer,Sunflower,2005-06,2005,final,0.145,0.151
Victoria,summer,Sunflower,2006-07,2006,final,0.0,0.0
Victoria,summer,Sunflower,2007-08,2007,final,0.0,0.0
Victoria,summer,Sunflower,2008-09,2008,final,0.0,0.0
Victoria,summer,Sunflower,2009-10,2009,final,0.0,0.0
Victoria,summer,Sunflower,2010-11,2010,final,0.902,0.627
Victoria,summer,Sunflower,2011-12,2011,final,1.652,0.379
Victoria,summer,Sunflower,2012-13,2012,final,1.704,0.517
Victoria,summer,Sunflower,2013-14,2013,final,0.77,0.301
Victoria,summer,Sunflower,2014-15,2014,final,0.907,0.24
Victoria,summer,Sunflower,2015-16,2015,final,0.0,0.0
Victoria,summer,Sunflower,2016-17,2016,final,0.0,0.0
Victoria,summer,Sunflower,2017-18,2017,final,0.0,0.0
Victoria,summer,Sunflower,2018-19,2018,final,0.0,0.0
Victoria,summer,Sunflower,2019-20,2019,final,0.0,0.0
Victoria,summer,Sunflower,2020-21,2020,final,0.0,0.0
Victoria,summer,Sunflower,2021-22,2021,final,0.0,0.0
Victoria,summer,Sunflower,2022-23,2022,estimate,0.0,0.0
Victoria,summer,Sunflower,2023-24,2023,estimate,0.0,0.0
Victoria,summer,Sunflower,2024-25,2024,estimate,0.0,0.0
Victoria,summer,Sunflower,2025-26,2025,estimate,0.0,0.0
Victoria,summer,Sunflower,2026-27,2026,forecast,0.0,0.0
Victoria,winter,Barley,1989-90,1989,final,388.7,696.0
Victoria,winter,Barley,1990-91,1990,final,463.0,650.6
Victoria,winter,Barley,1991-92,1991,final,533.9,897.9
Victoria,winter,Barley,1992-93,1992,final,551.5,1116.3
Victoria,winter,Barley,1993-94,1993,final,639.493,1386.229
Victoria,winter,Barley,1994-95,1994,final,492.251,448.147
Victoria,winter,Barley,1995-96,1995,final,627.519,1341.658
Victoria,winter,Barley,1996-97,1996,final,584.68,1189.37
Victoria,winter,Barley,1997-98,1997,final,618.109,928.254
Victoria,winter,Barley,1998-99,1998,final,568.142,869.835
Victoria,winter,Barley,1999-00,1999,final,585.256,1189.294
Victoria,winter,Barley,2000-01,2000,final,693.206,1670.464
Victoria,winter,Barley,2001-02,2001,final,700.117,1655.72
Victoria,winter,Barley,2002-03,2002,final,777.519,478.418
Victoria,winter,Barley,2003-04,2003,final,871.619,2274.511
Victoria,winter,Barley,2004-05,2004,final,924.283,1305.077
Victoria,winter,Barley,2005-06,2005,final,866.471,2003.56
Victoria,winter,Barley,2006-07,2006,final,912.97,604.518
Victoria,winter,Barley,2007-08,2007,final,1106.924,1789.223
Victoria,winter,Barley,2008-09,2008,final,1136.146,1461.36
Victoria,winter,Barley,2009-10,2009,final,976.312,1864.504
Victoria,winter,Barley,2010-11,2010,final,801.613,1944.915
Victoria,winter,Barley,2011-12,2011,final,831.249,2005.065
Victoria,winter,Barley,2012-13,2012,final,854.143,1952.219
Victoria,winter,Barley,2013-14,2013,final,918.67,2035.814
Victoria,winter,Barley,2014-15,2014,final,916.076,1373.833
Victoria,winter,Barley,2015-16,2015,final,844.47,1107.38
Victoria,winter,Barley,2016-17,2016,final,946.126,3082.85
Victoria,winter,Barley,2017-18,2017,final,843.675,2109.687
Victoria,winter,Barley,2018-19,2018,final,892.809,1337.317
Victoria,winter,Barley,2019-20,2019,final,1101.69,3116.609
Victoria,winter,Barley,2020-21,2020,final,1011.883,2918.48
Victoria,winter,Barley,2021-22,2021,final,870.238,2270.503
Victoria,winter,Barley,2022-23,2022,estimate,820.0,2895.703
Victoria,winter,Barley,2023-24,2023,estimate,830.0,2780.0
Victoria,winter,Barley,2024-25,2024,estimate,820.0,2000.0
Victoria,winter,Barley,2025-26,2025,estimate,850.0,3100.0
Victoria,winter,Barley,2026-27,2026,forecast,950.0,3401.0
Victoria,winter,Canola,1989-90,1989,final,12.393,16.612
Victoria,winter,Canola,1990-91,1990,final,10.234,9.544
Victoria,winter,Canola,1991-92,1991,final,22.957,26.481
Victoria,winter,Canola,1992-93,1992,final,18.459,23.543
Victoria,winter,Canola,1993-94,1993,final,29.151,46.835
Victoria,winter,Canola,1994-95,1994,final,74.467,56.728
Victoria,winter,Canola,1995-96,1995,final,76.227,119.556
Victoria,winter,Canola,1996-97,1996,final,92.156,131.604
Victoria,winter,Canola,1997-98,1997,final,116.501,135.849
Victoria,winter,Canola,1998-99,1998,final,204.955,257.418
Victoria,winter,Canola,1999-00,1999,final,304.075,423.273
Victoria,winter,Canola,2000-01,2000,final,260.652,379.746
Victoria,winter,Canola,2001-02,2001,final,238.467,347.379
Victoria,winter,Canola,2002-03,2002,final,247.819,176.704
Victoria,winter,Canola,2003-04,2003,final,239.287,384.126
Victoria,winter,Canola,2004-05,2004,final,284.194,342.488
Victoria,winter,Canola,2005-06,2005,final,190.968,272.562
Victoria,winter,Canola,2006-07,2006,final,178.536,42.029
Victoria,winter,Canola,2007-08,2007,final,195.663,220.487
Victoria,winter,Canola,2008-09,2008,final,284.692,233.183
Victoria,winter,Canola,2009-10,2009,final,231.168,331.432
Victoria,winter,Canola,2010-11,2010,final,323.478,476.202
Victoria,winter,Canola,2011-12,2011,final,477.356,688.553
Victoria,winter,Canola,2012-13,2012,final,589.199,866.187
Victoria,winter,Canola,2013-14,2013,final,439.403,710.049
Victoria,winter,Canola,2014-15,2014,final,483.265,558.683
Victoria,winter,Canola,2015-16,2015,final,276.634,287.379
Victoria,winter,Canola,2016-17,2016,final,326.6,632.703
Victoria,winter,Canola,2017-18,2017,final,541.926,937.959
Victoria,winter,Canola,2018-19,2018,final,414.43,510.735
Victoria,winter,Canola,2019-20,2019,final,404.643,731.091
Victoria,winter,Canola,2020-21,2020,final,493.863,1127.092
Victoria,winter,Canola,2021-22,2021,final,569.135,1302.84
Victoria,winter,Canola,2022-23,2022,estimate,600.0,1550.0
Victoria,winter,Canola,2023-24,2023,estimate,580.0,1370.0
Victoria,winter,Canola,2024-25,2024,estimate,570.0,1200.0
Victoria,winter,Canola,2025-26,2025,estimate,540.0,1250.0
Victoria,winter,Canola,2026-27,2026,forecast,580.0,1421.0
Victoria,winter,Chickpeas,1989-90,1989,final,24.499,38.305
Victoria,winter,Chickpeas,1990-91,1990,final,57.558,36.251
Victoria,winter,Chickpeas,1991-92,1991,final,89.621,112.544
Victoria,winter,Chickpeas,1992-93,1992,final,78.335,127.499
Victoria,winter,Chickpeas,1993-94,1993,final,100.309,146.234
Victoria,winter,Chickpeas,1994-95,1994,final,143.464,37.467
Victoria,winter,Chickpeas,1995-96,1995,final,114.962,199.595
Victoria,winter,Chickpeas,1996-97,1996,final,135.02,171.911
Victoria,winter,Chickpeas,1997-98,1997,final,127.033,74.893
Victoria,winter,Chickpeas,1998-99,1998,final,125.916,44.617
Victoria,winter,Chickpeas,1999-00,1999,final,27.822,22.83
Victoria,winter,Chickpeas,2000-01,2000,final,7.991,7.593
Victoria,winter,Chickpeas,2001-02,2001,final,17.467,24.028
Victoria,winter,Chickpeas,2002-03,2002,final,13.754,1.464
Victoria,winter,Chickpeas,2003-04,2003,final,11.327,9.247
Victoria,winter,Chickpeas,2004-05,2004,final,15.184,11.157
Victoria,winter,Chickpeas,2005-06,2005,final,24.326,31.384
Victoria,winter,Chickpeas,2006-07,2006,final,42.438,5.451
Victoria,winter,Chickpeas,2007-08,2007,final,17.0,19.0
Victoria,winter,Chickpeas,2008-09,2008,final,44.004,16.89
Victoria,winter,Chickpeas,2009-10,2009,final,38.677,25.163
Victoria,winter,Chickpeas,2010-11,2010,final,35.787,50.072
Victoria,winter,Chickpeas,2011-12,2011,final,47.94,71.559
Victoria,winter,Chickpeas,2012-13,2012,final,49.0,52.2
Victoria,winter,Chickpeas,2013-14,2013,final,48.0,49.5
Victoria,winter,Chickpeas,2014-15,2014,final,26.4,52.2
Victoria,winter,Chickpeas,2015-16,2015,final,13.332,3.465
Victoria,winter,Chickpeas,2016-17,2016,final,16.0,28.0
Victoria,winter,Chickpeas,2017-18,2017,final,77.142,78.323
Victoria,winter,Chickpeas,2018-19,2018,final,33.194,24.442
Victoria,winter,Chickpeas,2019-20,2019,final,37.823,25.543
Victoria,winter,Chickpeas,2020-21,2020,final,36.106,38.448
Victoria,winter,Chickpeas,2021-22,2021,final,30.0,40.0
Victoria,winter,Chickpeas,2022-23,2022,estimate,25.0,40.0
Victoria,winter,Chickpeas,2023-24,2023,estimate,25.0,30.0
Victoria,winter,Chickpeas,2024-25,2024,estimate,24.0,22.0
Victoria,winter,Chickpeas,2025-26,2025,estimate,8.0,11.0
Victoria,winter,Chickpeas,2026-27,2026,forecast,6.0,8.1
Victoria,winter,Faba beans,1989-90,1989,final,20.0,20.0
Victoria,winter,Faba beans,1990-91,1990,final,20.0,20.0
Victoria,winter,Faba beans,1991-92,1991,final,30.0,25.0
Victoria,winter,Faba beans,1992-93,1992,final,37.0,40.0
Victoria,winter,Faba beans,1993-94,1993,final,44.78,65.41
Victoria,winter,Faba beans,1994-95,1994,final,36.165,17.431
Victoria,winter,Faba beans,1995-96,1995,final,23.07,44.186
Victoria,winter,Faba beans,1996-97,1996,final,34.576,61.229
Victoria,winter,Faba beans,1997-98,1997,final,47.119,41.047
Victoria,winter,Faba beans,1998-99,1998,final,41.99,60.323
Victoria,winter,Faba beans,1999-00,1999,final,40.0,58.0
Victoria,winter,Faba beans,2000-01,2000,final,67.009,104.175
Victoria,winter,Faba beans,2001-02,2001,final,55.0,95.0
Victoria,winter,Faba beans,2002-03,2002,final,50.0,5.0
Victoria,winter,Faba beans,2003-04,2003,final,50.0,90.0
Victoria,winter,Faba beans,2004-05,2004,final,60.0,20.0
Victoria,winter,Faba beans,2005-06,2005,final,55.0,76.0
Victoria,winter,Faba beans,2006-07,2006,final,61.176,4.992
Victoria,winter,Faba beans,2007-08,2007,final,34.0,32.0
Victoria,winter,Faba beans,2008-09,2008,final,36.324,27.14
Victoria,winter,Faba beans,2009-10,2009,final,22.0,35.0
Victoria,winter,Faba beans,2010-11,2010,final,63.038,104.231
Victoria,winter,Faba beans,2011-12,2011,final,49.0,99.0
Victoria,winter,Faba beans,2012-13,2012,final,67.0,126.3
Victoria,winter,Faba beans,2013-14,2013,final,58.5,126.6
Victoria,winter,Faba beans,2014-15,2014,final,62.4,112.0
Victoria,winter,Faba beans,2015-16,2015,final,74.454,57.279
Victoria,winter,Faba beans,2016-17,2016,final,120.0,220.0
Victoria,winter,Faba beans,2017-18,2017,final,147.272,195.807
Victoria,winter,Faba beans,2018-19,2018,final,116.179,67.216
Victoria,winter,Faba beans,2019-20,2019,final,100.206,158.709
Victoria,winter,Faba beans,2020-21,2020,final,118.017,287.047
Victoria,winter,Faba beans,2021-22,2021,final,110.0,233.75
Victoria,winter,Faba beans,2022-23,2022,estimate,110.0,250.0
Victoria,winter,Faba beans,2023-24,2023,estimate,100.0,190.0
Victoria,winter,Faba beans,2024-25,2024,estimate,120.0,180.0
Victoria,winter,Faba beans,2025-26,2025,estimate,130.0,300.0
Victoria,winter,Faba beans,2026-27,2026,forecast,133.0,292.6
Victoria,winter,Field peas,1989-90,1989,final,154.367,198.163
Victoria,winter,Field peas,1990-91,1990,final,165.2,131.744
Victoria,winter,Field peas,1991-92,1991,final,193.596,211.74
Victoria,winter,Field peas,1992-93,1992,final,174.262,246.323
Victoria,winter,Field peas,1993-94,1993,final,199.944,292.55
Victoria,winter,Field peas,1994-95,1994,final,223.193,68.888
Victoria,winter,Field peas,1995-96,1995,final,171.908,260.002
Victoria,winter,Field peas,1996-97,1996,final,173.933,213.341
Victoria,winter,Field peas,1997-98,1997,final,170.815,98.0
Victoria,winter,Field peas,1998-99,1998,final,148.791,92.804
Victoria,winter,Field peas,1999-00,1999,final,174.36,213.907
Victoria,winter,Field peas,2000-01,2000,final,146.09,170.373
Victoria,winter,Field peas,2001-02,2001,final,124.594,153.208
Victoria,winter,Field peas,2002-03,2002,final,132.413,21.275
Victoria,winter,Field peas,2003-04,2003,final,109.91,117.993
Victoria,winter,Field peas,2004-05,2004,final,141.648,49.862
Victoria,winter,Field peas,2005-06,2005,final,98.774,165.594
Victoria,winter,Field peas,2006-07,2006,final,102.03,7.766
Victoria,winter,Field peas,2007-08,2007,final,67.0,60.0
Victoria,winter,Field peas,2008-09,2008,final,67.97,25.287
Victoria,winter,Field peas,2009-10,2009,final,52.0,75.0
Victoria,winter,Field peas,2010-11,2010,final,78.205,104.675
Victoria,winter,Field peas,2011-12,2011,final,38.0,60.0
Victoria,winter,Field peas,2012-13,2012,final,52.0,65.0
Victoria,winter,Field peas,2013-14,2013,final,51.0,68.0
Victoria,winter,Field peas,2014-15,2014,final,51.2,65.0
Victoria,winter,Field peas,2015-16,2015,final,54.0,20.6
Victoria,winter,Field peas,2016-17,2016,final,49.0,100.0
Victoria,winter,Field peas,2017-18,2017,final,84.155,91.377
Victoria,winter,Field peas,2018-19,2018,final,82.985,42.774
Victoria,winter,Field peas,2019-20,2019,final,68.892,58.193
Victoria,winter,Field peas,2020-21,2020,final,81.137,148.009
Victoria,winter,Field peas,2021-22,2021,final,40.0,71.0
Victoria,winter,Field peas,2022-23,2022,estimate,40.0,76.559
Victoria,winter,Field peas,2023-24,2023,estimate,45.0,60.0
Victoria,winter,Field peas,2024-25,2024,estimate,40.0,40.0
Victoria,winter,Field peas,2025-26,2025,estimate,35.0,38.0
Victoria,winter,Field peas,2026-27,2026,forecast,35.0,52.5
Victoria,winter,Lentils,1989-90,1989,final,0.03,0.005
Victoria,winter,Lentils,1990-91,1990,final,0.06,0.07
Victoria,winter,Lentils,1991-92,1991,final,0.093,0.151
Victoria,winter,Lentils,1992-93,1992,final,0.45,0.47
Victoria,winter,Lentils,1993-94,1993,final,0.554,0.817
Victoria,winter,Lentils,1994-95,1994,final,4.9,2.0
Victoria,winter,Lentils,1995-96,1995,final,6.0,15.0
Victoria,winter,Lentils,1996-97,1996,final,12.023,25.962
Victoria,winter,Lentils,1997-98,1997,final,38.657,27.861
Victoria,winter,Lentils,1998-99,1998,final,59.084,28.057
Victoria,winter,Lentils,1999-00,1999,final,74.613,115.361
Victoria,winter,Lentils,2000-01,2000,final,101.392,138.245
Victoria,winter,Lentils,2001-02,2001,final,113.045,153.48
Victoria,winter,Lentils,2002-03,2002,final,90.0,4.0
Victoria,winter,Lentils,2003-04,2003,final,83.063,103.811
Victoria,winter,Lentils,2004-05,2004,final,127.261,52.301
Victoria,winter,Lentils,2005-06,2005,final,115.261,180.087
Victoria,winter,Lentils,2006-07,2006,final,122.026,5.402
Victoria,winter,Lentils,2007-08,2007,final,69.0,62.0
Victoria,winter,Lentils,2008-09,2008,final,71.253,24.743
Victoria,winter,Lentils,2009-10,2009,final,52.0,50.0
Victoria,winter,Lentils,2010-11,2010,final,110.309,155.602
Victoria,winter,Lentils,2011-12,2011,final,77.0,125.0
Victoria,winter,Lentils,2012-13,2012,final,77.0,80.0
Victoria,winter,Lentils,2013-14,2013,final,79.0,111.5
Victoria,winter,Lentils,2014-15,2014,final,86.2,80.0
Victoria,winter,Lentils,2015-16,2015,final,107.162,39.889
Victoria,winter,Lentils,2016-17,2016,final,110.0,200.0
Victoria,winter,Lentils,2017-18,2017,final,210.388,261.076
Victoria,winter,Lentils,2018-19,2018,final,207.463,128.322
Victoria,winter,Lentils,2019-20,2019,final,225.464,268.363
Victoria,winter,Lentils,2020-21,2020,final,261.133,456.652
Victoria,winter,Lentils,2021-22,2021,final,280.0,420.0
Victoria,winter,Lentils,2022-23,2022,estimate,345.0,750.0
Victoria,winter,Lentils,2023-24,2023,estimate,450.0,856.098
Victoria,winter,Lentils,2024-25,2024,estimate,520.0,650.0
Victoria,winter,Lentils,2025-26,2025,estimate,530.0,925.0
Victoria,winter,Lentils,2026-27,2026,forecast,533.0,932.75
Victoria,winter,Lupins,1989-90,1989,final,35.906,41.198
Victoria,winter,Lupins,1990-91,1990,final,33.286,29.644
Victoria,winter,Lupins,1991-92,1991,final,36.716,40.526
Victoria,winter,Lupins,1992-93,1992,final,52.585,82.468
Victoria,winter,Lupins,1993-94,1993,final,55.142,59.531
Victoria,winter,Lupins,1994-95,1994,final,64.402,22.981
Victoria,winter,Lupins,1995-96,1995,final,50.521,62.027
Victoria,winter,Lupins,1996-97,1996,final,42.667,51.773
Victoria,winter,Lupins,1997-98,1997,final,41.192,32.899
Victoria,winter,Lupins,1998-99,1998,final,41.565,45.659
Victoria,winter,Lupins,1999-00,1999,final,35.053,45.054
Victoria,winter,Lupins,2000-01,2000,final,33.647,46.539
Victoria,winter,Lupins,2001-02,2001,final,32.731,40.716
Victoria,winter,Lupins,2002-03,2002,final,40.213,11.431
Victoria,winter,Lupins,2003-04,2003,final,28.327,31.841
Victoria,winter,Lupins,2004-05,2004,final,34.881,20.164
Victoria,winter,Lupins,2005-06,2005,final,27.088,36.099
Victoria,winter,Lupins,2006-07,2006,final,43.33,11.152
Victoria,winter,Lupins,2007-08,2007,final,48.325,30.572
Victoria,winter,Lupins,2008-09,2008,final,35.895,17.763
Victoria,winter,Lupins,2009-10,2009,final,36.151,33.03
Victoria,winter,Lupins,2010-11,2010,final,42.125,64.509
Victoria,winter,Lupins,2011-12,2011,final,45.736,42.133
Victoria,winter,Lupins,2012-13,2012,final,29.2,26.3
Victoria,winter,Lupins,2013-14,2013,final,28.15,29.3
Victoria,winter,Lupins,2014-15,2014,final,31.9,26.3
Victoria,winter,Lupins,2015-16,2015,final,45.822,31.148
Victoria,winter,Lupins,2016-17,2016,final,33.0,60.0
Victoria,winter,Lupins,2017-18,2017,final,49.091,52.215
Victoria,winter,Lupins,2018-19,2018,final,49.791,24.442
Victoria,winter,Lupins,2019-20,2019,final,42.588,39.148
Victoria,winter,Lupins,2020-21,2020,final,36.779,47.151
Victoria,winter,Lupins,2021-22,2021,final,38.0,39.0
Victoria,winter,Lupins,2022-23,2022,estimate,40.0,48.0
Victoria,winter,Lupins,2023-24,2023,estimate,40.0,41.0
Victoria,winter,Lupins,2024-25,2024,estimate,35.0,30.0
Victoria,winter,Lupins,2025-26,2025,estimate,34.0,32.0
Victoria,winter,Lupins,2026-27,2026,forecast,36.0,32.0
Victoria,winter,Oats,1989-90,1989,final,188.6,330.4
Victoria,winter,Oats,1990-91,1990,final,177.1,301.1
Victoria,winter,Oats,1991-92,1991,final,182.8,300.4
Victoria,winter,Oats,1992-93,1992,final,222.9,403.8
Victoria,winter,Oats,1993-94,1993,final,185.84,362.006
Victoria,winter,Oats,1994-95,1994,final,147.738,200.605
Victoria,winter,Oats,1995-96,1995,final,186.972,391.651
Victoria,winter,Oats,1996-97,1996,final,174.556,304.045
Victoria,winter,Oats,1997-98,1997,final,172.331,369.076
Victoria,winter,Oats,1998-99,1998,final,187.985,458.016
Victoria,winter,Oats,1999-00,1999,final,138.261,296.26
Victoria,winter,Oats,2000-01,2000,final,139.86,351.382
Victoria,winter,Oats,2001-02,2001,final,141.97,333.916
Victoria,winter,Oats,2002-03,2002,final,188.061,250.087
Victoria,winter,Oats,2003-04,2003,final,194.3,507.273
Victoria,winter,Oats,2004-05,2004,final,149.855,284.45
Victoria,winter,Oats,2005-06,2005,final,151.292,328.122
Victoria,winter,Oats,2006-07,2006,final,176.088,134.178
Victoria,winter,Oats,2007-08,2007,final,210.464,334.681
Victoria,winter,Oats,2008-09,2008,final,190.8,236.299
Victoria,winter,Oats,2009-10,2009,final,168.432,300.109
Victoria,winter,Oats,2010-11,2010,final,165.929,236.978
Victoria,winter,Oats,2011-12,2011,final,131.097,234.09
Victoria,winter,Oats,2012-13,2012,final,117.098,233.159
Victoria,winter,Oats,2013-14,2013,final,105.717,213.071
Victoria,winter,Oats,2014-15,2014,final,133.208,179.468
Victoria,winter,Oats,2015-16,2015,final,140.44,185.291
Victoria,winter,Oats,2016-17,2016,final,161.869,492.994
Victoria,winter,Oats,2017-18,2017,final,97.126,188.467
Victoria,winter,Oats,2018-19,2018,final,134.213,165.344
Victoria,winter,Oats,2019-20,2019,final,108.271,197.027
Victoria,winter,Oats,2020-21,2020,final,131.074,334.292
Victoria,winter,Oats,2021-22,2021,final,93.372,233.846
Victoria,winter,Oats,2022-23,2022,estimate,120.0,240.0
Victoria,winter,Oats,2023-24,2023,estimate,115.0,220.0
Victoria,winter,Oats,2024-25,2024,estimate,110.0,155.0
Victoria,winter,Oats,2025-26,2025,estimate,115.0,180.0
Victoria,winter,Oats,2026-27,2026,forecast,115.0,264.5
Victoria,winter,Triticale,1989-90,1989,final,15.2,26.661
Victoria,winter,Triticale,1990-91,1990,final,18.9,33.747
Victoria,winter,Triticale,1991-92,1991,final,20.0,36.009
Victoria,winter,Triticale,1992-93,1992,final,23.0,51.79
Victoria,winter,Triticale,1993-94,1993,final,32.383,70.734
Victoria,winter,Triticale,1994-95,1994,final,47.016,65.477
Victoria,winter,Triticale,1995-96,1995,final,54.752,120.489
Victoria,winter,Triticale,1996-97,1996,final,93.015,167.206
Victoria,winter,Triticale,1997-98,1997,final,108.087,182.611
Victoria,winter,Triticale,1998-99,1998,final,111.21,179.638
Victoria,winter,Triticale,1999-00,1999,final,113.768,235.369
Victoria,winter,Triticale,2000-01,2000,final,126.844,315.705
Victoria,winter,Triticale,2001-02,2001,final,130.691,296.937
Victoria,winter,Triticale,2002-03,2002,final,135.658,104.547
Victoria,winter,Triticale,2003-04,2003,final,141.127,295.493
Victoria,winter,Triticale,2004-05,2004,final,125.16,200.335
Victoria,winter,Triticale,2005-06,2005,final,121.5,262.175
Victoria,winter,Triticale,2006-07,2006,final,94.31,53.104
Victoria,winter,Triticale,2007-08,2007,final,110.949,147.452
Victoria,winter,Triticale,2008-09,2008,final,90.518,88.915
Victoria,winter,Triticale,2009-10,2009,final,107.867,178.581
Victoria,winter,Triticale,2010-11,2010,final,38.342,72.977
Victoria,winter,Triticale,2011-12,2011,final,35.688,74.853
Victoria,winter,Triticale,2012-13,2012,final,21.645,49.855
Victoria,winter,Triticale,2013-14,2013,final,15.817,31.778
Victoria,winter,Triticale,2014-15,2014,final,15.759,32.489
Victoria,winter,Triticale,2015-16,2015,final,14.109,19.076
Victoria,winter,Triticale,2016-17,2016,final,11.239,27.578
Victoria,winter,Triticale,2017-18,2017,final,8.38,14.056
Victoria,winter,Triticale,2018-19,2018,final,13.262,24.868
Victoria,winter,Triticale,2019-20,2019,final,15.0,25.0
Victoria,winter,Triticale,2020-21,2020,final,13.868,27.266
Victoria,winter,Triticale,2021-22,2021,final,11.0,20.0
Victoria,winter,Triticale,2022-23,2022,estimate,10.0,23.642
Victoria,winter,Triticale,2023-24,2023,estimate,10.0,18.0
Victoria,winter,Triticale,2024-25,2024,estimate,10.0,16.0
Victoria,winter,Triticale,2025-26,2025,estimate,11.398,21.0
Victoria,winter,Triticale,2026-27,2026,forecast,11.398,21.428
Victoria,winter,Wheat,1989-90,1989,final,952.3,1961.4
Victoria,winter,Wheat,1990-91,1990,final,911.5,1493.0
Victoria,winter,Wheat,1991-92,1991,final,664.1,1150.4
Victoria,winter,Wheat,1992-93,1992,final,821.2,2015.1
Victoria,winter,Wheat,1993-94,1993,final,779.9,2021.9
Victoria,winter,Wheat,1994-95,1994,final,821.8,933.6
Victoria,winter,Wheat,1995-96,1995,final,853.4,1921.2
Victoria,winter,Wheat,1996-97,1996,final,962.6,2262.3
Victoria,winter,Wheat,1997-98,1997,final,856.8,1502.8
Victoria,winter,Wheat,1998-99,1998,final,948.6,1462.3
Victoria,winter,Wheat,1999-00,1999,final,1234.6,2642.1
Victoria,winter,Wheat,2000-01,2000,final,1142.6,3079.7
Victoria,winter,Wheat,2001-02,2001,final,1136.4,2791.4
Victoria,winter,Wheat,2002-03,2002,final,1238.9,890.2
Victoria,winter,Wheat,2003-04,2003,final,1409.2,3145.5
Victoria,winter,Wheat,2004-05,2004,final,1327.0,1927.1
Victoria,winter,Wheat,2005-06,2005,final,1314.6,2908.9
Victoria,winter,Wheat,2006-07,2006,final,1347.3,879.3
Victoria,winter,Wheat,2007-08,2007,final,1514.0,1995.3
Victoria,winter,Wheat,2008-09,2008,final,1533.6,1755.7
Victoria,winter,Wheat,2009-10,2009,final,1801.1,2994.9
Victoria,winter,Wheat,2010-11,2010,final,1793.1,4412.4
Victoria,winter,Wheat,2011-12,2011,final,1668.929,3943.311
Victoria,winter,Wheat,2012-13,2012,final,1591.922,3422.865
Victoria,winter,Wheat,2013-14,2013,final,1535.818,3395.892
Victoria,winter,Wheat,2014-15,2014,final,1492.657,2631.301
Victoria,winter,Wheat,2015-16,2015,final,1341.512,1814.868
Victoria,winter,Wheat,2016-17,2016,final,1454.196,4664.824
Victoria,winter,Wheat,2017-18,2017,final,1446.793,3682.083
Victoria,winter,Wheat,2018-19,2018,final,1402.863,2276.598
Victoria,winter,Wheat,2019-20,2019,final,1428.857,3714.313
Victoria,winter,Wheat,2020-21,2020,final,1413.422,4525.002
Victoria,winter,Wheat,2021-22,2021,final,1444.578,4246.433
Victoria,winter,Wheat,2022-23,2022,estimate,1500.0,5392.92
Victoria,winter,Wheat,2023-24,2023,estimate,1540.396,5200.0
Victoria,winter,Wheat,2024-25,2024,estimate,1500.0,3500.0
Victoria,winter,Wheat,2025-26,2025,estimate,1470.0,4250.0
Victoria,winter,Wheat,2026-27,2026,forecast,1440.0,4896.0
Western Australia,summer,Corn (maize),1989-90,1989,final,0.7,4.8
Western Australia,summer,Corn (maize),1990-91,1990,final,0.9,5.4
Western Australia,summer,Corn (maize),1991-92,1991,final,0.8,4.9
Western Australia,summer,Corn (maize),1992-93,1992,final,1.7,12.9
Western Australia,summer,Corn (maize),1993-94,1993,final,1.639,14.61
Western Australia,summer,Corn (maize),1994-95,1994,final,1.63,11.378
Western Australia,summer,Corn (maize),1995-96,1995,final,0.539,0.52
Western Australia,summer,Corn (maize),1996-97,1996,final,0.646,5.123
Western Australia,summer,Corn (maize),1997-98,1997,final,0.379,3.149
Western Australia,summer,Corn (maize),1998-99,1998,final,0.465,3.556
Western Australia,summer,Corn (maize),1999-00,1999,final,0.045,0.448
Western Australia,summer,Corn (maize),2000-01,2000,final,0.349,0.274
Western Australia,summer,Corn (maize),2001-02,2001,final,0.0,0.024
Western Australia,summer,Corn (maize),2002-03,2002,final,0.043,0.41
Western Australia,summer,Corn (maize),2003-04,2003,final,0.05,0.272
Western Australia,summer,Corn (maize),2004-05,2004,final,0.209,1.448
Western Australia,summer,Corn (maize),2005-06,2005,final,0.504,1.708
Western Australia,summer,Corn (maize),2006-07,2006,final,0.727,1.243
Western Australia,summer,Corn (maize),2007-08,2007,final,2.0,6.0
Western Australia,summer,Corn (maize),2008-09,2008,final,0.286,2.114
Western Australia,summer,Corn (maize),2009-10,2009,final,1.0,4.0
Western Australia,summer,Corn (maize),2010-11,2010,final,0.233,1.627
Western Australia,summer,Corn (maize),2011-12,2011,final,0.308,2.292
Western Australia,summer,Corn (maize),2012-13,2012,final,1.0,3.0
Western Australia,summer,Corn (maize),2013-14,2013,final,0.504,4.923
Western Australia,summer,Corn (maize),2014-15,2014,final,0.556,6.612
Western Australia,summer,Corn (maize),2015-16,2015,final,0.32,4.18
Western Australia,summer,Corn (maize),2016-17,2016,final,1.71,16.525
Western Australia,summer,Corn (maize),2017-18,2017,final,1.537,18.389
Western Australia,summer,Corn (maize),2018-19,2018,final,2.174,25.443
Western Australia,summer,Corn (maize),2019-20,2019,final,4.984,56.038
Western Australia,summer,Corn (maize),2020-21,2020,final,1.808,13.122
Western Australia,summer,Corn (maize),2021-22,2021,final,2.714,26.506
Western Australia,summer,Corn (maize),2022-23,2022,estimate,2.915,30.671
Western Australia,summer,Corn (maize),2023-24,2023,estimate,2.443,23.433
Western Australia,summer,Corn (maize),2024-25,2024,estimate,2.51,24.3
Western Australia,summer,Corn (maize),2025-26,2025,estimate,2.503,24.5
Western Australia,summer,Corn (maize),2026-27,2026,forecast,2.4,23.0
Western Australia,summer,Cotton lint,1989-90,1989,final,0.0,0.0
Western Australia,summer,Cotton lint,1990-91,1990,final,0.0,0.0
Western Australia,summer,Cotton lint,1991-92,1991,final,0.0,0.0
Western Australia,summer,Cotton lint,1992-93,1992,final,0.0,0.0
Western Australia,summer,Cotton lint,1993-94,1993,final,0.0,0.0
Western Australia,summer,Cotton lint,1994-95,1994,final,0.0,0.0
Western Australia,summer,Cotton lint,1995-96,1995,final,0.0,0.0
Western Australia,summer,Cotton lint,1996-97,1996,final,0.0,0.0
Western Australia,summer,Cotton lint,1997-98,1997,final,0.0,0.0
Western Australia,summer,Cotton lint,1998-99,1998,final,0.0,0.0
Western Australia,summer,Cotton lint,1999-00,1999,final,0.0,0.0
Western Australia,summer,Cotton lint,2000-01,2000,final,0.0,0.0
Western Australia,summer,Cotton lint,2001-02,2001,final,0.0,0.0
Western Australia,summer,Cotton lint,2002-03,2002,final,0.0,0.0
Western Australia,summer,Cotton lint,2003-04,2003,final,0.0,0.0
Western Australia,summer,Cotton lint,2004-05,2004,final,0.0,0.0
Western Australia,summer,Cotton lint,2005-06,2005,final,0.0,0.0
Western Australia,summer,Cotton lint,2006-07,2006,final,0.0,0.0
Western Australia,summer,Cotton lint,2007-08,2007,final,0.0,0.0
Western Australia,summer,Cotton lint,2008-09,2008,final,0.0,0.0
Western Australia,summer,Cotton lint,2009-10,2009,final,0.0,0.0
Western Australia,summer,Cotton lint,2010-11,2010,final,0.0,0.0
Western Australia,summer,Cotton lint,2011-12,2011,final,0.8,1.271
Western Australia,summer,Cotton lint,2012-13,2012,final,0.0,0.0
Western Australia,summer,Cotton lint,2013-14,2013,final,0.0,0.0
Western Australia,summer,Cotton lint,2014-15,2014,final,0.0,0.0
Western Australia,summer,Cotton lint,2015-16,2015,final,0.0,0.0
Western Australia,summer,Cotton lint,2016-17,2016,final,0.0,0.0
Western Australia,summer,Cotton lint,2017-18,2017,final,0.0,0.0
Western Australia,summer,Cotton lint,2018-19,2018,final,0.0,0.0
Western Australia,summer,Cotton lint,2019-20,2019,final,0.0,0.0
Western Australia,summer,Cotton lint,2020-21,2020,final,0.0,0.0
Western Australia,summer,Cotton lint,2021-22,2021,final,2.395,5.432
Western Australia,summer,Cotton lint,2022-23,2022,estimate,2.2,4.491
Western Australia,summer,Cotton lint,2023-24,2023,estimate,1.844,3.764
Western Australia,summer,Cotton lint,2024-25,2024,estimate,9.485,21.512
Western Australia,summer,Cotton lint,2025-26,2025,estimate,12.5,28.35
Western Australia,summer,Cotton lint,2026-27,2026,forecast,12.018,27.255
Western Australia,summer,Cottonseed,1989-90,1989,final,0.0,0.0
Western Australia,summer,Cottonseed,1990-91,1990,final,0.0,0.0
Western Australia,summer,Cottonseed,1991-92,1991,final,0.0,0.0
Western Australia,summer,Cottonseed,1992-93,1992,final,0.0,0.0
Western Australia,summer,Cottonseed,1993-94,1993,final,0.0,0.0
Western Australia,summer,Cottonseed,1994-95,1994,final,0.0,0.0
Western Australia,summer,Cottonseed,1995-96,1995,final,0.0,0.0
Western Australia,summer,Cottonseed,1996-97,1996,final,0.0,0.0
Western Australia,summer,Cottonseed,1997-98,1997,final,0.0,0.0
Western Australia,summer,Cottonseed,1998-99,1998,final,0.0,0.0
Western Australia,summer,Cottonseed,1999-00,1999,final,0.0,0.0
Western Australia,summer,Cottonseed,2000-01,2000,final,0.0,0.0
Western Australia,summer,Cottonseed,2001-02,2001,final,0.0,0.0
Western Australia,summer,Cottonseed,2002-03,2002,final,0.0,0.0
Western Australia,summer,Cottonseed,2003-04,2003,final,0.0,0.0
Western Australia,summer,Cottonseed,2004-05,2004,final,0.0,0.0
Western Australia,summer,Cottonseed,2005-06,2005,final,0.0,0.0
Western Australia,summer,Cottonseed,2006-07,2006,final,0.0,0.0
Western Australia,summer,Cottonseed,2007-08,2007,final,0.0,0.0
Western Australia,summer,Cottonseed,2008-09,2008,final,0.0,0.0
Western Australia,summer,Cottonseed,2009-10,2009,final,0.0,0.0
Western Australia,summer,Cottonseed,2010-11,2010,final,0.0,0.0
Western Australia,summer,Cottonseed,2011-12,2011,final,0.8,2.036
Western Australia,summer,Cottonseed,2012-13,2012,final,0.0,0.0
Western Australia,summer,Cottonseed,2013-14,2013,final,0.0,0.0
Western Australia,summer,Cottonseed,2014-15,2014,final,0.0,0.0
Western Australia,summer,Cottonseed,2015-16,2015,final,0.0,0.0
Western Australia,summer,Cottonseed,2016-17,2016,final,0.0,0.0
Western Australia,summer,Cottonseed,2017-18,2017,final,0.0,0.0
Western Australia,summer,Cottonseed,2018-19,2018,final,0.0,0.0
Western Australia,summer,Cottonseed,2019-20,2019,final,0.0,0.0
Western Australia,summer,Cottonseed,2020-21,2020,final,0.0,0.0
Western Australia,summer,Cottonseed,2021-22,2021,final,2.395,6.535
Western Australia,summer,Cottonseed,2022-23,2022,estimate,2.2,5.148
Western Australia,summer,Cottonseed,2023-24,2023,estimate,1.844,4.315
Western Australia,summer,Cottonseed,2024-25,2024,estimate,9.485,24.661
Western Australia,summer,Cottonseed,2025-26,2025,estimate,12.5,32.5
Western Australia,summer,Cottonseed,2026-27,2026,forecast,12.018,31.246
Western Australia,summer,Grain sorghum,1989-90,1989,final,0.19,0.822
Western Australia,summer,Grain sorghum,1990-91,1990,final,0.625,1.638
Western Australia,summer,Grain sorghum,1991-92,1991,final,0.177,0.486
Western Australia,summer,Grain sorghum,1992-93,1992,final,0.436,1.556
Western Australia,summer,Grain sorghum,1993-94,1993,final,0.472,1.54
Western Australia,summer,Grain sorghum,1994-95,1994,final,0.465,1.53
Western Australia,summer,Grain sorghum,1995-96,1995,final,0.366,0.0
Western Australia,summer,Grain sorghum,1996-97,1996,final,1.147,1.752
Western Australia,summer,Grain sorghum,1997-98,1997,final,1.03,2.406
Western Australia,summer,Grain sorghum,1998-99,1998,final,1.921,5.769
Western Australia,summer,Grain sorghum,1999-00,1999,final,2.102,2.428
Western Australia,summer,Grain sorghum,2000-01,2000,final,2.471,3.776
Western Australia,summer,Grain sorghum,2001-02,2001,final,0.0,0.0
Western Australia,summer,Grain sorghum,2002-03,2002,final,2.723,1.132
Western Australia,summer,Grain sorghum,2003-04,2003,final,0.671,1.155
Western Australia,summer,Grain sorghum,2004-05,2004,final,0.0,0.0
Western Australia,summer,Grain sorghum,2005-06,2005,final,1.579,3.283
Western Australia,summer,Grain sorghum,2006-07,2006,final,1.24,0.598
Western Australia,summer,Grain sorghum,2007-08,2007,final,0.76,1.55
Western Australia,summer,Grain sorghum,2008-09,2008,final,0.245,1.001
Western Australia,summer,Grain sorghum,2009-10,2009,final,0.881,0.09
Western Australia,summer,Grain sorghum,2010-11,2010,final,1.0,1.478
Western Australia,summer,Grain sorghum,2011-12,2011,final,0.53,1.531
Western Australia,summer,Grain sorghum,2012-13,2012,final,0.69,2.0
Western Australia,summer,Grain sorghum,2013-14,2013,final,0.685,1.904
Western Australia,summer,Grain sorghum,2014-15,2014,final,1.453,3.987
Western Australia,summer,Grain sorghum,2015-16,2015,final,2.085,5.435
Western Australia,summer,Grain sorghum,2016-17,2016,final,0.624,2.306
Western Australia,summer,Grain sorghum,2017-18,2017,final,0.568,1.262
Western Australia,summer,Grain sorghum,2018-19,2018,final,2.354,9.211
Western Australia,summer,Grain sorghum,2019-20,2019,final,0.348,1.756
Western Australia,summer,Grain sorghum,2020-21,2020,final,1.838,2.61
Western Australia,summer,Grain sorghum,2021-22,2021,final,1.628,2.901
Western Australia,summer,Grain sorghum,2022-23,2022,estimate,1.002,3.368
Western Australia,summer,Grain sorghum,2023-24,2023,estimate,1.146,2.435
Western Australia,summer,Grain sorghum,2024-25,2024,estimate,1.24,2.668
Western Australia,summer,Grain sorghum,2025-26,2025,estimate,1.24,3.399
Western Australia,summer,Grain sorghum,2026-27,2026,forecast,1.1,2.9
Western Australia,summer,Rice,1989-90,1989,final,0.0,0.0
Western Australia,summer,Rice,1990-91,1990,final,0.0,0.0
Western Australia,summer,Rice,1991-92,1991,final,0.0,0.0
Western Australia,summer,Rice,1992-93,1992,final,0.0,0.0
Western Australia,summer,Rice,1993-94,1993,final,0.0,0.0
Western Australia,summer,Rice,1994-95,1994,final,0.0,0.0
Western Australia,summer,Rice,1995-96,1995,final,0.0,0.0
Western Australia,summer,Rice,1996-97,1996,final,0.0,0.0
Western Australia,summer,Rice,1997-98,1997,final,0.0,0.0
Western Australia,summer,Rice,1998-99,1998,final,0.0,0.0
Western Australia,summer,Rice,1999-00,1999,final,0.0,0.0
Western Australia,summer,Rice,2000-01,2000,final,0.0,0.0
Western Australia,summer,Rice,2001-02,2001,final,0.0,0.0
Western Australia,summer,Rice,2002-03,2002,final,0.0,0.0
Western Australia,summer,Rice,2003-04,2003,final,0.0,0.0
Western Australia,summer,Rice,2004-05,2004,final,0.0,0.0
Western Australia,summer,Rice,2005-06,2005,final,0.0,0.0
Western Australia,summer,Rice,2006-07,2006,final,0.0,0.0
Western Australia,summer,Rice,2007-08,2007,final,0.0,0.0
Western Australia,summer,Rice,2008-09,2008,final,0.0,0.0
Western Australia,summer,Rice,2009-10,2009,final,0.0,0.0
Western Australia,summer,Rice,2010-11,2010,final,0.221,2.208
Western Australia,summer,Rice,2011-12,2011,final,0.084,0.09
Western Australia,summer,Rice,2012-13,2012,final,0.0,0.0
Western Australia,summer,Rice,2013-14,2013,final,0.0,0.0
Western Australia,summer,Rice,2014-15,2014,final,0.026,0.155
Western Australia,summer,Rice,2015-16,2015,final,0.003,0.0
Western Australia,summer,Rice,2016-17,2016,final,0.0,0.0
Western Australia,summer,Rice,2017-18,2017,final,0.003,0.036
Western Australia,summer,Rice,2018-19,2018,final,0.0,0.0
Western Australia,summer,Rice,2019-20,2019,final,0.0,0.0
Western Australia,summer,Rice,2020-21,2020,final,0.0,0.0
Western Australia,summer,Rice,2021-22,2021,final,0.0,0.0
Western Australia,summer,Rice,2022-23,2022,estimate,0.0,0.0
Western Australia,summer,Rice,2023-24,2023,estimate,0.0,0.0
Western Australia,summer,Rice,2024-25,2024,estimate,0.0,0.0
Western Australia,summer,Rice,2025-26,2025,estimate,0.0,0.0
Western Australia,summer,Rice,2026-27,2026,forecast,0.0,0.0
Western Australia,summer,Soybeans,1989-90,1989,final,0.306,0.461
Western Australia,summer,Soybeans,1990-91,1990,final,0.0,0.0
Western Australia,summer,Soybeans,1991-92,1991,final,0.0,0.0
Western Australia,summer,Soybeans,1992-93,1992,final,0.0,0.0
Western Australia,summer,Soybeans,1993-94,1993,final,0.0,0.0
Western Australia,summer,Soybeans,1994-95,1994,final,0.0,0.0
Western Australia,summer,Soybeans,1995-96,1995,final,0.0,0.0
Western Australia,summer,Soybeans,1996-97,1996,final,0.0,0.0
Western Australia,summer,Soybeans,1997-98,1997,final,0.0,0.0
Western Australia,summer,Soybeans,1998-99,1998,final,0.0,0.0
Western Australia,summer,Soybeans,1999-00,1999,final,0.0,0.0
Western Australia,summer,Soybeans,2000-01,2000,final,0.0,0.0
Western Australia,summer,Soybeans,2001-02,2001,final,0.0,0.0
Western Australia,summer,Soybeans,2002-03,2002,final,0.0,0.0
Western Australia,summer,Soybeans,2003-04,2003,final,0.0,0.0
Western Australia,summer,Soybeans,2004-05,2004,final,0.0,0.0
Western Australia,summer,Soybeans,2005-06,2005,final,0.0,0.0
Western Australia,summer,Soybeans,2006-07,2006,final,0.0,0.0
Western Australia,summer,Soybeans,2007-08,2007,final,0.001,0.0
Western Australia,summer,Soybeans,2008-09,2008,final,0.0,0.0
Western Australia,summer,Soybeans,2009-10,2009,final,0.0,0.0
Western Australia,summer,Soybeans,2010-11,2010,final,0.0,0.0
Western Australia,summer,Soybeans,2011-12,2011,final,0.0,0.0
Western Australia,summer,Soybeans,2012-13,2012,final,0.0,0.0
Western Australia,summer,Soybeans,2013-14,2013,final,0.0,0.0
Western Australia,summer,Soybeans,2014-15,2014,final,0.0,0.0
Western Australia,summer,Soybeans,2015-16,2015,final,0.0,0.0
Western Australia,summer,Soybeans,2016-17,2016,final,0.0,0.0
Western Australia,summer,Soybeans,2017-18,2017,final,0.0,0.0
Western Australia,summer,Soybeans,2018-19,2018,final,0.0,0.0
Western Australia,summer,Soybeans,2019-20,2019,final,0.0,0.0
Western Australia,summer,Soybeans,2020-21,2020,final,0.0,0.0
Western Australia,summer,Soybeans,2021-22,2021,final,0.0,0.0
Western Australia,summer,Soybeans,2022-23,2022,estimate,0.0,0.0
Western Australia,summer,Soybeans,2023-24,2023,estimate,0.0,0.0
Western Australia,summer,Soybeans,2024-25,2024,estimate,0.0,0.0
Western Australia,summer,Soybeans,2025-26,2025,estimate,0.0,0.0
Western Australia,summer,Soybeans,2026-27,2026,forecast,0.0,0.0
Western Australia,summer,Sunflower,1989-90,1989,final,0.337,0.643
Western Australia,summer,Sunflower,1990-91,1990,final,0.0,0.0
Western Australia,summer,Sunflower,1991-92,1991,final,0.0,0.0
Western Australia,summer,Sunflower,1992-93,1992,final,0.0,0.0
Western Australia,summer,Sunflower,1993-94,1993,final,0.0,0.0
Western Australia,summer,Sunflower,1994-95,1994,final,0.0,0.0
Western Australia,summer,Sunflower,1995-96,1995,final,0.0,0.0
Western Australia,summer,Sunflower,1996-97,1996,final,0.07,0.049
Western Australia,summer,Sunflower,1997-98,1997,final,0.126,0.102
Western Australia,summer,Sunflower,1998-99,1998,final,0.311,0.156
Western Australia,summer,Sunflower,1999-00,1999,final,0.082,0.065
Western Australia,summer,Sunflower,2000-01,2000,final,0.0,0.0
Western Australia,summer,Sunflower,2001-02,2001,final,0.0,0.0
Western Australia,summer,Sunflower,2002-03,2002,final,0.0,0.0
Western Australia,summer,Sunflower,2003-04,2003,final,0.0,0.0
Western Australia,summer,Sunflower,2004-05,2004,final,0.0,0.0
Western Australia,summer,Sunflower,2005-06,2005,final,0.0,0.0
Western Australia,summer,Sunflower,2006-07,2006,final,0.0,0.0
Western Australia,summer,Sunflower,2007-08,2007,final,0.001,0.0
Western Australia,summer,Sunflower,2008-09,2008,final,0.544,0.059
Western Australia,summer,Sunflower,2009-10,2009,final,0.0,0.0
Western Australia,summer,Sunflower,2010-11,2010,final,0.011,0.002
Western Australia,summer,Sunflower,2011-12,2011,final,0.247,0.388
Western Australia,summer,Sunflower,2012-13,2012,final,0.496,0.566
Western Australia,summer,Sunflower,2013-14,2013,final,0.742,1.054
Western Australia,summer,Sunflower,2014-15,2014,final,4.371,4.209
Western Australia,summer,Sunflower,2015-16,2015,final,3.0,3.0
Western Australia,summer,Sunflower,2016-17,2016,final,3.0,3.0
Western Australia,summer,Sunflower,2017-18,2017,final,0.0,0.0
Western Australia,summer,Sunflower,2018-19,2018,final,1.394,1.352
Western Australia,summer,Sunflower,2019-20,2019,final,0.79,0.52
Western Australia,summer,Sunflower,2020-21,2020,final,0.488,1.159
Western Australia,summer,Sunflower,2021-22,2021,final,0.0,0.0
Western Australia,summer,Sunflower,2022-23,2022,estimate,0.0,0.0
Western Australia,summer,Sunflower,2023-24,2023,estimate,0.0,0.0
Western Australia,summer,Sunflower,2024-25,2024,estimate,0.0,0.0
Western Australia,summer,Sunflower,2025-26,2025,estimate,0.0,0.0
Western Australia,summer,Sunflower,2026-27,2026,forecast,0.0,0.0
Western Australia,winter,Barley,1989-90,1989,final,421.412,628.051
Western Australia,winter,Barley,1990-91,1990,final,497.685,742.242
Western Australia,winter,Barley,1991-92,1991,final,554.497,899.637
Western Australia,winter,Barley,1992-93,1992,final,611.079,1060.853
Western Australia,winter,Barley,1993-94,1993,final,799.261,1381.393
Western Australia,winter,Barley,1994-95,1994,final,579.127,914.911
Western Australia,winter,Barley,1995-96,1995,final,744.527,1322.812
Western Australia,winter,Barley,1996-97,1996,final,909.306,1635.344
Western Australia,winter,Barley,1997-98,1997,final,1036.001,1926.272
Western Australia,winter,Barley,1998-99,1998,final,811.391,1468.625
Western Australia,winter,Barley,1999-00,1999,final,550.133,1117.271
Western Australia,winter,Barley,2000-01,2000,final,982.921,1358.391
Western Australia,winter,Barley,2001-02,2001,final,1087.539,2262.831
Western Australia,winter,Barley,2002-03,2002,final,1140.058,1349.023
Western Australia,winter,Barley,2003-04,2003,final,1278.016,3169.877
Western Australia,winter,Barley,2004-05,2004,final,1313.384,2489.194
Western Australia,winter,Barley,2005-06,2005,final,1128.979,2399.764
Western Australia,winter,Barley,2006-07,2006,final,1082.957,1808.41
Western Australia,winter,Barley,2007-08,2007,final,1380.935,2719.379
Western Australia,winter,Barley,2008-09,2008,final,1558.808,3007.447
Western Australia,winter,Barley,2009-10,2009,final,1419.759,2553.729
Western Australia,winter,Barley,2010-11,2010,final,1101.075,1548.587
Western Australia,winter,Barley,2011-12,2011,final,1246.313,2761.114
Western Australia,winter,Barley,2012-13,2012,final,1215.047,2251.68
Western Australia,winter,Barley,2013-14,2013,final,1257.903,3555.662
Western Australia,winter,Barley,2014-15,2014,final,1308.458,3192.452
Western Australia,winter,Barley,2015-16,2015,final,1383.931,3247.933
Western Australia,winter,Barley,2016-17,2016,final,1693.705,4119.831
Western Australia,winter,Barley,2017-18,2017,final,1531.074,3774.555
Western Australia,winter,Barley,2018-19,2018,final,1897.361,4798.004
Western Australia,winter,Barley,2019-20,2019,final,1906.858,3996.15
Western Australia,winter,Barley,2020-21,2020,final,1844.27,4611.219
Western Australia,winter,Barley,2021-22,2021,final,1884.241,5758.301
Western Australia,winter,Barley,2022-23,2022,estimate,1550.0,5600.0
Western Australia,winter,Barley,2023-24,2023,estimate,1600.0,3700.0
Western Australia,winter,Barley,2024-25,2024,estimate,1800.0,6000.0
Western Australia,winter,Barley,2025-26,2025,estimate,1900.0,7500.0
Western Australia,winter,Barley,2026-27,2026,forecast,2100.0,6800.0
Western Australia,winter,Canola,1989-90,1989,final,0.576,0.608
Western Australia,winter,Canola,1990-91,1990,final,2.002,1.866
Western Australia,winter,Canola,1991-92,1991,final,16.702,15.424
Western Australia,winter,Canola,1992-93,1992,final,11.616,11.5
Western Australia,winter,Canola,1993-94,1993,final,35.844,47.312
Western Australia,winter,Canola,1994-95,1994,final,104.067,107.875
Western Australia,winter,Canola,1995-96,1995,final,99.362,116.862
Western Australia,winter,Canola,1996-97,1996,final,106.544,107.939
Western Australia,winter,Canola,1997-98,1997,final,247.829,269.567
Western Australia,winter,Canola,1998-99,1998,final,536.492,614.807
Western Australia,winter,Canola,1999-00,1999,final,878.797,963.21
Western Australia,winter,Canola,2000-01,2000,final,517.326,352.55
Western Australia,winter,Canola,2001-02,2001,final,393.911,418.657
Western Australia,winter,Canola,2002-03,2002,final,348.694,299.108
Western Australia,winter,Canola,2003-04,2003,final,358.152,526.637
Western Australia,winter,Canola,2004-05,2004,final,428.276,488.286
Western Australia,winter,Canola,2005-06,2005,final,437.094,616.654
Western Australia,winter,Canola,2006-07,2006,final,410.617,391.608
Western Australia,winter,Canola,2007-08,2007,final,595.122,752.046
Western Australia,winter,Canola,2008-09,2008,final,919.515,1175.095
Western Australia,winter,Canola,2009-10,2009,final,981.44,1031.289
Western Australia,winter,Canola,2010-11,2010,final,1056.561,714.881
Western Australia,winter,Canola,2011-12,2011,final,969.034,1231.854
Western Australia,winter,Canola,2012-13,2012,final,1319.791,1364.204
Western Australia,winter,Canola,2013-14,2013,final,1307.491,1776.636
Western Australia,winter,Canola,2014-15,2014,final,1396.952,1640.898
Western Australia,winter,Canola,2015-16,2015,final,1093.647,1327.849
Western Australia,winter,Canola,2016-17,2016,final,1349.373,2047.893
Western Australia,winter,Canola,2017-18,2017,final,1530.626,1723.59
Western Australia,winter,Canola,2018-19,2018,final,1129.414,1346.145
Western Australia,winter,Canola,2019-20,2019,final,1148.202,1117.074
Western Australia,winter,Canola,2020-21,2020,final,1183.635,1689.347
Western Australia,winter,Canola,2021-22,2021,final,1512.566,2953.842
Western Australia,winter,Canola,2022-23,2022,estimate,2200.0,4500.0
Western Australia,winter,Canola,2023-24,2023,estimate,1800.0,2500.0
Western Australia,winter,Canola,2024-25,2024,estimate,1600.0,2900.0
Western Australia,winter,Canola,2025-26,2025,estimate,1950.0,4250.0
Western Australia,winter,Canola,2026-27,2026,forecast,2200.0,4000.0
Western Australia,winter,Chickpeas,1989-90,1989,final,0.306,0.777
Western Australia,winter,Chickpeas,1990-91,1990,final,0.7,1.4
Western Australia,winter,Chickpeas,1991-92,1991,final,0.0,0.0
Western Australia,winter,Chickpeas,1992-93,1992,final,1.0,1.6
Western Australia,winter,Chickpeas,1993-94,1993,final,3.424,3.401
Western Australia,winter,Chickpeas,1994-95,1994,final,13.403,8.136
Western Australia,winter,Chickpeas,1995-96,1995,final,31.437,26.293
Western Australia,winter,Chickpeas,1996-97,1996,final,42.567,31.81
Western Australia,winter,Chickpeas,1997-98,1997,final,55.698,37.216
Western Australia,winter,Chickpeas,1998-99,1998,final,50.941,42.906
Western Australia,winter,Chickpeas,1999-00,1999,final,71.48,70.725
Western Australia,winter,Chickpeas,2000-01,2000,final,56.976,17.753
Western Australia,winter,Chickpeas,2001-02,2001,final,25.59,8.276
Western Australia,winter,Chickpeas,2002-03,2002,final,11.835,3.273
Western Australia,winter,Chickpeas,2003-04,2003,final,4.111,2.754
Western Australia,winter,Chickpeas,2004-05,2004,final,3.49,2.557
Western Australia,winter,Chickpeas,2005-06,2005,final,3.762,3.46
Western Australia,winter,Chickpeas,2006-07,2006,final,1.74,1.543
Western Australia,winter,Chickpeas,2007-08,2007,final,0.8,0.2
Western Australia,winter,Chickpeas,2008-09,2008,final,3.343,3.958
Western Australia,winter,Chickpeas,2009-10,2009,final,3.26,2.931
Western Australia,winter,Chickpeas,2010-11,2010,final,6.427,3.261
Western Australia,winter,Chickpeas,2011-12,2011,final,4.721,5.813
Western Australia,winter,Chickpeas,2012-13,2012,final,6.0,4.0
Western Australia,winter,Chickpeas,2013-14,2013,final,5.0,6.0
Western Australia,winter,Chickpeas,2014-15,2014,final,3.0,4.0
Western Australia,winter,Chickpeas,2015-16,2015,final,3.503,3.922
Western Australia,winter,Chickpeas,2016-17,2016,final,4.0,7.0
Western Australia,winter,Chickpeas,2017-18,2017,final,7.0,7.5
Western Australia,winter,Chickpeas,2018-19,2018,final,10.742,14.255
Western Australia,winter,Chickpeas,2019-20,2019,final,12.817,5.116
Western Australia,winter,Chickpeas,2020-21,2020,final,8.426,7.363
Western Australia,winter,Chickpeas,2021-22,2021,final,4.5,6.5
Western Australia,winter,Chickpeas,2022-23,2022,estimate,4.5,7.0
Western Australia,winter,Chickpeas,2023-24,2023,estimate,4.0,4.2
Western Australia,winter,Chickpeas,2024-25,2024,estimate,4.5,6.0
Western Australia,winter,Chickpeas,2025-26,2025,estimate,4.5,5.0
Western Australia,winter,Chickpeas,2026-27,2026,forecast,5.0,6.494
Western Australia,winter,Faba beans,1989-90,1989,final,0.0,0.0
Western Australia,winter,Faba beans,1990-91,1990,final,0.0,0.0
Western Australia,winter,Faba beans,1991-92,1991,final,0.0,0.0
Western Australia,winter,Faba beans,1992-93,1992,final,2.0,2.0
Western Australia,winter,Faba beans,1993-94,1993,final,3.72,5.831
Western Australia,winter,Faba beans,1994-95,1994,final,23.468,12.036
Western Australia,winter,Faba beans,1995-96,1995,final,19.17,20.226
Western Australia,winter,Faba beans,1996-97,1996,final,21.637,21.307
Western Australia,winter,Faba beans,1997-98,1997,final,37.817,27.134
Western Australia,winter,Faba beans,1998-99,1998,final,17.959,15.819
Western Australia,winter,Faba beans,1999-00,1999,final,10.0,10.0
Western Australia,winter,Faba beans,2000-01,2000,final,13.425,7.005
Western Australia,winter,Faba beans,2001-02,2001,final,13.0,10.0
Western Australia,winter,Faba beans,2002-03,2002,final,7.0,2.0
Western Australia,winter,Faba beans,2003-04,2003,final,7.0,10.0
Western Australia,winter,Faba beans,2004-05,2004,final,7.5,7.5
Western Australia,winter,Faba beans,2005-06,2005,final,6.0,8.0
Western Australia,winter,Faba beans,2006-07,2006,final,4.757,2.638
Western Australia,winter,Faba beans,2007-08,2007,final,2.0,2.5
Western Australia,winter,Faba beans,2008-09,2008,final,2.331,3.564
Western Australia,winter,Faba beans,2009-10,2009,final,3.5,5.0
Western Australia,winter,Faba beans,2010-11,2010,final,5.569,4.457
Western Australia,winter,Faba beans,2011-12,2011,final,2.5,3.5
Western Australia,winter,Faba beans,2012-13,2012,final,3.5,5.9
Western Australia,winter,Faba beans,2013-14,2013,final,4.0,9.2
Western Australia,winter,Faba beans,2014-15,2014,final,4.0,6.7
Western Australia,winter,Faba beans,2015-16,2015,final,2.568,4.017
Western Australia,winter,Faba beans,2016-17,2016,final,4.7,11.0
Western Australia,winter,Faba beans,2017-18,2017,final,17.0,20.0
Western Australia,winter,Faba beans,2018-19,2018,final,14.77,26.135
Western Australia,winter,Faba beans,2019-20,2019,final,9.14,10.393
Western Australia,winter,Faba beans,2020-21,2020,final,14.985,17.88
Western Australia,winter,Faba beans,2021-22,2021,final,8.5,15.0
Western Australia,winter,Faba beans,2022-23,2022,estimate,10.0,19.0
Western Australia,winter,Faba beans,2023-24,2023,estimate,8.0,12.2
Western Australia,winter,Faba beans,2024-25,2024,estimate,12.0,22.5
Western Australia,winter,Faba beans,2025-26,2025,estimate,20.0,40.0
Western Australia,winter,Faba beans,2026-27,2026,forecast,25.0,44.0
Western Australia,winter,Field peas,1989-90,1989,final,26.933,17.615
Western Australia,winter,Field peas,1990-91,1990,final,23.104,16.468
Western Australia,winter,Field peas,1991-92,1991,final,45.093,27.195
Western Australia,winter,Field peas,1992-93,1992,final,32.386,22.184
Western Australia,winter,Field peas,1993-94,1993,final,33.701,30.8
Western Australia,winter,Field peas,1994-95,1994,final,42.676,24.235
Western Australia,winter,Field peas,1995-96,1995,final,37.568,33.631
Western Australia,winter,Field peas,1996-97,1996,final,26.314,26.194
Western Australia,winter,Field peas,1997-98,1997,final,36.641,30.523
Western Australia,winter,Field peas,1998-99,1998,final,49.319,40.446
Western Australia,winter,Field peas,1999-00,1999,final,62.409,70.266
Western Australia,winter,Field peas,2000-01,2000,final,89.591,43.693
Western Australia,winter,Field peas,2001-02,2001,final,69.604,82.133
Western Australia,winter,Field peas,2002-03,2002,final,71.14,23.79
Western Australia,winter,Field peas,2003-04,2003,final,65.03,102.973
Western Australia,winter,Field peas,2004-05,2004,final,99.433,72.031
Western Australia,winter,Field peas,2005-06,2005,final,84.653,102.591
Western Australia,winter,Field peas,2006-07,2006,final,75.163,52.404
Western Australia,winter,Field peas,2007-08,2007,final,50.0,55.0
Western Australia,winter,Field peas,2008-09,2008,final,81.249,81.673
Western Australia,winter,Field peas,2009-10,2009,final,60.0,65.0
Western Australia,winter,Field peas,2010-11,2010,final,103.113,67.142
Western Australia,winter,Field peas,2011-12,2011,final,60.0,70.6
Western Australia,winter,Field peas,2012-13,2012,final,62.0,59.0
Western Australia,winter,Field peas,2013-14,2013,final,32.0,37.1
Western Australia,winter,Field peas,2014-15,2014,final,24.5,32.2
Western Australia,winter,Field peas,2015-16,2015,final,22.0,29.3
Western Australia,winter,Field peas,2016-17,2016,final,31.0,55.0
Western Australia,winter,Field peas,2017-18,2017,final,31.0,42.285
Western Australia,winter,Field peas,2018-19,2018,final,26.855,45.142
Western Australia,winter,Field peas,2019-20,2019,final,45.7,44.343
Western Australia,winter,Field peas,2020-21,2020,final,58.276,64.367
Western Australia,winter,Field peas,2021-22,2021,final,35.0,60.0
Western Australia,winter,Field peas,2022-23,2022,estimate,38.0,70.0
Western Australia,winter,Field peas,2023-24,2023,estimate,32.0,42.0
Western Australia,winter,Field peas,2024-25,2024,estimate,33.0,58.0
Western Australia,winter,Field peas,2025-26,2025,estimate,34.0,55.0
Western Australia,winter,Field peas,2026-27,2026,forecast,37.0,58.0
Western Australia,winter,Lentils,1989-90,1989,final,0.0,0.0
Western Australia,winter,Lentils,1990-91,1990,final,0.001,0.0
Western Australia,winter,Lentils,1991-92,1991,final,0.0,0.0
Western Australia,winter,Lentils,1992-93,1992,final,0.001,0.0
Western Australia,winter,Lentils,1993-94,1993,final,0.0,0.0
Western Australia,winter,Lentils,1994-95,1994,final,0.3,0.02
Western Australia,winter,Lentils,1995-96,1995,final,0.5,0.4
Western Australia,winter,Lentils,1996-97,1996,final,0.326,0.246
Western Australia,winter,Lentils,1997-98,1997,final,0.465,0.319
Western Australia,winter,Lentils,1998-99,1998,final,0.39,0.276
Western Australia,winter,Lentils,1999-00,1999,final,0.0,0.0
Western Australia,winter,Lentils,2000-01,2000,final,0.0,0.0
Western Australia,winter,Lentils,2001-02,2001,final,0.0,0.0
Western Australia,winter,Lentils,2002-03,2002,final,3.0,1.5
Western Australia,winter,Lentils,2003-04,2003,final,0.0,0.0
Western Australia,winter,Lentils,2004-05,2004,final,0.0,0.0
Western Australia,winter,Lentils,2005-06,2005,final,7.389,10.949
Western Australia,winter,Lentils,2006-07,2006,final,1.347,1.319
Western Australia,winter,Lentils,2007-08,2007,final,0.3,0.05
Western Australia,winter,Lentils,2008-09,2008,final,0.269,0.306
Western Australia,winter,Lentils,2009-10,2009,final,0.0,0.0
Western Australia,winter,Lentils,2010-11,2010,final,1.463,1.48
Western Australia,winter,Lentils,2011-12,2011,final,0.0,0.0
Western Australia,winter,Lentils,2012-13,2012,final,1.0,1.2
Western Australia,winter,Lentils,2013-14,2013,final,1.0,1.25
Western Australia,winter,Lentils,2014-15,2014,final,0.0,0.0
Western Australia,winter,Lentils,2015-16,2015,final,1.012,1.379
Western Australia,winter,Lentils,2016-17,2016,final,0.447,0.0
Western Australia,winter,Lentils,2017-18,2017,final,8.0,6.0
Western Australia,winter,Lentils,2018-19,2018,final,14.77,14.849
Western Australia,winter,Lentils,2019-20,2019,final,21.327,20.786
Western Australia,winter,Lentils,2020-21,2020,final,8.033,5.45
Western Australia,winter,Lentils,2021-22,2021,final,12.0,22.0
Western Australia,winter,Lentils,2022-23,2022,estimate,11.0,21.5
Western Australia,winter,Lentils,2023-24,2023,estimate,9.5,12.5
Western Australia,winter,Lentils,2024-25,2024,estimate,10.5,16.0
Western Australia,winter,Lentils,2025-26,2025,estimate,15.0,21.0
Western Australia,winter,Lentils,2026-27,2026,forecast,22.0,35.321
Western Australia,winter,Lupins,1989-90,1989,final,676.277,619.03
Western Australia,winter,Lupins,1990-91,1990,final,664.841,624.213
Western Australia,winter,Lupins,1991-92,1991,final,786.634,873.836
Western Australia,winter,Lupins,1992-93,1992,final,822.847,826.53
Western Australia,winter,Lupins,1993-94,1993,final,928.671,1181.094
Western Australia,winter,Lupins,1994-95,1994,final,1152.127,982.182
Western Australia,winter,Lupins,1995-96,1995,final,1100.273,1290.0
Western Australia,winter,Lupins,1996-97,1996,final,1080.413,1271.677
Western Australia,winter,Lupins,1997-98,1997,final,1207.241,1347.041
Western Australia,winter,Lupins,1998-99,1998,final,1179.998,1372.251
Western Australia,winter,Lupins,1999-00,1999,final,1104.418,1602.599
Western Australia,winter,Lupins,2000-01,2000,final,987.273,783.386
Western Australia,winter,Lupins,2001-02,2001,final,919.787,903.821
Western Australia,winter,Lupins,2002-03,2002,final,795.429,586.808
Western Australia,winter,Lupins,2003-04,2003,final,667.158,969.273
Western Australia,winter,Lupins,2004-05,2004,final,676.497,792.23
Western Australia,winter,Lupins,2005-06,2005,final,672.342,1064.202
Western Australia,winter,Lupins,2006-07,2006,final,529.799,409.055
Western Australia,winter,Lupins,2007-08,2007,final,546.068,533.128
Western Australia,winter,Lupins,2008-09,2008,final,444.35,600.489
Western Australia,winter,Lupins,2009-10,2009,final,500.135,631.124
Western Australia,winter,Lupins,2010-11,2010,final,522.07,397.505
Western Australia,winter,Lupins,2011-12,2011,final,500.912,781.876
Western Australia,winter,Lupins,2012-13,2012,final,302.8,295.2
Western Australia,winter,Lupins,2013-14,2013,final,246.0,461.4
Western Australia,winter,Lupins,2014-15,2014,final,287.0,382.3
Western Australia,winter,Lupins,2015-16,2015,final,331.493,457.262
Western Australia,winter,Lupins,2016-17,2016,final,360.5,805.0
Western Australia,winter,Lupins,2017-18,2017,final,402.0,532.398
Western Australia,winter,Lupins,2018-19,2018,final,510.244,712.765
Western Australia,winter,Lupins,2019-20,2019,final,533.164,485.005
Western Australia,winter,Lupins,2020-21,2020,final,426.544,599.452
Western Australia,winter,Lupins,2021-22,2021,final,350.0,750.0
Western Australia,winter,Lupins,2022-23,2022,estimate,400.0,925.0
Western Australia,winter,Lupins,2023-24,2023,estimate,315.0,460.0
Western Australia,winter,Lupins,2024-25,2024,estimate,350.0,585.0
Western Australia,winter,Lupins,2025-26,2025,estimate,400.0,920.0
Western Australia,winter,Lupins,2026-27,2026,forecast,450.0,860.0
Western Australia,winter,Oats,1989-90,1989,final,339.9,529.4
Western Australia,winter,Oats,1990-91,1990,final,324.1,496.8
Western Australia,winter,Oats,1991-92,1991,final,367.2,614.3
Western Australia,winter,Oats,1992-93,1992,final,331.6,577.9
Western Australia,winter,Oats,1993-94,1993,final,268.492,511.105
Western Australia,winter,Oats,1994-95,1994,final,256.462,424.765
Western Australia,winter,Oats,1995-96,1995,final,300.411,584.786
Western Australia,winter,Oats,1996-97,1996,final,316.31,546.06
Western Australia,winter,Oats,1997-98,1997,final,304.902,596.077
Western Australia,winter,Oats,1998-99,1998,final,228.373,463.356
Western Australia,winter,Oats,1999-00,1999,final,199.431,438.667
Western Australia,winter,Oats,2000-01,2000,final,248.253,316.993
Western Australia,winter,Oats,2001-02,2001,final,286.63,556.89
Western Australia,winter,Oats,2002-03,2002,final,313.857,476.728
Western Australia,winter,Oats,2003-04,2003,final,343.897,751.532
Western Australia,winter,Oats,2004-05,2004,final,243.025,460.295
Western Australia,winter,Oats,2005-06,2005,final,270.6,591.349
Western Australia,winter,Oats,2006-07,2006,final,299.017,441.028
Western Australia,winter,Oats,2007-08,2007,final,396.82,839.516
Western Australia,winter,Oats,2008-09,2008,final,294.937,568.278
Western Australia,winter,Oats,2009-10,2009,final,263.274,493.253
Western Australia,winter,Oats,2010-11,2010,final,254.86,283.297
Western Australia,winter,Oats,2011-12,2011,final,287.544,661.965
Western Australia,winter,Oats,2012-13,2012,final,258.172,502.281
Western Australia,winter,Oats,2013-14,2013,final,259.814,661.401
Western Australia,winter,Oats,2014-15,2014,final,233.23,557.595
Western Australia,winter,Oats,2015-16,2015,final,299.755,601.41
Western Australia,winter,Oats,2016-17,2016,final,402.883,1035.754
Western Australia,winter,Oats,2017-18,2017,final,306.385,697.234
Western Australia,winter,Oats,2018-19,2018,final,315.929,687.05
Western Australia,winter,Oats,2019-20,2019,final,298.52,643.167
Western Australia,winter,Oats,2020-21,2020,final,379.412,688.251
Western Australia,winter,Oats,2021-22,2021,final,369.635,937.443
Western Australia,winter,Oats,2022-23,2022,estimate,290.0,800.0
Western Australia,winter,Oats,2023-24,2023,estimate,220.0,380.0
Western Australia,winter,Oats,2024-25,2024,estimate,280.0,720.0
Western Australia,winter,Oats,2025-26,2025,estimate,350.0,950.0
Western Australia,winter,Oats,2026-27,2026,forecast,425.0,980.0
Western Australia,winter,Triticale,1989-90,1989,final,13.9,10.88
Western Australia,winter,Triticale,1990-91,1990,final,15.5,14.574
Western Australia,winter,Triticale,1991-92,1991,final,18.0,16.786
Western Australia,winter,Triticale,1992-93,1992,final,16.0,18.0
Western Australia,winter,Triticale,1993-94,1993,final,19.484,22.026
Western Australia,winter,Triticale,1994-95,1994,final,13.62,11.972
Western Australia,winter,Triticale,1995-96,1995,final,16.978,20.385
Western Australia,winter,Triticale,1996-97,1996,final,25.87,35.332
Western Australia,winter,Triticale,1997-98,1997,final,26.537,35.259
Western Australia,winter,Triticale,1998-99,1998,final,28.781,42.841
Western Australia,winter,Triticale,1999-00,1999,final,25.269,35.213
Western Australia,winter,Triticale,2000-01,2000,final,28.041,29.967
Western Australia,winter,Triticale,2001-02,2001,final,29.123,39.844
Western Australia,winter,Triticale,2002-03,2002,final,29.411,22.692
Western Australia,winter,Triticale,2003-04,2003,final,42.311,73.152
Western Australia,winter,Triticale,2004-05,2004,final,42.328,46.805
Western Australia,winter,Triticale,2005-06,2005,final,43.17,59.579
Western Australia,winter,Triticale,2006-07,2006,final,34.858,35.84
Western Australia,winter,Triticale,2007-08,2007,final,34.303,38.485
Western Australia,winter,Triticale,2008-09,2008,final,52.568,69.747
Western Australia,winter,Triticale,2009-10,2009,final,33.35,46.609
Western Australia,winter,Triticale,2010-11,2010,final,24.463,18.932
Western Australia,winter,Triticale,2011-12,2011,final,23.246,35.719
Western Australia,winter,Triticale,2012-13,2012,final,15.217,11.994
Western Australia,winter,Triticale,2013-14,2013,final,14.11,17.485
Western Australia,winter,Triticale,2014-15,2014,final,17.415,21.774
Western Australia,winter,Triticale,2015-16,2015,final,17.654,22.376
Western Australia,winter,Triticale,2016-17,2016,final,6.201,10.982
Western Australia,winter,Triticale,2017-18,2017,final,8.438,8.18
Western Australia,winter,Triticale,2018-19,2018,final,6.434,9.233
Western Australia,winter,Triticale,2019-20,2019,final,9.0,8.0
Western Australia,winter,Triticale,2020-21,2020,final,12.378,24.101
Western Australia,winter,Triticale,2021-22,2021,final,10.0,15.0
Western Australia,winter,Triticale,2022-23,2022,estimate,10.0,16.0
Western Australia,winter,Triticale,2023-24,2023,estimate,9.0,11.5
Western Australia,winter,Triticale,2024-25,2024,estimate,9.0,14.0
Western Australia,winter,Triticale,2025-26,2025,estimate,9.0,15.0
Western Australia,winter,Triticale,2026-27,2026,forecast,10.0,15.2
Western Australia,winter,Wheat,1989-90,1989,final,3476.4,4800.0
Western Australia,winter,Wheat,1990-91,1990,final,3632.2,5449.1
Western Australia,winter,Wheat,1991-92,1991,final,3229.9,4736.0
Western Australia,winter,Wheat,1992-93,1992,final,3669.3,5978.9
Western Australia,winter,Wheat,1993-94,1993,final,3852.4,6689.3
Western Australia,winter,Wheat,1994-95,1994,final,3848.3,5437.9
Western Australia,winter,Wheat,1995-96,1995,final,3892.4,6826.7
Western Australia,winter,Wheat,1996-97,1996,final,4263.7,7516.0
Western Australia,winter,Wheat,1997-98,1997,final,4204.9,7724.5
Western Australia,winter,Wheat,1998-99,1998,final,4515.3,8170.1
Western Australia,winter,Wheat,1999-00,1999,final,4556.2,9004.1
Western Australia,winter,Wheat,2000-01,2000,final,4460.3,5814.4
Western Australia,winter,Wheat,2001-02,2001,final,4349.9,7759.9
Western Australia,winter,Wheat,2002-03,2002,final,4457.7,4046.9
Western Australia,winter,Wheat,2003-04,2003,final,4917.0,11070.0
Western Australia,winter,Wheat,2004-05,2004,final,5118.3,8618.9
Western Australia,winter,Wheat,2005-06,2005,final,4752.7,9088.1
Western Australia,winter,Wheat,2006-07,2006,final,4037.0,5134.3
Western Australia,winter,Wheat,2007-08,2007,final,4258.2,5820.2
Western Australia,winter,Wheat,2008-09,2008,final,4541.9,8274.0
Western Australia,winter,Wheat,2009-10,2009,final,5005.9,8114.1
Western Australia,winter,Wheat,2010-11,2010,final,4639.5,5004.6
Western Australia,winter,Wheat,2011-12,2011,final,5155.761,11045.107
Western Australia,winter,Wheat,2012-13,2012,final,4909.209,6744.055
Western Australia,winter,Wheat,2013-14,2013,final,5114.891,9976.941
Western Australia,winter,Wheat,2014-15,2014,final,5038.134,8824.41
Western Australia,winter,Wheat,2015-16,2015,final,4615.761,8510.577
Western Australia,winter,Wheat,2016-17,2016,final,4677.774,9644.881
Western Australia,winter,Wheat,2017-18,2017,final,4056.574,7698.552
Western Australia,winter,Wheat,2018-19,2018,final,4369.2,9979.22
Western Australia,winter,Wheat,2019-20,2019,final,4132.709,5842.187
Western Australia,winter,Wheat,2020-21,2020,final,4387.514,8792.706
Western Australia,winter,Wheat,2021-22,2021,final,4718.004,12919.145
Western Australia,winter,Wheat,2022-23,2022,estimate,4750.0,14500.0
Western Australia,winter,Wheat,2023-24,2023,estimate,4650.0,7700.0
Western Australia,winter,Wheat,2024-25,2024,estimate,4700.0,12650.0
Western Australia,winter,Wheat,2025-26,2025,estimate,4450.0,13400.0
Western Australia,winter,Wheat,2026-27,2026,forecast,3900.0,10000.0
