{"type":"Topology","arcs":[[[79774,24848],[84,18],[191,-76],[54,140],[211,-37],[91,177]],[[80405,25070],[43,-123],[125,-140],[26,-136],[136,-96],[-15,-153],[-345,-295],[0,-217],[-67,-71],[-61,-209]],[[80247,23630],[-107,-183],[10,-134],[-155,-297]],[[79995,23016],[-144,-174],[-188,-31],[-71,-120],[37,-239],[-26,-198],[-124,36],[-122,-131]],[[79357,22159],[-102,95],[-2,176],[-75,153]],[[79178,22583],[82,137],[-1,285],[-53,285],[53,302],[99,125],[171,384],[-43,58],[87,590],[93,-32],[108,131]],[[78601,24044],[43,-6]],[[78644,24038],[37,-81]],[[78681,23957],[-82,15]],[[78599,23972],[2,72]],[[78628,24096],[16,-58]],[[78601,24044],[-27,41]],[[78574,24085],[54,11]],[[78628,24096],[21,16]],[[78649,24112],[61,5]],[[78710,24117],[-29,-160]],[[78599,23972],[-87,-1]],[[78512,23971],[28,48]],[[78540,24019],[34,66]],[[78627,23884],[50,-32],[-35,-43],[-48,9],[33,66]],[[78710,24117],[145,-14],[102,97],[-262,140]],[[78695,24340],[-134,153]],[[78561,24493],[0,1]],[[78561,24494],[203,88],[177,232],[25,334]],[[78966,25148],[70,-151],[125,-54],[254,58],[45,-113],[314,-40]],[[79178,22583],[-230,83],[2,110],[-268,-121],[-272,68],[-73,108]],[[78337,22831],[26,235],[-67,320],[65,7]],[[78361,23393],[94,264],[2,240]],[[78457,23897],[55,74]],[[76875,19600],[-58,201],[83,179],[116,-22],[195,198],[599,-320],[79,-102],[122,-1],[74,91],[-81,211],[-1,266],[47,152]],[[78050,20453],[103,106],[151,-99],[221,85],[220,-24],[270,-204]],[[79015,20317],[110,-12]],[[79125,20305],[-48,-321],[176,-302],[-98,-85],[-29,-161],[-171,48],[40,-485],[-78,-60],[-105,-274],[86,-151]],[[78898,18514],[-788,419],[-1235,667]],[[78289,21485],[65,131],[145,15],[-13,-255],[-44,-86],[-180,36],[27,159]],[[77154,21881],[42,112],[-69,193],[-151,167]],[[76976,22353],[-52,107],[16,181],[160,311],[134,43],[113,207],[173,-51],[182,-136]],[[77702,23015],[66,-77],[113,62],[46,-382],[109,-119],[197,-83],[111,307],[-7,108]],[[79357,22159],[33,-390],[-129,-416],[60,-71],[-55,-305],[-90,-42],[-40,-313],[-116,-121],[-5,-184]],[[78050,20453],[-203,314],[133,326],[42,206],[-121,131],[-50,212],[-228,21],[-77,138],[-192,77],[-98,-140],[-102,143]],[[76875,19600],[-370,203]],[[76505,19803],[-110,60]],[[76395,19863],[117,311],[-10,192],[117,77],[-123,258],[91,291],[86,78],[215,357],[-5,163],[61,228],[128,111],[82,-48]],[[80853,23005],[-132,-18]],[[80721,22987],[-23,-62]],[[80698,22925],[-115,62],[-21,152],[306,-43],[-15,-91]],[[80721,22987],[79,-150],[-64,-161]],[[80736,22676],[-13,46]],[[80723,22722],[-25,203]],[[80277,20189],[-30,-227],[-92,-181]],[[80155,19781],[-60,-2]],[[80095,19779],[-54,141],[-160,186],[34,194],[362,-111]],[[80344,21297],[66,-204],[-109,-135],[26,-198],[95,-66]],[[80422,20694],[-10,-176],[-135,-329]],[[80095,19779],[-36,-124],[-120,9],[111,-338]],[[80050,19326],[-93,-65],[0,-316],[147,7]],[[80104,18952],[79,23],[120,-113],[35,-219],[-169,-187],[63,-134],[-48,-134],[57,-379]],[[80241,17809],[-1343,705]],[[79125,20305],[22,132],[134,96],[166,-25],[-4,-89],[239,-25],[52,137],[45,335],[93,126],[-227,170],[78,151],[158,-112],[32,138],[135,-54],[-16,-161],[203,21],[-64,150],[57,195],[116,-193]],[[80736,22676],[-113,-155]],[[80623,22521],[-72,58]],[[80551,22579],[20,81],[152,62]],[[79995,23016],[130,-107],[71,-357],[70,-224],[-34,-171],[76,-160],[-106,-243],[-109,-118],[299,-37]],[[80392,21599],[17,-115],[-65,-187]],[[80050,19326],[62,106]],[[80112,19432],[49,-268],[-145,-152],[88,-60]],[[80551,22579],[-122,-6],[-65,-124],[90,-232],[130,-225]],[[80584,21992],[-18,-279]],[[80566,21713],[-137,-15],[-37,-99]],[[80247,23630],[212,16],[100,-39]],[[80559,23607],[-3,-69],[222,-33],[125,62],[169,-31],[33,-88]],[[81105,23448],[-162,-343],[-90,-100]],[[80155,19781],[19,-74],[-88,-220],[26,-55]],[[80623,22521],[18,-376],[-57,-153]],[[80566,21713],[44,-221],[-33,-228],[-140,-240],[38,-89],[-53,-241]],[[79616,25813],[163,134],[-16,-235],[-147,101]],[[78300,26793],[86,164],[-65,117],[68,147],[-239,372],[23,249],[87,161],[-109,44],[0,146]],[[78151,28193],[235,131]],[[78386,28324],[169,-283],[176,106],[149,-14],[101,-128]],[[78981,28005],[186,-52],[145,-204],[178,-83],[113,-225],[266,-32],[251,60],[63,166],[104,119]],[[80287,27754],[74,-96],[74,-228],[-10,-214]],[[80425,27216],[14,-104],[118,-201],[-14,-106],[-124,-179],[75,-112],[-1,-494],[188,-174],[212,21]],[[80893,25867],[122,-56]],[[81015,25811],[-269,-181],[-178,-8],[-115,143],[-80,-220],[110,-236],[-78,-239]],[[78966,25148],[-40,121],[31,208],[-171,93],[-11,271],[-279,263],[-23,306],[-173,383]],[[77873,25541],[-85,57],[64,133],[231,-13],[-29,-197],[-61,-74],[-120,94]],[[76521,25751],[4,103]],[[76525,25854],[209,35],[-15,-101],[196,-44],[-7,194],[116,68],[166,-29],[41,197],[158,38],[61,162],[206,-39],[88,60],[-13,248],[138,140],[139,-98],[198,4],[94,104]],[[78561,24494],[-81,155]],[[78480,24649],[-92,80],[-126,-101]],[[78262,24628],[-36,-27]],[[78226,24601],[-61,-49]],[[78165,24552],[-23,-18]],[[78142,24534],[-53,-42]],[[78089,24492],[-46,-36]],[[78043,24456],[-328,-259]],[[77715,24197],[-21,-152]],[[77694,24045],[-112,16],[-28,276],[-79,154],[-137,-120],[-199,24],[81,137],[-72,175]],[[77148,24707],[41,108],[13,272],[-100,285],[-306,34],[-189,132],[-86,213]],[[76450,27077],[53,368],[145,-7],[241,-150],[100,41],[-21,-365],[130,-229],[-55,-60],[-191,82],[-57,93],[-121,-41],[-303,78],[79,190]],[[75580,27009],[-85,353],[-155,166]],[[75340,27528],[99,56]],[[75439,27584],[140,73],[246,1],[149,38],[21,179],[103,35],[498,-160],[122,-88],[194,121],[6,180]],[[76918,27963],[287,-71],[96,-102],[243,-21],[69,117],[10,164],[221,102],[126,-100],[181,141]],[[76525,25854],[-145,214],[60,384],[-49,124],[-396,221],[25,184],[-251,38],[-189,-10]],[[83355,29557],[49,-1]],[[83404,29556],[-16,-86]],[[83388,29470],[-11,19]],[[83377,29489],[-22,68]],[[83281,29518],[96,-29]],[[83388,29470],[-107,48]],[[82752,30583],[155,-66]],[[82907,30517],[2,-205],[200,-149]],[[83109,30163],[-104,-10],[174,-309]],[[83179,29844],[19,-47]],[[83198,29797],[-51,-80]],[[83147,29717],[-15,-45]],[[83132,29672],[-44,-85]],[[83088,29587],[-5,-172]],[[83083,29415],[-46,-129]],[[83037,29286],[-246,203],[-185,78]],[[82606,29567],[-126,173]],[[82480,29740],[-49,100]],[[82431,29840],[223,120],[20,524],[78,99]],[[83277,29684],[20,32]],[[83297,29716],[51,72]],[[83348,29788],[65,-17]],[[83413,29771],[-42,-108]],[[83371,29663],[-23,-69]],[[83348,29594],[-83,-44]],[[83265,29550],[-27,-2]],[[83238,29548],[12,86]],[[83250,29634],[27,50]],[[83149,29646],[-23,12]],[[83126,29658],[6,14]],[[83147,29717],[64,-3]],[[83211,29714],[66,-30]],[[83250,29634],[-101,12]],[[83126,29658],[-4,-82]],[[83122,29576],[-34,11]],[[83348,29594],[7,-37]],[[83281,29518],[-19,15]],[[83262,29533],[3,17]],[[83198,29797],[20,-25]],[[83218,29772],[-7,-58]],[[83179,29844],[136,-44]],[[83315,29800],[33,-12]],[[83297,29716],[-79,56]],[[83149,29646],[-3,-136]],[[83146,29510],[-24,66]],[[83262,29533],[-24,15]],[[83371,29663],[49,-48]],[[83420,29615],[-16,-59]],[[83207,29429],[-95,-143],[-75,0]],[[83083,29415],[124,14]],[[83413,29771],[20,51]],[[83433,29822],[76,-77]],[[83509,29745],[-89,-130]],[[83146,29510],[61,-81]],[[83430,29873],[55,-32],[29,-25],[-5,-71]],[[83433,29822],[-3,51]],[[83516,30298],[0,59]],[[83516,30357],[84,23]],[[83600,30380],[67,-49]],[[83667,30331],[10,-27],[-76,-40],[-31,-1]],[[83570,30263],[-13,8]],[[83557,30271],[-41,27]],[[83727,30299],[35,-3]],[[83762,30296],[-85,-146]],[[83677,30150],[-11,21]],[[83666,30171],[61,128]],[[83326,29938],[101,45]],[[83427,29983],[3,-110]],[[83315,29800],[11,138]],[[83570,30263],[-99,-214]],[[83471,30049],[-10,35]],[[83461,30084],[96,187]],[[82907,30517],[129,217],[140,-11]],[[83176,30723],[103,-109],[43,-250],[194,-7]],[[83516,30298],[-132,-48],[-51,-99]],[[83333,30151],[3,-57]],[[83336,30094],[-58,-54]],[[83278,30040],[-169,123]],[[83696,30455],[51,-17]],[[83747,30438],[2,-4]],[[83749,30434],[75,-44]],[[83824,30390],[-62,-94]],[[83727,30299],[-60,32]],[[83600,30380],[-2,71]],[[83598,30451],[98,4]],[[83278,30040],[48,-102]],[[83696,30455],[-41,26],[69,56],[23,-99]],[[83635,30085],[19,-50]],[[83654,30035],[-66,-7],[47,57]],[[83677,30150],[-23,-115]],[[83635,30085],[31,86]],[[83336,30094],[133,-62]],[[83469,30032],[-42,-49]],[[83461,30084],[-128,67]],[[83471,30049],[-2,-17]],[[79421,29892],[176,-114],[-26,-191],[-127,-125]],[[79444,29462],[-64,269]],[[79380,29731],[41,161]],[[78826,30732],[120,147],[106,0],[146,90],[317,-36]],[[79515,30933],[23,-221],[260,-144]],[[79798,30568],[-37,-180],[106,-85],[71,-147],[-7,-195],[149,-76],[38,-261],[-27,-203],[-126,-51]],[[79965,29370],[-200,-296],[-77,-175],[-195,66],[-131,-223],[-148,-28],[-40,-270],[-152,-32],[-41,-407]],[[78386,28324],[14,62]],[[78400,28386],[105,62],[180,306],[172,24],[123,111],[61,435],[-127,31],[0,233]],[[78914,29588],[-140,73],[44,248],[-18,204],[67,93],[18,259],[-72,13],[13,254]],[[79421,29892],[-143,76],[-45,-191],[77,-143]],[[79310,29634],[134,-172]],[[79965,29370],[271,-253],[23,-214],[-40,-101],[147,-104],[139,57],[177,-19]],[[80682,28736],[-19,-126]],[[80663,28610],[-101,-216],[-282,-95],[-38,-163],[-1,-261],[46,-121]],[[79310,29634],[70,97]],[[74866,33262],[10,-70],[291,-243],[116,-46],[18,-164],[155,-146],[251,-57],[105,-125]],[[75812,32411],[-41,-166],[-122,-82],[-206,-49],[-24,-193],[-115,-162],[-156,-10],[-81,-367],[-35,-332],[-147,-386],[-45,-362],[48,-7]],[[74888,30295],[-25,-244],[-121,-160],[-73,-520]],[[74669,29371],[-98,6],[-82,-123],[-168,-70],[-556,81],[-337,92],[-47,-218],[-787,126],[-10,125],[-513,-166]],[[72071,29224],[-236,-73],[-89,370],[28,339],[61,242]],[[71835,30102],[90,140],[239,-14],[132,122],[165,-131],[158,103],[23,230],[347,163],[34,85],[134,17],[-119,629],[-55,192],[-210,1102]],[[72773,32740],[160,10],[160,93],[97,-182],[187,-151],[136,122],[-94,138],[294,233],[179,-44],[212,187],[-155,224],[265,240],[156,7],[59,208],[72,7],[196,-138],[100,-201],[69,-231]],[[77353,28473],[-262,100],[172,98],[-67,164],[118,20],[42,-114],[270,-16],[27,-64],[-89,-257],[-211,69]],[[77250,29795],[165,-12],[182,-256],[183,19],[-2,-294]],[[77778,29252],[180,-90],[-32,-214],[187,-138],[-42,-105],[145,-153],[161,35],[23,-201]],[[76918,27963],[160,275],[-95,263],[-145,-165],[-54,144],[-119,37],[82,202],[-45,82],[60,147],[-89,71]],[[76673,29019],[36,102],[148,50],[116,348],[24,163],[123,-21],[130,134]],[[74888,30295],[123,-19],[127,-95],[80,173],[407,-65],[163,-2],[1,-93],[345,-58],[149,11]],[[76283,30147],[171,-32]],[[76454,30115],[-5,-108],[191,-51],[34,86],[187,-88],[190,114],[179,-48]],[[77230,30020],[20,-225]],[[76673,29019],[-198,37],[-186,-55],[-110,19],[-45,-208],[-286,55],[-315,21],[-83,-39],[-202,33],[-126,-66],[-226,15]],[[74896,28831],[-79,77],[-120,450],[-28,13]],[[75439,27584],[27,170],[-96,376],[-66,81],[-339,62],[30,212],[-99,346]],[[76283,30147],[23,74],[-151,121],[79,284],[327,-57],[-32,-204],[-59,-68],[-16,-182]],[[75812,32411],[75,-52],[82,-188],[191,-147],[79,-198],[473,21]],[[76712,31847],[-37,-117]],[[76675,31730],[-3,-241],[108,-100],[8,-294],[104,-103],[163,-268],[-41,-178],[14,-164],[88,-220],[114,-142]],[[75340,27528],[-104,91],[-367,67],[-55,-295],[-368,94],[-78,-172],[-21,-162],[-272,43],[-47,-119],[-129,61],[-488,-42]],[[73411,27094],[-225,37],[22,178],[-228,35],[25,214],[-383,53]],[[72622,27611],[74,620],[-163,26],[43,338],[-290,45],[-137,111],[-46,142],[-110,73],[78,258]],[[80606,29697],[108,-140]],[[80714,29557],[-12,-106],[-131,-158],[-141,131],[56,165],[120,108]],[[79798,30568],[119,31],[188,-93],[100,342],[119,-19],[-31,177],[24,169],[108,59],[205,-3]],[[80630,31231],[-5,-216],[45,-147],[222,0],[-109,-229],[-45,-224],[77,-163],[-98,-114],[-117,-17],[-94,-325],[100,-99]],[[80714,29557],[89,54],[80,-152]],[[80883,29459],[-78,-279],[-17,-241],[-106,-203]],[[79456,32101],[-114,-82],[-57,128],[132,52],[39,-98]],[[80442,32780],[206,100],[200,16],[22,-177],[113,-95]],[[80983,32624],[-156,-151],[-23,-431],[163,-111],[-50,-344],[107,-73],[54,-162]],[[81078,31352],[-48,-124],[-169,-51],[-231,54]],[[79515,30933],[125,175],[96,41],[6,140],[171,179],[49,480],[81,277],[174,-141],[113,32],[-12,154],[44,336],[80,174]],[[78538,32869],[28,321],[37,95],[-57,222],[-119,-37],[-229,51],[-63,130],[60,383]],[[78195,34034],[245,-31],[19,-87],[207,-36],[120,67],[-100,199],[63,105],[109,-18],[193,122],[187,3],[-24,-173],[178,-100],[-47,-178],[178,38],[48,-145],[98,-18],[100,108],[181,-32]],[[79950,33858],[60,-116],[-133,-45],[24,-187],[279,-91],[112,28],[30,-145],[134,-169],[-116,-210],[102,-143]],[[78826,30732],[-195,176]],[[78631,30908],[89,123],[-85,104],[-47,280],[28,105],[-134,78],[38,190],[-66,98],[213,90],[2,152],[91,220],[-169,315],[-89,-20],[36,226]],[[81078,31352],[337,281],[87,-25]],[[81502,31608],[71,-558],[-69,-135],[111,-203]],[[81615,30712],[-13,-236],[-166,-136],[-2,-134],[127,-247],[-285,-460],[-188,-26]],[[81088,29473],[-76,-87],[-120,67]],[[80892,29453],[-9,6]],[[77778,29252],[164,344],[294,-40],[34,125],[644,-93]],[[78259,30049],[192,77]],[[78451,30126],[-11,-200],[-181,123]],[[78259,30049],[-37,180],[103,43],[247,5],[3,-174],[-124,23]],[[76675,31730],[107,-131],[218,-13],[177,-52]],[[77177,31534],[21,-189],[124,-47],[70,127],[260,-25],[72,-210],[146,-56],[157,87],[67,-207],[76,-16],[-13,-213],[293,116],[125,-89],[56,96]],[[86571,40602],[106,188],[127,-120],[-103,-84],[-53,-224],[-98,91],[21,149]],[[85342,41538],[-72,99],[115,170],[93,23],[108,282],[-50,175],[100,321],[198,-48]],[[85834,42560],[229,-42],[163,-282],[-44,-267],[118,-29],[110,-207],[-29,-122],[327,21],[129,-89],[178,76]],[[87015,41619],[241,-236],[-42,-355],[123,-154],[-37,-273],[212,-29]],[[87512,40572],[-90,-231],[6,-208],[-53,-96],[-19,-238]],[[87356,39799],[-72,101],[-164,-93],[-18,-126],[-108,-44],[-38,-291]],[[86956,39346],[-231,15],[7,-114]],[[86732,39247],[-196,9],[-60,-58],[-229,124],[25,124],[-216,149],[-139,52],[-136,-158],[-242,35],[-111,-293],[-130,-173]],[[85298,39058],[-66,312],[71,167],[-12,145],[-78,112]],[[85213,39794],[21,248],[-194,-59],[-35,172],[64,133],[128,60],[35,248],[120,73],[40,277],[125,112],[-51,179],[135,253],[-259,48]],[[87015,41619],[16,115],[124,111]],[[87155,41845],[414,-80]],[[87569,41765],[-35,-230],[67,-83],[-32,-459],[-46,-101],[-11,-320]],[[86683,38610],[32,1]],[[86715,38611],[-16,-117],[142,-98]],[[86841,38396],[-148,-229],[23,-156]],[[86716,38011],[-152,8],[-374,77],[-201,-40],[-280,58],[-29,-105]],[[85680,38009],[-189,159]],[[85491,38168],[-23,140],[83,99]],[[85551,38407],[28,58],[240,-21],[134,93],[168,-88],[160,129],[86,174],[316,-142]],[[86975,38859],[115,2]],[[87090,38861],[1,-98]],[[87091,38763],[-202,-3]],[[86889,38760],[86,99]],[[87091,38763],[-67,-170]],[[87024,38593],[-142,117]],[[86882,38710],[7,50]],[[86956,39346],[131,-25],[-18,-125]],[[87069,39196],[-1,-223],[-93,-114]],[[86882,38710],[-167,-99]],[[86683,38610],[-21,383],[93,8],[-23,246]],[[85551,38407],[-165,185],[-15,370],[-73,96]],[[87069,39196],[139,-52]],[[87208,39144],[-118,-283]],[[87024,38593],[-104,-273]],[[86920,38320],[-79,76]],[[86920,38320],[-94,-338]],[[86826,37982],[-110,29]],[[87356,39799],[-138,-288],[31,-202],[-41,-165]],[[68148,42534],[1154,0],[1783,0],[1794,0],[797,0]],[[73676,42534],[437,0]],[[74113,42534],[68,-103],[-298,-286],[226,-220],[-100,-137],[-102,-31],[208,-204],[-160,-187],[203,-196],[-110,-61],[151,-152],[188,-119],[41,-81],[230,-44],[-105,-197],[121,-87],[-12,-202],[87,-159],[115,-17],[-39,-373],[-140,20],[-72,-489],[-147,66],[-124,-18],[-89,-516],[-85,-363]],[[74168,38378],[20,-215],[-311,20],[-123,-164],[-237,-61],[165,-179],[88,-251],[-186,-48],[108,-159],[-134,-35],[-105,162],[-185,-46],[-143,195],[-120,-130],[151,-230],[-172,-44],[79,-160],[-118,-30],[-98,155],[-206,-54],[-39,54],[-162,-99]],[[72440,37059],[-16,34],[-337,-210],[-135,334],[-136,56],[-104,-43],[-151,324],[-128,-83],[7,-152],[-289,-201],[-97,194],[-160,-103],[6,-96],[-190,-136],[69,-140],[-93,-61],[-391,823],[-300,-197],[-37,96],[-358,-195],[136,-269],[-132,5],[-120,-107],[-64,94],[-147,-90],[-212,-198],[-249,364],[-82,-79]],[[68730,37023],[-144,240],[-883,1313],[342,311],[-293,40],[53,465],[-366,51],[146,222],[25,294],[-72,202],[60,116],[-8,199],[519,648],[83,162],[23,183],[-43,140],[99,150],[63,331],[-82,139],[-155,2],[-29,88],[80,215]],[[72440,37059],[137,-227],[-331,-207],[170,-263],[-106,-86],[111,-225],[218,144],[177,-356],[-285,-456],[141,-214],[-105,-90],[180,-265],[-111,-93],[-39,-140],[65,-102],[-199,-169],[310,-1570]],[[71835,30102],[-79,187],[76,66],[-135,277],[-836,39],[50,420],[7,378],[-185,28],[-178,76],[-80,138],[-118,-155],[-178,26],[30,245],[-189,33],[-17,-155],[-183,28],[-11,-94]],[[69809,31639],[-437,70],[66,566],[-88,15],[-122,-106],[-161,152],[-331,49],[22,190],[-165,-112],[-30,84],[-318,465],[-127,-113],[-223,336],[86,75],[-224,334],[-149,-129],[-228,335],[152,132],[95,-143],[164,79],[158,138],[-125,183],[585,517],[-224,335],[-180,-157],[-629,923],[-43,189],[175,107],[88,146],[191,101],[62,144],[168,-59],[101,151],[12,197],[159,120],[152,56],[149,-25],[140,39]],[[75062,37819],[35,201],[185,-8],[51,-242],[311,-22],[-18,484],[237,135],[57,84],[156,-48],[87,-101],[52,-168],[249,209],[-9,264],[161,81],[201,-199],[-9,-82],[180,-258],[367,-215],[145,74],[64,111],[204,-33]],[[77768,38086],[-51,-420]],[[77717,37666],[-30,-245],[178,-200],[-118,-118],[101,-146],[-81,-323],[145,-54],[73,-431],[65,-106],[-77,-93]],[[77973,35950],[-345,43],[-213,-82],[-119,15],[-3,-269],[-44,-71],[-244,53],[-48,78],[-219,-122],[-264,-31],[-96,-143],[10,-159],[-41,-311],[-192,8],[-27,-201]],[[76128,34758],[-200,0],[-69,-94]],[[75859,34664],[-358,175],[-52,239],[-84,165],[-6,289],[103,205],[-30,227],[-82,131],[49,114],[-47,195],[88,66],[-62,431],[-70,289],[-380,62],[-2,148],[95,95],[55,221],[-14,103]],[[74168,38378],[187,-71],[74,-531],[270,-10],[363,53]],[[75859,34664],[10,-234],[-88,-17],[-238,-264],[-108,-224],[-93,66],[-66,-124],[-165,-144],[49,-203],[-294,-258]],[[74113,42534],[1293,0],[941,0],[1689,0]],[[78036,42534],[-290,-201],[-59,-252],[-56,-92],[-171,-482],[51,-200],[-78,-152],[26,-110],[324,44],[129,52],[-46,-439],[453,-242],[-13,-107]],[[78306,40353],[-76,-593],[101,-17],[-85,-387],[-183,-167],[-60,-111],[-48,-435],[-77,35],[-73,-598],[-37,6]],[[61696,33989],[-3,152],[316,8],[-34,-345],[-283,0],[4,185]],[[60798,42534],[1281,0],[927,0],[1259,0],[1733,0],[975,0],[1175,0]],[[69809,31639],[-70,-603],[-43,-230],[-251,0],[-27,-145],[-152,27]],[[69266,30688],[9,73],[-249,38],[-44,-370],[-78,-29],[-18,-168],[-190,26],[-214,-226],[-386,51]],[[68096,30083],[-230,28],[-57,67],[33,276],[-749,114],[-16,-133],[-384,61],[-122,-112],[-59,85],[-184,27],[44,372],[175,0],[39,208],[-187,29],[14,133],[-186,27],[-14,-123],[-179,31],[34,288],[-349,82],[-664,92],[-44,-413],[-929,126],[70,-494],[-358,34],[-201,-221],[-33,-121],[-366,32],[-179,80],[34,-172],[-1035,138],[27,264],[-369,52],[-119,-1101],[-748,109]],[[60805,29948],[-1,2030],[-1,1895],[-1,857],[-1,1718],[0,1120],[0,1283],[-1,1551],[-2,2132]],[[77717,37666],[242,144],[55,-88],[168,142],[48,-313],[148,0],[198,-561],[225,124],[398,-85],[61,77],[245,-64],[160,-82]],[[79665,36960],[295,-64],[-58,-424],[183,-34],[-53,-310],[-182,-61],[-11,-266],[27,-164],[170,-37],[68,-200]],[[80104,35400],[-65,4],[-35,-248],[97,-117],[-104,-268],[89,-108],[272,47],[174,-161]],[[80532,34549],[-89,-56],[-98,-183],[-227,-170],[-168,-282]],[[78195,34034],[-117,23]],[[78078,34057],[83,90],[37,244],[76,-14],[50,207],[-53,182],[96,150],[57,246],[-16,129],[-213,37],[-158,83],[40,192],[155,181],[-259,166]],[[77278,33263],[190,-24],[43,-349],[-113,76]],[[77398,32966],[-139,136]],[[77259,33102],[19,161]],[[77398,32966],[-90,3]],[[77308,32969],[-49,133]],[[77308,32969],[-156,-16],[28,187],[98,123]],[[76912,33761],[391,268],[13,72],[248,41],[514,-85]],[[78538,32869],[-172,-2],[-132,68],[-58,-57],[-155,56],[-51,88],[-166,-122],[-188,-336],[-138,-197],[-2,-320],[-261,-155],[-38,-358]],[[76712,31847],[6,113],[130,53],[-38,258],[15,147],[-44,249],[57,241],[-64,157],[84,352],[-18,97],[72,247]],[[76912,33761],[-208,234],[-92,423],[-81,96],[-228,91],[-175,153]],[[82989,32000],[54,98],[348,-76]],[[83391,32022],[-60,-133],[76,-234]],[[83407,31655],[-8,-30]],[[83399,31625],[-69,-142]],[[83330,31483],[-127,41],[-47,-124]],[[83156,31400],[-144,-11],[-75,160]],[[82937,31549],[44,338]],[[82981,31887],[8,113]],[[83330,31483],[29,-90]],[[83359,31393],[-37,-102],[-166,109]],[[83359,31393],[165,0],[79,93]],[[83603,31486],[57,43]],[[83660,31529],[121,-21]],[[83781,31508],[28,-52]],[[83809,31456],[-21,-136]],[[83788,31320],[-12,-67]],[[83776,31253],[-146,23],[-51,-225]],[[83579,31051],[-156,-128],[-133,-45],[-114,-155]],[[82752,30583],[-69,98],[-111,-9],[-37,-109],[-133,-35],[-272,107],[10,160],[-105,92]],[[82035,30887],[19,250],[419,-93],[170,247],[15,105],[279,153]],[[83129,33407],[56,164],[114,-3],[38,112]],[[83337,33680],[180,-16],[236,-161],[113,13]],[[83866,33516],[99,-269],[120,-150],[124,-3],[26,-188],[64,-41],[-16,-245],[96,-49],[12,-138],[-75,-406]],[[84316,32027],[-17,-108]],[[84299,31919],[-184,128],[-206,81],[-141,-148]],[[83768,31980],[-144,29]],[[83624,32009],[-140,41]],[[83484,32050],[58,297],[-94,91],[-24,190],[-161,335],[-70,86],[6,252],[-70,106]],[[83399,31625],[125,-33]],[[83524,31592],[79,-106]],[[82981,31887],[-175,99],[-45,267],[153,83],[2,-231],[73,-105]],[[83484,32050],[-93,-28]],[[82035,30887],[-127,-46],[-60,-136],[-233,7]],[[81502,31608],[97,116],[147,57],[23,191],[136,-25],[73,487],[227,10],[32,213]],[[82237,32657],[171,-31],[101,104]],[[82509,32730],[53,115],[111,-9],[22,156],[101,44],[7,161]],[[82803,33197],[81,-65],[213,187],[32,88]],[[83628,31714],[34,-9]],[[83662,31705],[46,-30]],[[83708,31675],[-12,-15]],[[83696,31660],[-36,-131]],[[83524,31592],[104,122]],[[83768,31980],[13,-176],[69,-84]],[[83850,31720],[-142,-45]],[[83662,31705],[-61,142],[23,162]],[[83696,31660],[98,-65]],[[83794,31595],[-13,-87]],[[83628,31714],[-77,69],[-144,-128]],[[83850,31720],[13,-12]],[[83863,31708],[-69,-113]],[[83863,31708],[206,-92]],[[84069,31616],[-105,-99]],[[83964,31517],[-155,-61]],[[84521,31449],[-14,97]],[[84507,31546],[250,101]],[[84757,31647],[154,-58]],[[84911,31589],[-390,-140]],[[84743,31697],[14,-50]],[[84507,31546],[59,151]],[[84566,31697],[177,0]],[[84743,31697],[232,51],[-64,-159]],[[84069,31616],[27,223],[116,-23]],[[84212,31816],[-63,-186],[-6,-211]],[[84143,31419],[-21,-85],[-178,84]],[[83944,31418],[20,99]],[[84299,31919],[-87,-103]],[[84606,31893],[34,141]],[[84640,32034],[25,77],[297,-56],[138,113],[156,-52]],[[85256,32116],[-168,-129],[-61,-160],[-254,-20],[-167,86]],[[84521,31449],[-160,-84]],[[84361,31365],[-133,51]],[[84228,31416],[-85,3]],[[84316,32027],[324,7]],[[84606,31893],[-82,-45],[42,-151]],[[82237,32657],[-102,150],[-84,325],[137,-4],[68,78],[126,-47],[-50,-217],[177,-212]],[[80983,32624],[135,73],[27,144],[290,58],[-89,214],[27,320],[341,-89],[444,-84],[443,69],[202,-132]],[[82063,33675],[-89,175],[277,-31],[-15,-359],[-118,-10],[-55,225]],[[83217,35086],[252,-8],[149,-93]],[[83618,34985],[-38,-501],[165,-62],[-38,-189],[-89,27],[-96,-95],[-106,-207],[27,-135],[-106,-143]],[[80532,34549],[170,-201],[226,-98],[73,65],[336,-14],[182,-38],[340,17],[-23,99],[475,478],[144,107]],[[82455,34964],[150,25],[106,-108],[127,9],[120,-71],[46,89],[213,178]],[[82044,26609],[58,-67]],[[82102,26542],[-66,-135]],[[82036,26407],[-60,-12]],[[81976,26395],[-207,24]],[[81769,26419],[55,85]],[[81824,26504],[220,105]],[[82001,26724],[82,-88]],[[82083,26636],[-39,-27]],[[81824,26504],[177,220]],[[82276,26586],[-92,22]],[[82184,26608],[-7,37]],[[82177,26645],[-21,54]],[[82156,26699],[50,20]],[[82206,26719],[37,-8]],[[82243,26711],[33,-125]],[[82095,26822],[61,-123]],[[82177,26645],[-94,-9]],[[82001,26724],[94,98]],[[82184,26608],[-2,-42]],[[82182,26566],[-80,-24]],[[82276,26586],[-39,-44]],[[82237,26542],[-26,8]],[[82211,26550],[-29,16]],[[82237,26542],[-26,-34],[-24,-72],[-19,10],[17,77],[26,27]],[[82237,27322],[128,-95]],[[82365,27227],[-130,-136]],[[82235,27091],[-33,-131]],[[82202,26960],[-44,-61]],[[82158,26899],[-7,-50]],[[82151,26849],[-56,-27]],[[81769,26419],[-57,-10]],[[81712,26409],[-143,120],[-114,19]],[[81455,26548],[13,191]],[[81468,26739],[-21,152],[63,144]],[[81510,27035],[227,250]],[[81737,27285],[84,-98],[73,136],[99,12],[207,-89],[37,76]],[[81976,26395],[24,-53]],[[82000,26342],[4,-95]],[[82004,26247],[-95,-27]],[[81909,26220],[-145,33],[-52,156]],[[82073,26332],[-73,10]],[[82036,26407],[5,-40]],[[82041,26367],[32,-35]],[[82107,26116],[37,-45]],[[82144,26071],[-14,-153]],[[82130,25918],[-23,198]],[[82157,26172],[-13,-101]],[[82107,26116],[-17,25]],[[82090,26141],[67,31]],[[82004,26247],[86,-106]],[[82130,25918],[-43,-157],[-102,-66]],[[81985,25695],[-110,219],[-169,162]],[[81706,26076],[203,144]],[[82073,26332],[46,6]],[[82119,26338],[57,31]],[[82176,26369],[-19,-197]],[[82100,26391],[19,-53]],[[82041,26367],[59,24]],[[82100,26391],[76,-22]],[[82158,26899],[119,-14]],[[82277,26885],[-31,-79]],[[82246,26806],[-22,2]],[[82224,26808],[-20,-12]],[[82204,26796],[-53,53]],[[82202,26960],[90,-24]],[[82292,26936],[-15,-51]],[[82204,26796],[-48,-97]],[[82327,27673],[122,-105]],[[82449,27568],[152,-71]],[[82601,27497],[-174,-189]],[[82427,27308],[-62,-81]],[[82237,27322],[-83,149]],[[82154,27471],[173,202]],[[82427,27308],[-132,-251]],[[82295,27057],[-60,34]],[[82295,27057],[-3,-121]],[[82246,26806],[-3,-95]],[[82206,26719],[18,89]],[[83866,33516],[84,69],[158,-61],[76,-169],[265,-53],[174,18],[207,-37],[24,158]],[[84854,33441],[136,9],[183,-110]],[[85173,33340],[-36,-263],[39,-204],[61,-74],[160,28],[334,-334]],[[85731,32493],[-318,-161],[-157,-216]],[[85710,33289],[20,19]],[[85730,33308],[130,-124],[-101,-227]],[[85759,32957],[-49,332]],[[85173,33340],[146,2],[120,180],[181,92]],[[85620,33614],[183,-33]],[[85803,33581],[-84,-197]],[[85719,33384],[-9,-95]],[[85759,32957],[45,-128],[-73,-336]],[[85719,33384],[11,-76]],[[86220,36503],[38,189],[136,-80],[142,68],[60,-310],[-97,-105],[-92,99],[-139,28],[-48,111]],[[86748,37375],[40,36]],[[86788,37411],[11,-214],[52,-109]],[[86851,37088],[-40,-135],[99,-123]],[[86910,36830],[-39,-156],[59,-121],[-173,-285],[-53,-262],[14,-191]],[[86718,35815],[-314,79],[-8,162],[-155,33],[-86,188],[-144,5],[-93,76],[-125,-114],[-182,21],[-151,-32],[-79,145]],[[85381,36378],[-9,193],[-164,149],[57,198],[-274,58],[-43,129]],[[84948,37105],[10,211],[82,117],[79,341],[97,129],[109,8],[166,257]],[[85680,38009],[112,-180],[37,-236],[236,-330],[0,-147],[146,-4],[84,-185],[89,13],[167,128],[197,307]],[[86816,37729],[-51,-190],[23,-128]],[[86748,37375],[-156,70],[-24,88],[119,198]],[[86687,37731],[129,-2]],[[86815,37878],[1,-149]],[[86687,37731],[128,147]],[[86826,37982],[-11,-104]],[[86851,37088],[105,-48],[-46,-210]],[[99922,35218],[77,-124],[-52,-35],[4,82],[-29,77]],[[86193,35243],[189,-78],[108,2]],[[86490,35167],[18,-11]],[[86508,35156],[-166,-513],[24,-42]],[[86366,34601],[-493,114],[-166,100]],[[85707,34815],[44,152],[182,169],[160,-4],[100,111]],[[86404,35530],[201,-44]],[[86605,35486],[6,-9]],[[86611,35477],[-23,-22]],[[86588,35455],[-85,-134]],[[86503,35321],[-114,11],[15,198]],[[86718,35815],[-113,-329]],[[86404,35530],[-229,8],[-147,-112],[165,-183]],[[85707,34815],[-320,23],[-38,378],[-147,68],[-192,-75],[-204,54]],[[84806,35263],[-40,265],[74,50],[52,330],[81,110],[-29,130],[366,-20],[71,250]],[[86503,35321],[-13,-154]],[[86611,35477],[16,-166]],[[86627,35311],[-39,144]],[[86627,35311],[-119,-155]],[[83618,34985],[479,-122],[57,152]],[[84154,35015],[97,-155],[326,-154],[-74,-318],[378,-195],[29,-388],[-56,-364]],[[85639,33958],[139,-4],[40,133]],[[85818,34087],[136,120],[178,-37]],[[86132,34170],[-131,-127],[-199,-337],[1,-125]],[[85620,33614],[19,344]],[[85489,34178],[54,79]],[[85543,34257],[165,-18],[110,-152]],[[85639,33958],[-150,220]],[[86366,34601],[-129,-190],[5,-150],[-110,-91]],[[85543,34257],[-258,56],[107,-237],[97,102]],[[84154,35015],[-46,217],[327,100],[371,-69]],[[73694,22024],[56,94]],[[73750,22118],[219,37],[35,-89]],[[74004,22066],[-133,-216]],[[73871,21850],[-136,95],[-105,-46]],[[73630,21899],[22,84]],[[73652,21983],[42,41]],[[73521,22132],[49,43]],[[73570,22175],[124,-151]],[[73652,21983],[-131,149]],[[73400,21988],[121,144]],[[73630,21899],[-38,-25]],[[73592,21874],[-137,65]],[[73455,21939],[-55,49]],[[73068,23529],[18,-52],[430,-60],[468,364],[301,-67],[123,-77],[429,-131],[95,180],[179,-164],[321,-15]],[[75432,23507],[123,-243],[-24,-144],[39,-192],[-124,-250],[-103,18],[-128,-145],[-92,-26],[-42,-166],[49,-90]],[[75130,22269],[-133,-94],[-122,164],[-205,9],[-94,-132],[-18,-126],[-321,-51],[-145,62],[-88,-35]],[[73750,22118],[-180,57]],[[73400,21988],[-193,109]],[[73207,22097],[-44,-3]],[[73163,22094],[-5,232],[-254,163],[31,176],[-67,72],[100,117],[68,662],[32,13]],[[69266,30688],[-41,-330],[-84,-222],[276,5],[-72,-456],[394,-73],[123,-458],[-47,-492],[113,-159],[-390,-331],[465,-687],[22,-12],[-115,-896],[74,-51],[-135,-1002]],[[69849,25524],[-1209,12],[-497,87],[-229,86],[-830,387],[5,48]],[[67089,26144],[76,679],[-31,86],[415,526],[151,-146],[117,32],[229,-31],[142,70],[121,-8],[175,146],[17,107],[153,134],[53,146],[-201,30],[44,412],[-78,13],[30,433],[-93,14],[39,343],[-181,26],[28,248],[-42,185],[-128,35],[29,224],[-66,10],[8,225]],[[62937,27665],[-180,9],[-133,-62],[-286,100]],[[62338,27712],[232,67],[296,-63],[199,103],[6,59],[269,-31],[-25,-225],[181,-52],[0,-329]],[[63496,27241],[-3,127],[-85,96]],[[63408,27464],[-185,25]],[[63223,27489],[-73,4]],[[63150,27493],[-23,125],[-190,47]],[[67089,26144],[-116,-46],[-46,-323],[108,-16],[-104,-707],[-135,48],[-66,-78],[-380,169],[-172,-28],[-33,-274],[-117,-65],[-153,25]],[[65875,24849],[-24,576],[42,259],[-169,55],[-303,221],[-203,-4],[-59,91],[-264,-26]],[[64895,26021],[-79,176],[-144,84],[-191,-37],[-44,-395]],[[64437,25849],[-136,4],[-45,-102],[-171,53]],[[64085,25804],[4,147],[-102,108],[-80,264],[-144,142],[-36,352]],[[63727,26817],[86,134],[-151,67],[-163,189]],[[63499,27207],[-3,34]],[[62338,27712],[-163,-64],[-145,-208],[-109,-43],[-50,151],[-91,-19],[-107,99],[-260,69],[-165,123],[-237,-22],[-192,70],[-13,66]],[[60806,27934],[-1,2014]],[[72542,22283],[-118,-244],[-142,38]],[[72282,22077],[41,207],[112,87],[107,-88]],[[71714,24523],[303,110],[202,-142],[74,90],[148,-31],[85,-85]],[[72526,24465],[-23,-259],[-86,-97],[1,-149],[95,-170],[133,-90],[434,-121],[-12,-50]],[[73163,22094],[-190,108]],[[72973,22202],[-154,4],[-105,81],[-172,-4]],[[72282,22077],[-29,62],[-240,-54]],[[72013,22085],[-238,55]],[[71775,22140],[-78,60],[-172,8]],[[71525,22208],[-13,89]],[[71512,22297],[257,1856],[-227,116],[10,94],[162,160]],[[69261,23622],[13,101],[300,-48],[-38,-292],[-300,47],[25,192]],[[66897,23792],[-149,169],[-151,49],[-74,-85],[-166,170]],[[66357,24095],[30,138]],[[66387,24233],[-34,269],[-201,-49],[-162,77],[-12,134],[-103,185]],[[69849,25524],[910,-19]],[[70759,25505],[-158,-1116],[16,-88],[-170,-1215],[-133,-109],[-108,44],[-24,-153],[61,-282]],[[70243,22586],[-165,15],[-81,76],[-376,8],[-203,-89],[-65,-214],[-6,-213],[88,-172],[-158,3]],[[69277,22000],[-57,95],[-218,30],[-160,163],[-46,-315]],[[68796,21973],[-61,-12]],[[68735,21961],[-311,235],[-242,282]],[[68182,22478],[-122,359],[-297,206],[-211,228],[-28,103],[-123,100],[-127,9],[-66,141],[-197,67],[-114,101]],[[69277,22000],[-85,17],[-98,-132]],[[69094,21885],[-52,-61],[-189,30],[-57,119]],[[70759,25505],[401,-12],[-98,-185],[219,-76],[-62,-210],[272,-84],[204,-6]],[[71695,24932],[-45,-326],[64,-83]],[[71512,22297],[-163,17],[-162,-82]],[[71187,22232],[-425,320]],[[70762,22552],[-146,199],[-373,-165]],[[83669,38235],[20,152],[445,-74],[-31,-363]],[[84103,37950],[-322,25],[-60,46],[-52,214]],[[83765,39791],[174,-188],[527,11],[262,-29],[163,29],[13,136],[117,21],[114,-101],[78,124]],[[84948,37105],[-157,54],[-283,217]],[[84508,37376],[37,80],[-111,234],[-117,6],[-131,223],[-83,31]],[[83669,38235],[-136,-47],[-88,155],[-285,303],[27,109],[-70,99]],[[83117,38854],[33,196],[120,-77],[94,19],[81,208],[178,69],[137,-23],[-54,205],[-132,94],[-32,130],[223,116]],[[82391,38834],[-5,103],[346,-62],[96,-93],[156,86],[133,-14]],[[84508,37376],[-466,-43],[-189,-249],[-116,86],[-165,-39],[-115,-114],[-193,227],[-155,-35]],[[83109,37209],[-83,187],[-26,182],[-95,70],[-98,194],[-155,132],[-167,317],[-168,173],[74,370]],[[83217,35086],[-5,216],[82,364],[-125,81],[64,133],[27,191],[-111,136],[37,199],[-103,39],[22,152],[-199,36],[16,153],[83,144],[17,250],[87,29]],[[83383,41696],[78,137],[331,-126],[18,-184],[198,7],[189,-84],[-31,-102],[161,-52],[70,58],[154,-32],[124,162],[123,50],[476,-95],[68,103]],[[83765,39791],[-110,305],[-12,226],[-72,180],[41,67],[-128,253],[27,177],[-46,98],[-9,384],[-73,215]],[[82543,40503],[154,52],[158,-131],[-16,-322],[-195,-39]],[[82644,40063],[-54,176],[-76,26],[29,238]],[[81631,42596],[-13,262],[130,274],[1,151],[-288,99],[-121,131]],[[81340,43513],[214,17],[109,-59],[258,122],[594,-350],[28,-237],[139,0],[208,-138],[163,-158],[10,-467],[188,-217]],[[83251,42026],[132,-330]],[[82391,38834],[-67,61],[-170,-16],[-29,162]],[[82125,39041],[189,17],[144,358],[-50,243],[44,235],[92,31],[100,138]],[[82543,40503],[-144,105],[-70,132],[44,188],[-51,86],[-148,25],[-6,106],[-125,138],[7,205],[-131,278],[3,326],[-109,195],[-164,176],[-18,133]],[[82125,39041],[-267,-272],[-143,56],[-80,-57],[-162,38],[-7,79],[-148,56],[-152,-199],[-87,-36],[-261,223],[-106,-157]],[[80712,38772],[-106,264],[-92,30],[-61,253]],[[80453,39319],[108,102],[159,22],[111,200],[96,9],[42,285],[-40,64],[-13,432],[-54,124],[-148,171],[37,263],[74,189],[143,-71],[84,472],[18,419],[114,12],[26,318],[127,93],[134,-15],[76,193],[84,-5]],[[84533,43938],[127,-27],[110,130]],[[84770,44041],[211,139],[114,-48],[195,233],[168,1],[222,335]],[[85680,44701],[83,-153],[155,-24]],[[85918,44524],[64,-35],[-108,-323],[-179,-264]],[[85695,43902],[-101,3],[-13,-190],[-144,-311],[266,-131],[-39,-103],[166,-129],[36,-114],[-54,-199],[22,-168]],[[83251,42026],[64,-10],[198,260],[39,227]],[[83552,42503],[86,164],[200,90],[150,147],[145,-193],[144,73],[180,-44],[190,62],[54,141],[15,368],[73,68],[-134,124],[-122,435]],[[79878,41188],[80,104],[61,-124],[-46,-104],[-95,124]],[[78248,42823],[90,197],[65,-11],[132,170],[228,191],[204,50],[147,287],[112,58],[195,-10],[215,-153],[290,80],[243,-29],[190,98],[100,-9],[192,86],[104,-57],[97,82]],[[80852,43853],[75,22],[154,-207]],[[81081,43668],[169,-161],[90,6]],[[80453,39319],[-40,236],[-55,104],[-231,74],[-28,227],[-262,24],[-2,112],[-282,92],[-40,82],[-191,-115],[-145,68],[-196,15],[-675,115]],[[78036,42534],[165,134],[47,155]],[[79727,38666],[57,79],[294,-54],[-113,-302],[-292,97],[54,180]],[[80712,38772],[-12,-193],[206,-207],[148,37],[16,-294],[64,-92],[5,-158]],[[81139,37865],[-90,-88],[-52,207],[-116,-6],[-250,70],[-107,-6],[-29,-216],[-99,62],[-177,-150],[-287,36],[-24,-240],[-76,-22],[-15,-243],[-86,-70],[-66,-239]],[[80671,36768],[7,119],[159,15],[59,-99],[-65,-179],[-172,54],[12,90]],[[81139,37865],[43,45],[191,-142],[-89,-150],[64,-316],[156,-34],[-63,-187],[-6,-272],[156,-227],[-16,-103]],[[81575,36479],[-91,-570],[-15,-246],[-238,-3],[-34,-98],[-556,124],[-5,341],[-120,-7],[-53,-285],[-156,50],[-40,-310],[-163,-75]],[[81575,36479],[50,-10],[368,-578],[13,-216],[54,-124],[107,-47],[119,-278],[161,-181],[8,-81]],[[82292,36471],[48,-98],[176,-101]],[[82516,36272],[-107,-151],[-170,78],[-19,171]],[[82220,36370],[72,101]],[[82151,36592],[198,-19],[56,-125],[121,-18],[-10,-158]],[[82292,36471],[-141,121]],[[82220,36370],[-164,-24],[26,186],[69,60]],[[83890,30895],[61,32]],[[83951,30927],[41,1]],[[83992,30928],[19,-72]],[[84011,30856],[-92,-87]],[[83919,30769],[-42,1]],[[83877,30770],[-27,45]],[[83850,30815],[40,80]],[[83919,30769],[-37,-83],[-35,31],[30,53]],[[83938,31041],[81,-3]],[[84019,31038],[37,-26]],[[84056,31012],[-21,-140]],[[84035,30872],[-43,56]],[[83951,30927],[-23,50]],[[83928,30977],[10,64]],[[83863,31135],[86,-18]],[[83949,31117],[-3,-50]],[[83946,31067],[-8,-26]],[[83928,30977],[-29,0]],[[83899,30977],[-94,93]],[[83805,31070],[2,25]],[[83807,31095],[56,40]],[[83888,30951],[11,26]],[[83890,30895],[-2,56]],[[84035,30872],[-24,-16]],[[83749,30434],[46,178],[73,24],[-44,-246]],[[83851,30950],[37,1]],[[83850,30815],[1,135]],[[83788,31013],[17,57]],[[83851,30950],[-63,63]],[[83754,31100],[53,-5]],[[83788,31013],[-47,-90]],[[83741,30923],[-21,33]],[[83720,30956],[34,144]],[[83613,30537],[-44,62]],[[83569,30599],[113,13],[-8,-53],[-61,-22]],[[83760,31226],[13,-15]],[[83773,31211],[90,-76]],[[83754,31100],[6,126]],[[83579,31051],[12,-99]],[[83591,30952],[-2,-169],[94,-47]],[[83683,30736],[-23,-9]],[[83660,30727],[-91,-128]],[[83613,30537],[-15,-86]],[[83591,30952],[129,4]],[[83741,30923],[-23,-109]],[[83718,30814],[-35,-78]],[[83718,30814],[1,-114],[-59,27]],[[83776,31253],[-16,-27]],[[84019,31098],[31,-7]],[[84050,31091],[-31,-53]],[[83946,31067],[73,31]],[[83944,31418],[38,-89]],[[83982,31329],[-56,-61]],[[83926,31268],[-138,52]],[[84030,31151],[26,20]],[[84056,31171],[52,-49]],[[84108,31122],[-3,-27]],[[84105,31095],[-55,-4]],[[84019,31098],[11,53]],[[83957,31176],[12,-4]],[[83969,31172],[61,-21]],[[83949,31117],[8,59]],[[83926,31268],[-8,-47]],[[83918,31221],[-145,-10]],[[84014,31215],[-3,58]],[[84011,31273],[28,-17]],[[84039,31256],[51,-71]],[[84090,31185],[-34,-14]],[[84056,31171],[-42,44]],[[84105,31095],[7,-28]],[[84112,31067],[-56,-55]],[[84108,31122],[4,2]],[[84112,31124],[0,-57]],[[84039,31256],[116,-10],[-29,-54],[3,-34],[-23,-13],[6,27],[-4,1]],[[84108,31173],[-18,12]],[[83982,31329],[29,-56]],[[84014,31215],[-45,-43]],[[83957,31176],[-39,45]],[[84361,31365],[-148,-107],[15,158]],[[84108,31173],[-6,-22],[10,-27]],[[88022,43125],[82,-138]],[[88104,42987],[-37,-89],[-137,0]],[[87930,42898],[92,227]],[[87796,43227],[169,164],[70,-23]],[[88035,43368],[15,-54]],[[88050,43314],[-28,-189]],[[87930,42898],[99,-32],[-192,-308]],[[87837,42558],[-103,-30]],[[87734,42528],[-131,137],[-26,213],[123,237],[96,112]],[[87696,43570],[243,80]],[[87939,43650],[85,-21]],[[88024,43629],[59,-77],[-48,-184]],[[87796,43227],[-96,189],[-4,154]],[[87886,44078],[101,-27]],[[87987,44051],[0,-147],[67,-253]],[[88054,43651],[-30,-22]],[[87939,43650],[-7,361],[-46,67]],[[88054,43651],[100,-101],[-54,-280]],[[88100,43270],[-50,44]],[[87837,42558],[-95,-233],[19,-231],[-192,-329]],[[87155,41845],[31,159],[-30,167],[127,76],[110,186]],[[87393,42433],[121,-104],[102,44],[40,161],[78,-6]],[[88100,43270],[4,-283]],[[87674,44076],[212,2]],[[87696,43570],[-86,176],[-108,119]],[[87502,43865],[172,211]],[[86765,42939],[6,221],[220,15],[-24,-405],[-205,85],[3,84]],[[85695,43902],[224,-32],[239,204],[63,-289],[-52,-82],[97,-401],[227,14],[122,56],[341,-65]],[[86956,43307],[154,-148],[-20,-88],[106,-93],[-3,-237],[192,-78],[8,-230]],[[87507,43133],[50,-124],[-81,-74]],[[87476,42935],[31,198]],[[85918,44524],[150,8]],[[86068,44532],[182,-152],[175,129],[101,23],[281,-83]],[[86807,44449],[218,-47]],[[87025,44402],[34,-216],[129,-266]],[[87188,43920],[-44,-126],[-181,-205],[-7,-282]],[[87476,42935],[-102,-21],[-54,146],[89,156],[98,-83]],[[87188,43920],[138,18],[176,-73]],[[88029,44514],[-113,112]],[[87916,44626],[-20,45]],[[87896,44671],[37,59]],[[87933,44730],[21,8]],[[87954,44738],[105,-50],[-30,-174]],[[87599,44489],[125,28],[3,-103],[-82,-6],[-46,81]],[[87239,44703],[194,54]],[[87433,44757],[144,-39]],[[87577,44718],[141,-62]],[[87718,44656],[178,15]],[[87916,44626],[5,-231],[-247,-319]],[[87025,44402],[37,114],[177,187]],[[88029,44514],[13,-135],[-55,-328]],[[87917,44941],[69,19]],[[87986,44960],[-50,-76],[-38,3],[2,-30],[-35,-8],[15,-56]],[[87880,44793],[-162,-137]],[[87577,44718],[205,199]],[[87782,44917],[60,64]],[[87842,44981],[75,-40]],[[87897,44823],[96,3]],[[87993,44826],[-39,-88]],[[87933,44730],[-20,63]],[[87913,44793],[-16,30]],[[87880,44793],[33,0]],[[87897,44823],[14,53],[70,-6],[12,-44]],[[71641,27230],[154,90],[54,-172],[-90,-63],[-146,6],[28,139]],[[72622,27611],[-79,-626],[-76,-107]],[[72467,26878],[-89,15],[-74,-545],[108,-58],[-47,-120]],[[72365,26170],[-239,34],[-68,-497],[-51,-8],[-48,-322],[-168,10],[-96,-455]],[[72467,26878],[29,-164],[178,-62],[-26,-182],[100,-82],[-48,-341],[-104,89],[-231,34]],[[73411,27094],[-59,-465],[251,-34],[-11,-82]],[[73592,26513],[-137,-949],[1,-180],[-128,-72],[50,-183],[-29,-207],[-71,-53],[-158,24],[-159,-135],[-111,-13],[-324,-280]],[[75432,23507],[337,-33]],[[75769,23474],[184,-42],[208,24],[87,-113],[52,-263],[115,-99],[222,127],[93,-250],[19,-527],[204,-142],[23,164]],[[76395,19863],[-199,4],[56,155]],[[76252,20022],[110,150],[70,271],[-202,140],[1,250],[-80,37],[-108,252],[37,95],[-61,310],[19,230],[-97,76],[14,212],[-160,17],[-84,126],[-311,123],[-71,81],[-199,-123]],[[76392,24232],[133,-31],[-47,-163],[-86,194]],[[77694,24045],[-81,-394],[13,-317],[76,-319]],[[75769,23474],[36,116],[-96,81],[30,221],[-29,160],[-84,80],[23,147]],[[75649,24279],[84,132],[175,88],[312,3],[220,106],[-12,162],[255,-81],[267,-47],[27,216],[120,-22],[51,-129]],[[75462,26448],[118,561]],[[76521,25751],[-136,-231],[-162,-33],[-30,73],[-364,5]],[[75829,25565],[20,214],[-184,167],[15,205],[-218,297]],[[75649,24279],[-48,167],[-134,107],[-12,140],[-168,171]],[[75287,24864],[80,42],[164,-79],[83,77],[10,337],[128,270],[77,54]],[[74799,26167],[91,33],[228,-36],[73,178],[124,-29],[147,135]],[[75287,24864],[-192,265],[-445,96],[49,255],[-9,174],[111,150],[39,172],[-41,191]],[[74799,26167],[-193,-83],[-85,270],[-598,98],[-35,-149],[-108,50],[-81,143],[-107,17]],[[74609,24740],[15,15]],[[74624,24755],[76,6]],[[74700,24761],[9,-215],[-142,3]],[[74567,24549],[42,191]],[[74624,24755],[-76,60]],[[74548,24815],[140,150],[109,-67],[-97,-137]],[[74567,24549],[-111,29]],[[74456,24578],[30,123],[123,39]],[[74456,24578],[-49,110],[22,159],[119,-32]],[[81102,25843],[129,150],[385,162],[90,-79]],[[81985,25695],[-69,-199]],[[81916,25496],[-156,10]],[[81760,25506],[-103,182],[-160,14],[-144,-65],[36,-150]],[[81389,25487],[-186,21]],[[81203,25508],[-7,288],[-94,47]],[[81746,24983],[-7,38]],[[81739,25021],[-148,197]],[[81591,25218],[130,59]],[[81721,25277],[257,-10]],[[81978,25267],[93,-219],[25,-175],[-128,29],[3,180],[-74,32],[-151,-131]],[[81695,25513],[65,-7]],[[81916,25496],[62,-229]],[[81721,25277],[-26,236]],[[81015,25811],[87,32]],[[81203,25508],[19,-170],[-67,-302],[185,-35],[16,-76],[-97,-322]],[[81259,24603],[-117,-88],[-22,-134],[-138,-246],[-40,-171],[-101,-11],[-196,-171],[-86,-175]],[[81657,24945],[82,76]],[[81746,24983],[67,-250],[-61,10]],[[81752,24743],[-95,202]],[[81695,25513],[-207,-36]],[[81488,25477],[-99,10]],[[81591,25218],[-156,13],[53,246]],[[81752,24743],[-174,-71]],[[81578,24672],[-84,102]],[[81494,24774],[148,88],[15,83]],[[81405,24730],[89,44]],[[81578,24672],[2,-116],[-100,-78]],[[81480,24478],[51,144],[-126,108]],[[81405,24730],[-146,-127]],[[81319,24211],[-16,-214],[-63,-97]],[[81240,23900],[-28,307],[107,4]],[[81480,24478],[-15,-101],[-146,-166]],[[81240,23900],[-101,-172],[36,-177],[-70,-103]],[[81096,26686],[50,17]],[[81146,26703],[206,-162]],[[81352,26541],[-105,-35]],[[81247,26506],[-154,52],[3,128]],[[81407,27214],[75,-12]],[[81482,27202],[28,-167]],[[81468,26739],[-83,53],[-143,-53]],[[81242,26739],[-94,274],[157,7],[102,194]],[[81455,26548],[-103,-7]],[[81146,26703],[96,36]],[[81247,26506],[15,-202],[-72,-37]],[[81190,26267],[-144,51],[-100,129],[39,165],[111,74]],[[80893,25867],[53,119],[244,281]],[[80425,27216],[207,-107],[87,5],[77,218],[84,18],[496,-102]],[[81376,27248],[31,-34]],[[82424,28751],[22,-16]],[[82446,28735],[32,-26]],[[82478,28709],[3,-11]],[[82481,28698],[-12,-23]],[[82469,28675],[-22,-6]],[[82447,28669],[-67,10]],[[82380,28679],[44,72]],[[82335,28774],[45,38]],[[82380,28812],[20,-18]],[[82400,28794],[24,-43]],[[82380,28679],[-2,1]],[[82378,28680],[-21,31]],[[82357,28711],[-22,63]],[[82424,28859],[-33,31]],[[82391,28890],[-4,6]],[[82387,28896],[125,-57]],[[82512,28839],[-13,-18]],[[82499,28821],[-75,38]],[[82509,28776],[3,0]],[[82512,28776],[27,-22]],[[82539,28754],[25,-55]],[[82564,28699],[-42,-14]],[[82522,28685],[-41,13]],[[82478,28709],[31,67]],[[82400,28794],[19,8]],[[82419,28802],[48,-31]],[[82467,28771],[-21,-36]],[[82512,28839],[15,-28]],[[82527,28811],[-15,-35]],[[82509,28776],[-14,4]],[[82495,28780],[4,41]],[[82495,28780],[-28,-9]],[[82419,28802],[1,34]],[[82420,28836],[4,23]],[[82380,28812],[-1,1]],[[82379,28813],[41,23]],[[82603,28858],[-19,-44]],[[82584,28814],[-45,-60]],[[82527,28811],[76,47]],[[82360,28866],[31,24]],[[82379,28813],[-48,32]],[[82331,28845],[29,21]],[[82307,28857],[24,-12]],[[82335,28774],[-11,36]],[[82324,28810],[-17,47]],[[82292,29079],[43,135],[-116,58]],[[82219,29272],[80,154],[-114,88]],[[82185,29514],[67,33],[179,293]],[[82480,29740],[-26,-77],[188,-182],[-121,-178],[8,-322],[102,-9]],[[82631,28972],[16,-39]],[[82647,28933],[-12,-45]],[[82635,28888],[-32,-30]],[[82387,28896],[-74,91]],[[82313,28987],[-6,3]],[[82307,28990],[-15,89]],[[82726,29160],[1,-53]],[[82727,29107],[-96,-135]],[[82606,29567],[187,-174],[-67,-233]],[[82185,29514],[-323,76],[-99,-135],[-139,28],[-90,-88]],[[81534,29395],[-202,-4],[-140,-123],[-12,183],[-92,22]],[[82219,29272],[-123,-107]],[[82096,29165],[-40,-16]],[[82056,29149],[-121,114],[-166,-21],[30,-110]],[[81799,29132],[-106,-28]],[[81693,29104],[-159,291]],[[82292,29079],[-107,-83]],[[82185,28996],[-100,37]],[[82085,29033],[11,132]],[[82307,28990],[-42,-47]],[[82265,28943],[-10,6]],[[82255,28949],[-70,47]],[[82360,28866],[-47,121]],[[82307,28857],[-17,40]],[[82290,28897],[-25,46]],[[82227,28769],[32,-5]],[[82259,28764],[21,-6]],[[82280,28758],[0,-3]],[[82280,28755],[14,-102]],[[82294,28653],[-8,-24]],[[82286,28629],[-41,18]],[[82245,28647],[7,25]],[[82252,28672],[-25,97]],[[82168,28749],[9,25]],[[82177,28774],[50,-5]],[[82252,28672],[-43,10]],[[82209,28682],[-41,67]],[[82146,28690],[22,59]],[[82209,28682],[-13,-55]],[[82196,28627],[-17,-26]],[[82179,28601],[-33,89]],[[82280,28755],[77,-44]],[[82378,28680],[8,-46]],[[82386,28634],[-41,2]],[[82345,28636],[-51,17]],[[82286,28629],[-51,-44]],[[82235,28585],[2,15]],[[82237,28600],[8,47]],[[82237,28600],[-41,27]],[[82345,28636],[-37,-73]],[[82308,28563],[-4,-3]],[[82304,28560],[-27,-11]],[[82277,28549],[-42,36]],[[82345,28636],[9,-28]],[[82354,28608],[-46,-45]],[[82280,28758],[8,21]],[[82288,28779],[36,31]],[[82259,28764],[13,19]],[[82272,28783],[16,-4]],[[82188,28843],[54,-18]],[[82242,28825],[22,-21]],[[82264,28804],[8,-21]],[[82177,28774],[11,69]],[[82307,28857],[-43,-53]],[[82242,28825],[48,72]],[[82052,28935],[69,-117]],[[82121,28818],[3,-31]],[[82124,28787],[-32,7]],[[82092,28794],[-26,4]],[[82066,28798],[-112,30]],[[81954,28828],[37,59]],[[81991,28887],[61,48]],[[82255,28949],[-85,-55]],[[82170,28894],[-49,-76]],[[82052,28935],[33,98]],[[82170,28894],[18,-51]],[[82177,28774],[-47,-1]],[[82130,28773],[-6,14]],[[82092,28794],[-12,-91]],[[82080,28703],[-52,24]],[[82028,28727],[38,71]],[[82146,28690],[-20,4]],[[82126,28694],[4,79]],[[82126,28694],[-34,7]],[[82092,28701],[-12,2]],[[81942,28767],[12,61]],[[82028,28727],[-20,-11]],[[82008,28716],[-66,51]],[[82092,28701],[-60,-55]],[[82032,28646],[-12,32]],[[82020,28678],[-12,38]],[[82277,28549],[-16,-44]],[[82261,28505],[-53,-12]],[[82208,28493],[-155,21]],[[82053,28514],[-3,91]],[[82050,28605],[1,1]],[[82051,28606],[128,-5]],[[82051,28606],[-19,40]],[[82911,28156],[32,-36]],[[82943,28120],[-4,-4]],[[82939,28116],[-3,-27]],[[82936,28089],[-21,19]],[[82915,28108],[-4,48]],[[82876,28173],[9,7]],[[82885,28180],[18,-8]],[[82903,28172],[8,-16]],[[82915,28108],[-38,21]],[[82877,28129],[-1,44]],[[82939,28214],[18,-24]],[[82957,28190],[0,-59]],[[82957,28131],[-14,-11]],[[82903,28172],[36,42]],[[82939,28116],[32,-48]],[[82971,28068],[-24,-2]],[[82947,28066],[-11,23]],[[82836,28216],[40,-43]],[[82877,28129],[-55,15]],[[82822,28144],[-16,12]],[[82806,28156],[0,33]],[[82806,28189],[30,27]],[[82883,28226],[1,0]],[[82884,28226],[38,-8]],[[82922,28218],[2,-1]],[[82924,28217],[15,-3]],[[82885,28180],[-2,46]],[[82850,28233],[33,-7]],[[82836,28216],[14,17]],[[82809,28323],[25,2]],[[82834,28325],[-3,-22]],[[82831,28303],[3,-29]],[[82834,28274],[-53,11]],[[82781,28285],[0,33]],[[82781,28318],[28,5]],[[82814,28244],[24,18]],[[82838,28262],[13,6]],[[82851,28268],[-1,-35]],[[82806,28189],[-2,2]],[[82804,28191],[-10,20]],[[82794,28211],[20,33]],[[82834,28274],[4,-12]],[[82814,28244],[-40,25]],[[82774,28269],[7,16]],[[82794,28211],[0,1]],[[82794,28212],[-40,35]],[[82754,28247],[20,22]],[[82919,28365],[36,-10]],[[82955,28355],[-24,-23]],[[82931,28332],[-13,24]],[[82918,28356],[1,9]],[[82860,28297],[29,5]],[[82889,28302],[8,-30]],[[82897,28272],[0,-9]],[[82897,28263],[-13,-37]],[[82851,28268],[9,29]],[[82842,28368],[33,-4]],[[82875,28364],[3,-6]],[[82878,28358],[2,-24]],[[82880,28334],[-40,-7]],[[82840,28327],[2,41]],[[82935,28387],[23,-23]],[[82958,28364],[-3,-8]],[[82955,28356],[0,-1]],[[82919,28365],[16,22]],[[82931,28332],[-3,-21]],[[82928,28311],[-33,9]],[[82895,28320],[11,9]],[[82906,28329],[12,27]],[[82834,28325],[6,2]],[[82880,28334],[9,-13]],[[82889,28321],[-21,-15]],[[82868,28306],[-37,-3]],[[82880,28334],[18,1]],[[82898,28335],[8,-6]],[[82895,28320],[-6,1]],[[82868,28306],[-8,-9]],[[82888,28380],[-1,-17]],[[82887,28363],[-9,-5]],[[82875,28364],[13,16]],[[82928,28311],[-3,-16]],[[82925,28295],[-36,7]],[[82897,28263],[22,-11]],[[82919,28252],[3,-34]],[[82918,28356],[-26,9]],[[82892,28365],[43,22]],[[82888,28380],[4,-15]],[[82898,28335],[-11,28]],[[82925,28295],[-3,-18]],[[82922,28277],[-25,-5]],[[82922,28277],[-3,-25]],[[83020,28319],[6,4]],[[83026,28323],[28,-26]],[[83054,28297],[-10,-41]],[[83044,28256],[-24,9]],[[83020,28265],[0,54]],[[83044,28349],[31,-12]],[[83075,28337],[-21,-40]],[[83026,28323],[12,8]],[[83038,28331],[6,18]],[[82980,28318],[33,1]],[[83013,28319],[7,0]],[[83020,28265],[-11,4]],[[83009,28269],[-28,11]],[[82981,28280],[-1,38]],[[82981,28280],[-22,-10]],[[82959,28270],[-10,5]],[[82949,28275],[-9,9]],[[82940,28284],[24,34]],[[82964,28318],[16,0]],[[83078,28411],[-3,-74]],[[83044,28349],[34,62]],[[82955,28356],[16,-15]],[[82971,28341],[-7,-23]],[[82940,28284],[-18,-7]],[[83038,28331],[-12,38]],[[83026,28369],[52,42]],[[82971,28341],[23,-12]],[[82994,28329],[19,-10]],[[82991,28366],[35,3]],[[82994,28329],[-3,37]],[[82958,28364],[33,2]],[[82949,28275],[20,-42]],[[82969,28233],[-45,-16]],[[82969,28233],[4,-40]],[[82973,28193],[1,-6]],[[82974,28187],[-17,3]],[[82973,28193],[23,-4]],[[82996,28189],[28,-6]],[[83024,28183],[-3,-27]],[[83021,28156],[-44,11]],[[82977,28167],[-3,20]],[[83021,28156],[-3,-24]],[[83018,28132],[-28,-12]],[[82990,28120],[-8,14]],[[82982,28134],[-5,33]],[[82982,28134],[-25,-3]],[[83009,28269],[-11,-23]],[[82998,28246],[-39,24]],[[82998,28246],[-5,-35]],[[82993,28211],[3,-22]],[[83044,28256],[-22,-51]],[[83022,28205],[-29,6]],[[82971,28068],[19,52]],[[83018,28132],[-20,-131],[-51,65]],[[83022,28205],[2,-22]],[[82409,28341],[67,-49]],[[82476,28292],[-11,-52]],[[82465,28240],[-63,3]],[[82402,28243],[-1,16]],[[82401,28259],[-14,57]],[[82387,28316],[0,1]],[[82387,28317],[22,24]],[[82518,28323],[26,1]],[[82544,28324],[27,7]],[[82571,28331],[20,7]],[[82591,28338],[12,-1]],[[82603,28337],[-54,-62]],[[82549,28275],[-4,-4]],[[82545,28271],[-5,6]],[[82540,28277],[-22,46]],[[82465,28240],[18,2]],[[82483,28242],[25,-4]],[[82508,28238],[0,-55]],[[82508,28183],[-48,-19]],[[82460,28164],[-47,39]],[[82413,28203],[-11,40]],[[82518,28171],[26,-2]],[[82544,28169],[2,-5]],[[82546,28164],[3,-14]],[[82549,28150],[-42,-48]],[[82507,28102],[11,69]],[[82508,28183],[10,-12]],[[82507,28102],[-10,-30]],[[82497,28072],[-27,61]],[[82470,28133],[-10,31]],[[82476,28292],[17,36]],[[82493,28328],[25,-5]],[[82540,28277],[-57,-35]],[[82545,28271],[16,-35]],[[82561,28236],[6,-14]],[[82567,28222],[-59,16]],[[82567,28222],[-23,-53]],[[82603,28337],[4,-8]],[[82607,28329],[19,-62]],[[82626,28267],[-2,-2]],[[82624,28265],[-2,-5]],[[82622,28260],[-73,15]],[[82622,28260],[-25,-20]],[[82597,28240],[-3,-3]],[[82594,28237],[-33,-1]],[[82470,28133],[-53,-31]],[[82417,28102],[-22,50]],[[82395,28152],[18,51]],[[82497,28072],[-5,-22]],[[82492,28050],[-46,6]],[[82446,28056],[-29,46]],[[82626,28267],[25,22]],[[82651,28289],[8,-7]],[[82659,28282],[7,-35]],[[82666,28247],[5,-19]],[[82671,28228],[1,-25]],[[82672,28203],[-18,-6]],[[82654,28197],[-8,17]],[[82646,28214],[-22,51]],[[82594,28237],[3,-39]],[[82597,28198],[-3,-35]],[[82594,28163],[-48,1]],[[82623,28205],[23,9]],[[82654,28197],[-6,-28]],[[82648,28169],[-49,-7]],[[82599,28162],[-5,1]],[[82597,28198],[26,7]],[[82623,28205],[-26,35]],[[82659,28282],[37,-3]],[[82696,28279],[12,-20]],[[82708,28259],[-12,2]],[[82696,28261],[-30,-14]],[[82696,28261],[-25,-33]],[[82708,28259],[12,-13]],[[82720,28246],[-26,-38]],[[82694,28208],[-22,-5]],[[82720,28246],[31,4]],[[82751,28250],[3,-3]],[[82794,28212],[-15,-3]],[[82779,28209],[-32,-13]],[[82747,28196],[-44,-15]],[[82703,28181],[-9,27]],[[82703,28181],[-48,-26]],[[82655,28155],[-7,14]],[[82655,28155],[1,-16]],[[82656,28139],[-17,-4]],[[82639,28135],[-31,-16]],[[82608,28119],[-11,18]],[[82597,28137],[2,25]],[[82640,28091],[23,7]],[[82663,28098],[-1,-55]],[[82662,28043],[-42,0]],[[82620,28043],[20,48]],[[82551,28131],[46,6]],[[82608,28119],[7,-8]],[[82615,28111],[-29,-47]],[[82586,28064],[-35,67]],[[82551,28131],[-2,19]],[[82663,28098],[32,-8]],[[82695,28090],[27,-57]],[[82722,28033],[-60,10]],[[82697,28116],[6,-9]],[[82703,28107],[13,-20]],[[82716,28087],[-21,3]],[[82663,28098],[-4,5]],[[82659,28103],[38,13]],[[82656,28139],[23,5]],[[82679,28144],[18,-28]],[[82659,28103],[-20,32]],[[82615,28111],[25,-20]],[[82620,28043],[-34,21]],[[82747,28196],[-23,-28]],[[82724,28168],[-45,-24]],[[82750,28125],[22,-27]],[[82772,28098],[-7,-37]],[[82765,28061],[-11,-5]],[[82754,28056],[-21,35]],[[82733,28091],[17,34]],[[82716,28087],[17,4]],[[82754,28056],[-14,-11]],[[82740,28045],[-18,-12]],[[82798,28152],[8,4]],[[82822,28144],[-39,-86]],[[82783,28058],[-18,3]],[[82772,28098],[26,54]],[[82737,28145],[3,17]],[[82740,28162],[58,-10]],[[82750,28125],[-13,20]],[[82783,28058],[-43,-13]],[[82779,28209],[25,-18]],[[82740,28162],[-16,6]],[[82737,28145],[-34,-38]],[[82673,28455],[36,-53]],[[82709,28402],[-9,-26]],[[82700,28376],[-7,1]],[[82693,28377],[-20,4]],[[82673,28381],[-9,3]],[[82664,28384],[9,71]],[[82765,28380],[-2,45]],[[82763,28425],[24,31],[25,-36],[-47,-40]],[[82765,28380],[1,-6]],[[82766,28374],[-31,-11]],[[82735,28363],[-1,0]],[[82734,28363],[-34,13]],[[82709,28402],[54,23]],[[82638,28474],[15,9]],[[82653,28483],[20,-28]],[[82664,28384],[-9,4]],[[82655,28388],[-20,46]],[[82635,28434],[-2,30]],[[82633,28464],[5,10]],[[82638,28474],[0,24],[9,14],[14,-4],[-8,-25]],[[82825,28412],[35,20],[14,-27],[-22,-11]],[[82852,28394],[-27,18]],[[82852,28394],[-18,-22]],[[82834,28372],[-9,-8]],[[82825,28364],[-42,3]],[[82783,28367],[1,2]],[[82784,28369],[41,43]],[[82834,28372],[8,-4]],[[82809,28323],[16,41]],[[82781,28318],[-9,0]],[[82772,28318],[11,49]],[[82711,28301],[26,-26]],[[82737,28275],[14,-25]],[[82696,28279],[15,22]],[[82656,28324],[9,5]],[[82665,28329],[22,-3]],[[82687,28326],[23,-4]],[[82710,28322],[1,-21]],[[82651,28289],[5,35]],[[82737,28275],[7,11]],[[82744,28286],[28,32]],[[82766,28374],[18,-5]],[[82744,28286],[1,33]],[[82745,28319],[-10,44]],[[82597,28416],[38,18]],[[82655,28388],[-8,-14]],[[82647,28374],[-56,11]],[[82591,28385],[-10,6]],[[82581,28391],[16,25]],[[82607,28329],[32,-17]],[[82639,28312],[17,12]],[[82745,28319],[-30,13]],[[82715,28332],[19,31]],[[82710,28322],[5,10]],[[82693,28377],[-6,-51]],[[82665,28329],[8,52]],[[82639,28312],[8,62]],[[82591,28338],[0,47]],[[82798,28602],[50,8]],[[82848,28610],[-2,-47]],[[82846,28563],[-8,-20]],[[82838,28543],[-68,27]],[[82770,28570],[-1,0]],[[82769,28570],[29,32]],[[82838,28543],[40,-1]],[[82878,28542],[25,-2]],[[82903,28540],[11,-12]],[[82914,28528],[-13,-8]],[[82901,28520],[-20,-18]],[[82881,28502],[-35,29]],[[82846,28531],[-8,12]],[[82846,28563],[32,8]],[[82878,28571],[0,-29]],[[82898,28607],[-14,24]],[[82884,28631],[23,9]],[[82907,28640],[26,-114]],[[82933,28526],[-19,2]],[[82903,28540],[-5,67]],[[82848,28610],[36,21]],[[82898,28607],[-20,-36]],[[82881,28502],[-13,-21]],[[82868,28481],[-80,34]],[[82788,28515],[58,16]],[[82788,28515],[-18,55]],[[82727,29107],[74,-66]],[[82801,29041],[3,-57]],[[82804,28984],[-47,-69]],[[82757,28915],[-36,-23]],[[82721,28892],[-41,-5]],[[82680,28887],[-33,46]],[[82726,29160],[117,238],[113,-57],[37,-117],[-192,-183]],[[82692,28811],[-37,-55]],[[82655,28756],[-71,58]],[[82635,28888],[39,-63]],[[82674,28825],[0,-5]],[[82674,28820],[18,-9]],[[82721,28892],[-7,-28]],[[82714,28864],[-40,-44]],[[82674,28825],[6,62]],[[82714,28864],[-22,-53]],[[82801,28745],[70,-13]],[[82871,28732],[11,-19]],[[82882,28713],[-7,-15]],[[82875,28698],[-106,-70]],[[82769,28628],[-12,25]],[[82757,28653],[44,92]],[[82875,28698],[23,-42]],[[82898,28656],[9,-16]],[[82798,28602],[-18,-7]],[[82780,28595],[-11,33]],[[82778,28780],[23,-35]],[[82757,28653],[-42,35]],[[82715,28688],[63,92]],[[82821,28904],[49,-61]],[[82870,28843],[-10,-60]],[[82860,28783],[11,-51]],[[82778,28780],[43,124]],[[82804,28984],[4,3]],[[82808,28987],[13,-83]],[[82715,28688],[-29,4]],[[82686,28692],[-11,22]],[[82675,28714],[-16,22]],[[82659,28736],[98,179]],[[82659,28736],[-4,20]],[[82933,28526],[26,4]],[[82959,28530],[-1,-32]],[[82958,28498],[-4,-29]],[[82954,28469],[-9,-4]],[[82945,28465],[-22,34]],[[82923,28499],[-22,21]],[[82923,28499],[0,-7]],[[82923,28492],[-32,-35]],[[82891,28457],[-23,24]],[[82945,28465],[-28,-33]],[[82917,28432],[6,60]],[[82917,28432],[-26,25]],[[82959,28530],[49,-33]],[[83008,28497],[-50,1]],[[83008,28497],[-54,-28]],[[82961,28643],[13,-2]],[[82974,28641],[69,-25]],[[83043,28616],[-3,-30]],[[83040,28586],[-79,57]],[[83043,28616],[12,10]],[[83055,28626],[30,-7]],[[83085,28619],[-45,-33]],[[83179,29047],[-57,-5]],[[83122,29042],[65,99],[14,-51],[-22,-43]],[[83110,28965],[-39,-44]],[[83071,28921],[5,-82]],[[83076,28839],[-23,-5]],[[83053,28834],[-34,165],[-106,119]],[[82913,29118],[177,123],[20,-276]],[[83179,29047],[-32,-92]],[[83147,28955],[-16,11]],[[83131,28966],[-9,76]],[[83110,28965],[21,1]],[[83147,28955],[-19,-53]],[[83128,28902],[-57,19]],[[83128,28902],[-52,-63]],[[83008,28745],[58,-3]],[[83066,28742],[-6,-40]],[[83060,28702],[-38,-8]],[[83022,28694],[-24,11]],[[82998,28705],[10,40]],[[82991,28813],[51,10]],[[83042,28823],[13,-20]],[[83055,28803],[15,-28]],[[83070,28775],[12,-29]],[[83082,28746],[-16,-4]],[[83008,28745],[-17,68]],[[82882,28713],[82,-35]],[[82964,28678],[10,-37]],[[82961,28643],[-63,13]],[[83060,28702],[5,-3]],[[83065,28699],[42,-25]],[[83107,28674],[-22,-55]],[[83055,28626],[-33,68]],[[82964,28678],[34,27]],[[82808,28987],[105,131]],[[83053,28834],[-11,-11]],[[82991,28813],[-18,14]],[[82973,28827],[-103,16]],[[82973,28827],[-113,-44]],[[83108,28797],[-19,-63]],[[83089,28734],[-7,12]],[[83070,28775],[38,22]],[[83103,28716],[4,-42]],[[83065,28699],[38,17]],[[83089,28734],[14,-18]],[[83055,28803],[53,-6]],[[81744,27921],[53,-43]],[[81797,27878],[13,-88]],[[81810,27790],[13,-18]],[[81823,27772],[-125,-13]],[[81698,27759],[46,162]],[[81934,27928],[54,-41]],[[81988,27887],[-3,-63]],[[81985,27824],[-76,54]],[[81909,27878],[-3,2]],[[81906,27880],[28,48]],[[81861,27956],[45,-76]],[[81909,27878],[-41,-58]],[[81868,27820],[-58,-30]],[[81797,27878],[64,78]],[[81861,27956],[0,7]],[[81861,27963],[80,-24]],[[81941,27939],[-7,-11]],[[81985,27824],[6,-4]],[[81991,27820],[-27,-62]],[[81964,27758],[-64,5]],[[81900,27763],[-3,6]],[[81897,27769],[-29,51]],[[81897,27769],[-74,3]],[[82042,27762],[45,10]],[[82087,27772],[34,-15]],[[82121,27757],[15,-184],[-75,-79]],[[82061,27494],[-33,6]],[[82028,27500],[14,262]],[[82077,27903],[23,-43]],[[82100,27860],[-13,-88]],[[82042,27762],[-78,-4]],[[81991,27820],[86,83]],[[82016,27986],[21,43]],[[82037,28029],[58,-52]],[[82095,27977],[-10,-16]],[[82085,27961],[-8,-58]],[[81988,27887],[28,99]],[[82390,27922],[60,-99]],[[82450,27823],[-123,-150]],[[82154,27471],[-93,23]],[[82121,27757],[92,147]],[[82213,27904],[177,18]],[[82100,27860],[82,80]],[[82182,27940],[30,-15]],[[82212,27925],[1,-21]],[[82085,27961],[97,-21]],[[82028,27500],[-107,21],[-21,242]],[[82186,28094],[-3,-24]],[[82183,28070],[-88,-93]],[[82037,28029],[77,96]],[[82114,28125],[72,-31]],[[82186,28094],[84,6]],[[82270,28100],[-5,-41]],[[82265,28059],[-52,4]],[[82213,28063],[-30,7]],[[82213,28063],[4,-81]],[[82217,27982],[-5,-57]],[[82265,28059],[-48,-77]],[[81482,27202],[158,132]],[[81640,27334],[97,-49]],[[81578,27608],[120,151]],[[81640,27334],[39,188],[-101,86]],[[81376,27248],[-63,86],[-42,275]],[[81271,27609],[127,-44],[180,43]],[[81475,28119],[168,50]],[[81643,28169],[13,-47]],[[81656,28122],[88,-201]],[[81271,27609],[-67,276],[254,78],[17,156]],[[80892,29453],[-36,-270],[108,-81],[-65,-143]],[[80899,28959],[4,-183]],[[80903,28776],[-102,-169],[-138,3]],[[81570,28803],[135,19]],[[81705,28822],[-27,-182]],[[81678,28640],[-108,163]],[[81693,29104],[9,-120]],[[81702,28984],[-178,-14],[-99,-111]],[[81425,28859],[-59,31],[-209,-70]],[[81157,28820],[-97,50]],[[81060,28870],[-161,89]],[[81060,28870],[-5,-41]],[[81055,28829],[-152,-53]],[[81425,28859],[8,-32]],[[81433,28827],[-149,-124],[-133,79]],[[81151,28782],[6,38]],[[81702,28984],[18,-72]],[[81720,28912],[-8,-91]],[[81712,28821],[-7,1]],[[81570,28803],[-137,24]],[[81151,28782],[-96,47]],[[81678,28640],[3,-3]],[[81681,28637],[-115,-189],[54,-49]],[[81620,28399],[-120,-126],[-25,-154]],[[81846,28768],[2,7]],[[81848,28775],[73,-24]],[[81921,28751],[14,-24]],[[81935,28727],[-95,6]],[[81840,28733],[6,35]],[[81712,28821],[63,-54]],[[81775,28767],[-36,-68]],[[81739,28699],[-17,-18]],[[81722,28681],[-15,-8]],[[81707,28673],[-26,-36]],[[81722,28681],[95,-60]],[[81817,28621],[-110,52]],[[81739,28699],[91,-16]],[[81830,28683],[4,-33]],[[81834,28650],[-17,-29]],[[81935,28727],[14,-100]],[[81949,28627],[-115,23]],[[81830,28683],[10,50]],[[81949,28627],[13,-2]],[[81962,28625],[10,-80]],[[81972,28545],[7,-45]],[[81979,28500],[-24,-141]],[[81955,28359],[-28,5]],[[81927,28364],[-139,-89]],[[81788,28275],[-121,3]],[[81667,28278],[-47,121]],[[81775,28767],[71,1]],[[81667,28278],[-24,-109]],[[81720,28912],[149,-13]],[[81869,28899],[-21,-124]],[[81869,28899],[122,-12]],[[81942,28767],[-21,-16]],[[82056,29149],[-94,-87]],[[81962,29062],[-163,70]],[[82052,28935],[-90,127]],[[82041,28605],[9,0]],[[82053,28514],[-74,-14]],[[81972,28545],[69,60]],[[81962,28625],[25,-5]],[[81987,28620],[54,-15]],[[81987,28620],[33,58]],[[82571,28331],[10,60]],[[82495,28440],[5,30]],[[82500,28470],[39,-52]],[[82539,28418],[-12,-17]],[[82527,28401],[-36,-6]],[[82491,28395],[4,45]],[[82500,28470],[23,7]],[[82523,28477],[31,-21]],[[82554,28456],[-15,-38]],[[82527,28401],[-1,-7]],[[82526,28394],[-13,-38]],[[82513,28356],[-21,-9]],[[82492,28347],[-5,4]],[[82487,28351],[4,44]],[[82526,28394],[19,-62]],[[82545,28332],[-32,24]],[[82554,28456],[13,-12]],[[82567,28444],[30,-28]],[[82544,28324],[1,8]],[[82493,28328],[-1,19]],[[82523,28477],[44,32]],[[82567,28509],[2,-1]],[[82569,28508],[24,-2]],[[82593,28506],[-26,-62]],[[82593,28506],[40,-42]],[[82599,28589],[1,-1]],[[82600,28588],[17,-63]],[[82617,28525],[-48,-17]],[[82567,28509],[-60,28]],[[82507,28537],[4,30]],[[82511,28567],[88,22]],[[82518,28614],[60,7]],[[82578,28621],[22,-15]],[[82600,28606],[-1,-17]],[[82511,28567],[7,47]],[[82564,28699],[42,-6]],[[82606,28693],[-3,-69]],[[82603,28624],[-3,-18]],[[82578,28621],[-14,78]],[[82518,28614],[-14,15]],[[82504,28629],[18,56]],[[82438,28393],[49,-42]],[[82409,28341],[29,52]],[[82374,28382],[43,25]],[[82417,28407],[3,6]],[[82420,28413],[18,-20]],[[82387,28317],[-20,23]],[[82367,28340],[7,42]],[[82469,28499],[5,3]],[[82474,28502],[49,-25]],[[82495,28440],[-60,0]],[[82435,28440],[34,59]],[[82420,28413],[15,27]],[[82367,28468],[5,23]],[[82372,28491],[20,-6]],[[82392,28485],[43,-45]],[[82417,28407],[-56,14]],[[82361,28421],[6,47]],[[82361,28421],[-1,-4]],[[82360,28417],[-9,5]],[[82351,28422],[-50,37]],[[82301,28459],[-5,22]],[[82296,28481],[71,-13]],[[82374,28382],[-14,35]],[[82377,28528],[-5,-37]],[[82296,28481],[81,47]],[[82392,28485],[26,37]],[[82418,28522],[14,-14]],[[82432,28508],[37,-9]],[[82378,28530],[-1,-2]],[[82301,28459],[-7,-2]],[[82294,28457],[-33,48]],[[82304,28560],[74,-30]],[[82378,28530],[40,-8]],[[82463,28603],[41,26]],[[82507,28537],[-51,30]],[[82456,28567],[7,36]],[[82463,28603],[6,72]],[[82431,28616],[16,53]],[[82456,28567],[-18,-16]],[[82438,28551],[-34,5]],[[82404,28556],[27,60]],[[82386,28634],[45,-18]],[[82404,28556],[-29,12]],[[82375,28568],[-21,40]],[[82375,28568],[3,-38]],[[82438,28551],[8,-26]],[[82446,28525],[-14,-17]],[[82507,28537],[-33,-15]],[[82474,28522],[-28,3]],[[82474,28522],[0,-20]],[[82675,28714],[-37,-31]],[[82638,28683],[-32,10]],[[82686,28692],[-25,-47]],[[82661,28645],[-22,-14]],[[82639,28631],[-1,52]],[[82639,28631],[-36,-7]],[[82709,28507],[7,12]],[[82716,28519],[35,19]],[[82751,28538],[2,-2]],[[82753,28536],[0,-63]],[[82753,28473],[-49,18]],[[82704,28491],[5,16]],[[82753,28536],[2,-1]],[[82755,28535],[-2,-62]],[[82780,28595],[-84,2]],[[82696,28597],[-9,8]],[[82687,28605],[-26,40]],[[82769,28570],[-14,-35]],[[82751,28538],[-55,59]],[[82600,28588],[17,-6]],[[82617,28582],[58,-11]],[[82675,28571],[-8,-32]],[[82667,28539],[-8,-17]],[[82659,28522],[-42,3]],[[82667,28513],[42,-6]],[[82704,28491],[-37,22]],[[82680,28592],[-5,-21]],[[82617,28582],[63,10]],[[82687,28605],[-7,-13]],[[82716,28519],[-49,20]],[[82667,28513],[-8,9]],[[82188,28257],[20,25]],[[82208,28282],[7,-6]],[[82215,28276],[43,-29]],[[82258,28247],[-15,-26]],[[82243,28221],[-58,-13]],[[82185,28208],[-5,1]],[[82180,28209],[8,48]],[[81955,28359],[162,-2]],[[82117,28357],[2,-2]],[[82119,28355],[-14,-57]],[[82105,28298],[15,-14]],[[82120,28284],[-45,-147]],[[82075,28137],[-151,30]],[[81924,28167],[-268,-45]],[[81788,28275],[107,16],[32,73]],[[82165,28336],[-16,-31]],[[82149,28305],[-4,-18]],[[82145,28287],[-40,11]],[[82119,28355],[46,-19]],[[82149,28305],[59,-23]],[[82188,28257],[-43,30]],[[82139,28233],[-19,51]],[[82180,28209],[-10,-10]],[[82170,28199],[-31,34]],[[82170,28199],[-38,-61]],[[82132,28138],[-16,4]],[[82116,28142],[-7,1]],[[82109,28143],[30,90]],[[82109,28143],[-34,-6]],[[81924,28167],[-2,-63]],[[81922,28104],[-61,-141]],[[81941,27939],[1,4]],[[81942,27943],[74,43]],[[82116,28142],[-2,-17]],[[81942,27943],[-20,161]],[[82165,28336],[56,3]],[[82221,28339],[27,-25]],[[82248,28314],[-33,-38]],[[82191,28436],[43,-7]],[[82234,28429],[2,-14]],[[82236,28415],[-28,-39]],[[82208,28376],[-43,-40]],[[82117,28357],[74,79]],[[82401,28259],[-52,13]],[[82349,28272],[-69,5]],[[82280,28277],[11,45]],[[82291,28322],[96,-6]],[[82248,28314],[14,14]],[[82262,28328],[29,-6]],[[82280,28277],[-22,-30]],[[82277,28362],[43,-4]],[[82320,28358],[47,-18]],[[82262,28328],[15,34]],[[82208,28376],[13,-37]],[[82344,28395],[7,27]],[[82320,28358],[24,37]],[[82265,28389],[15,18]],[[82280,28407],[64,-12]],[[82277,28362],[-12,27]],[[82236,28415],[44,-8]],[[82265,28389],[-44,-50]],[[82208,28493],[-17,-57]],[[82234,28429],[60,28]],[[82232,28154],[20,24]],[[82252,28178],[20,1]],[[82272,28179],[11,-4]],[[82283,28175],[-13,-75]],[[82186,28094],[5,29]],[[82191,28123],[41,31]],[[82302,28210],[47,62]],[[82395,28152],[-112,23]],[[82283,28175],[19,35]],[[82446,28056],[-56,-134]],[[82243,28221],[9,-43]],[[82232,28154],[-47,54]],[[82302,28210],[-15,34]],[[82287,28244],[-7,33]],[[82132,28138],[59,-15]],[[82272,28179],[15,65]],[[82642,27920],[9,8]],[[82651,27928],[10,-2]],[[82661,27926],[7,-65]],[[82668,27861],[-53,-46]],[[82615,27815],[0,45]],[[82615,27860],[27,60]],[[82661,27926],[59,1]],[[82720,27927],[-20,-50]],[[82700,27877],[-1,-5]],[[82699,27872],[-31,-11]],[[82744,27920],[-24,7]],[[82651,27928],[3,35]],[[82654,27963],[90,-43]],[[82744,27920],[10,-28]],[[82754,27892],[-8,-27]],[[82746,27865],[-46,12]],[[82746,27865],[2,-29]],[[82748,27836],[-13,-17]],[[82735,27819],[-29,-1]],[[82706,27818],[-7,54]],[[82778,27885],[111,83],[63,17],[-6,-87],[-86,-1],[-92,-65]],[[82768,27832],[10,53]],[[82735,27819],[-4,-26],[-31,-6],[6,31]],[[82754,27892],[24,-7]],[[82768,27832],[-20,4]],[[82450,27823],[33,-55]],[[82483,27768],[-34,-200]],[[82553,27979],[-58,7],[-3,61]],[[82492,28047],[61,-68]],[[82492,28050],[0,-3]],[[82553,27979],[-5,-65]],[[82548,27914],[-1,1]],[[82547,27915],[-59,-36]],[[82488,27879],[-38,-56]],[[82642,27920],[-76,18]],[[82566,27938],[88,25]],[[82615,27815],[114,-49],[18,-3],[19,0],[33,2],[-76,-173],[-122,-95]],[[82483,27768],[18,44]],[[82501,27812],[69,46]],[[82570,27858],[45,2]],[[82570,27858],[-20,37]],[[82550,27895],[-3,20]],[[82548,27914],[18,24]],[[82488,27879],[58,14]],[[82546,27893],[-45,-81]],[[82546,27893],[4,2]],[[66663,17656],[-46,-7]],[[66617,17649],[15,128]],[[66632,17777],[112,26]],[[66744,17803],[147,-99]],[[66891,17704],[8,-79]],[[66899,17625],[-236,31]],[[66891,17704],[82,-3]],[[66973,17701],[23,-52]],[[66996,17649],[14,-14]],[[67010,17635],[-38,-26]],[[66972,17609],[-45,11]],[[66927,17620],[-28,5]],[[66966,17507],[110,-12]],[[67076,17495],[105,-59],[-81,-124],[-121,-15]],[[66979,17297],[-41,80]],[[66938,17377],[1,92]],[[66939,17469],[27,38]],[[66927,17620],[-24,-126]],[[66903,17494],[-240,162]],[[66551,17505],[66,144]],[[66903,17494],[36,-25]],[[66938,17377],[-186,-60],[-36,162],[-165,26]],[[66744,17803],[21,152],[214,-80]],[[66979,17875],[-6,-174]],[[67170,17643],[-84,-101]],[[67086,17542],[-76,93]],[[66996,17649],[174,-6]],[[66979,17875],[150,23],[57,-92]],[[67186,17806],[-16,-163]],[[67086,17542],[-10,-47]],[[66966,17507],[6,102]],[[67654,17920],[20,90],[194,-30],[170,75],[81,-53]],[[68119,18002],[201,21]],[[68320,18023],[-28,-334]],[[68292,17689],[-23,-132],[-222,-195],[106,-169],[207,33]],[[68360,17226],[-28,-219]],[[68332,17007],[-5,-34]],[[68327,16973],[-68,-207]],[[68259,16766],[-61,158],[-260,-29],[-159,27]],[[67779,16922],[-100,22]],[[67679,16944],[-48,221],[36,209],[-81,88],[-2,142],[142,70],[-72,246]],[[66584,18595],[411,1],[63,135]],[[67058,18731],[130,-19],[112,-164]],[[67300,18548],[-44,-53],[16,-362],[104,-152]],[[67376,17981],[-55,-106],[-135,-69]],[[66632,17777],[-9,180],[-100,172]],[[66523,18129],[58,119],[3,347]],[[67300,18548],[129,43],[29,257],[252,-53],[-12,-85],[215,-37],[17,129],[178,-28]],[[68108,18774],[-139,-348],[184,-114],[44,-146]],[[68197,18166],[-78,-164]],[[67654,17920],[-278,61]],[[67679,16944],[-251,20],[-23,-88],[-239,7],[-97,103]],[[67069,16986],[17,114],[-107,197]],[[65344,19428],[19,127],[162,20],[353,-49],[276,-65]],[[66154,19461],[227,-32],[38,-119],[-92,-306],[66,-104],[-68,-147],[194,-81],[65,-77]],[[66523,18129],[-208,80],[-64,116],[-117,-6],[14,175],[-138,104],[-297,105],[-69,-61]],[[65644,18642],[-162,-29],[-36,126],[-124,-36],[-54,89]],[[65268,18792],[82,191],[-6,445]],[[66551,17505],[-8,-108],[-405,-35]],[[66138,17362],[-238,-33],[-71,-213],[-97,-36],[-209,71]],[[65523,17151],[-129,70],[115,210],[-13,213],[63,394],[122,238],[15,187],[-52,179]],[[67069,16986],[-178,17],[-231,-30],[-117,-178],[29,-222],[-93,-150]],[[66479,16423],[-62,79],[-247,41],[-72,117],[-12,336],[52,366]],[[66656,19154],[184,93],[-27,-216],[-140,24],[-17,99]],[[66154,19461],[65,145],[12,223],[-91,146],[46,178]],[[66186,20153],[279,-60],[83,57],[121,-86],[-24,-135],[154,-31],[-21,-165],[293,-51]],[[67071,19682],[-106,-195],[120,-176],[107,-21],[51,-221],[-29,-144],[-156,-194]],[[67819,20035],[109,37]],[[67928,20072],[12,-54]],[[67940,20018],[-17,-70]],[[67923,19948],[-30,2]],[[67893,19950],[-68,25]],[[67825,19975],[-6,60]],[[67764,20124],[164,67]],[[67928,20191],[0,-119]],[[67819,20035],[-55,89]],[[67940,20018],[111,57]],[[68051,20075],[-50,-84]],[[68001,19991],[-48,-84]],[[67953,19907],[-30,41]],[[67953,19907],[0,-72]],[[67953,19835],[-63,-13]],[[67890,19822],[3,128]],[[67890,19822],[-121,51]],[[67769,19873],[56,102]],[[67675,20057],[89,67]],[[67769,19873],[-84,14],[-10,170]],[[68001,19991],[130,29],[84,-173]],[[68215,19847],[-80,-68],[-182,56]],[[67928,20191],[-3,169],[161,1],[-35,-286]],[[68215,19847],[95,-17]],[[68310,19830],[112,-18],[-22,-184],[49,-166]],[[68449,19462],[-52,-92],[-184,-9],[-405,147],[-98,-57],[-165,91],[-221,36],[-64,114]],[[67260,19692],[192,264],[-20,137],[-143,24],[194,186]],[[67483,20303],[126,-43],[66,-203]],[[67668,19070],[64,106],[181,-38],[36,-207],[-243,-3],[-38,142]],[[67071,19682],[189,10]],[[68449,19462],[29,-223]],[[68478,19239],[-8,-295]],[[68470,18944],[-31,-182],[-241,85],[-90,-73]],[[68310,19830],[-43,171],[152,75]],[[68419,20076],[321,-2],[0,-107],[278,35]],[[69018,20002],[9,-238],[119,-139]],[[69146,19625],[-68,-56],[-56,-191],[-234,-85],[-310,-54]],[[68470,18944],[324,20],[96,-54],[-51,-145]],[[68839,18765],[-115,-13],[-133,-217]],[[68591,18535],[-71,-128],[-138,-22],[-185,-219]],[[68591,18535],[64,-29],[16,-206],[-74,-68]],[[68597,18232],[-186,-158]],[[68411,18074],[-91,-51]],[[67483,20303],[20,442],[58,63],[313,43],[75,244],[63,11]],[[68012,21106],[85,-107],[564,3]],[[68661,21002],[89,-104]],[[68750,20898],[-80,-111],[-95,-330],[-140,-200],[-16,-181]],[[66162,22233],[308,40],[-1,101],[240,6],[0,78],[311,-29],[150,-98],[528,8],[169,45]],[[67867,22384],[61,-155],[58,-310],[-99,-322],[20,-365],[105,-126]],[[66186,20153],[35,102],[-118,120],[-59,190],[-190,130],[-40,103]],[[65814,20798],[198,-67],[75,115],[11,200],[70,45],[8,236],[170,203],[-102,150],[-68,209],[-14,344]],[[67857,16197],[55,-60]],[[67912,16137],[-41,-88]],[[67871,16049],[-6,-89]],[[67865,15960],[-141,-15],[-197,134]],[[67527,16079],[-19,263],[136,72],[213,-217]],[[67779,16922],[47,-179],[-67,-86],[72,-336]],[[67831,16321],[26,-124]],[[67527,16079],[-445,-111]],[[67082,15968],[-197,32],[43,306],[-435,-3]],[[66493,16303],[-14,120]],[[67865,15960],[-35,-204]],[[67830,15756],[109,-96]],[[67939,15660],[-28,-193],[-158,25],[-56,-106]],[[67697,15386],[-313,63],[-81,-197],[-95,-30],[-47,-190],[-203,-15]],[[66958,15017],[124,951]],[[68013,15883],[43,11]],[[68056,15894],[30,-64]],[[68086,15830],[-34,-20]],[[68052,15810],[-60,-8]],[[67992,15802],[21,81]],[[68057,15986],[11,-1]],[[68068,15985],[76,-48]],[[68144,15937],[-24,-127]],[[68120,15810],[-34,20]],[[68056,15894],[5,48]],[[68061,15942],[-4,44]],[[68061,15942],[-77,10]],[[67984,15952],[-119,8]],[[67871,16049],[186,-63]],[[67984,15952],[29,-69]],[[67992,15802],[-162,-46]],[[68259,16766],[21,-9]],[[68280,16757],[56,-81],[34,-229],[115,-2]],[[68485,16445],[93,-87]],[[68578,16358],[-164,-120],[-9,-110],[-243,25]],[[68162,16153],[-104,175],[-227,-7]],[[68286,15911],[89,-9]],[[68375,15902],[8,-91]],[[68383,15811],[-31,-71]],[[68352,15740],[-138,-41]],[[68214,15699],[72,212]],[[68144,15937],[142,-26]],[[68214,15699],[-52,33]],[[68162,15732],[-42,78]],[[67912,16137],[110,-38]],[[68022,16099],[91,-21]],[[68113,16078],[-45,-93]],[[68162,15732],[-105,-90]],[[68057,15642],[-40,6]],[[68017,15648],[35,162]],[[68162,16153],[-36,-35]],[[68126,16118],[-104,-19]],[[68017,15648],[-78,12]],[[68126,16118],[-13,-40]],[[68566,15979],[137,-52],[-18,-127]],[[68685,15800],[-184,-18]],[[68501,15782],[-118,29]],[[68375,15902],[191,77]],[[67697,15386],[97,-173]],[[67794,15213],[-212,-109],[-58,-97],[-148,-19],[-196,-301]],[[67180,14687],[-263,37]],[[66917,14724],[59,63],[-18,230]],[[68773,15786],[-88,14]],[[68566,15979],[100,80],[190,-113],[-83,-160]],[[68773,15786],[-121,-162],[-114,-63]],[[68538,15561],[43,99],[-80,122]],[[68057,15642],[56,-151]],[[68113,15491],[-319,-278]],[[68352,15740],[21,-190]],[[68373,15550],[-260,-59]],[[68538,15561],[-165,-11]],[[70586,19299],[217,158]],[[70803,19457],[76,-176],[229,-164],[98,-141],[164,-28],[4,-241],[198,-123],[95,-3],[159,-485],[87,-143],[50,-213],[69,-17]],[[72032,17723],[-693,8],[-239,-123]],[[71100,17608],[-173,-145]],[[70927,17463],[-125,151],[-83,3]],[[70719,17617],[-41,118],[19,204]],[[70697,17939],[215,-17],[29,249],[-99,104],[3,176],[-167,225],[2,265],[-86,226],[-8,132]],[[71107,20918],[139,-54],[-33,-477],[48,-489],[75,-75],[-7,-274]],[[71329,19549],[-154,-75],[-94,26],[-278,-43]],[[70586,19299],[-62,-88],[-145,53]],[[70379,19264],[-26,27]],[[70353,19291],[91,185],[18,147],[-144,27],[-71,173],[-95,37],[0,370],[-34,88]],[[70118,20318],[5,83]],[[70123,20401],[106,167],[487,0],[115,-21],[0,187],[217,0],[59,184]],[[69057,18656],[-10,123],[407,24],[247,-16],[141,-105]],[[69842,18682],[-26,-212],[70,-48]],[[69886,18422],[-152,1],[-150,88],[-55,-192],[-244,-53]],[[69285,18266],[-149,75],[-79,315]],[[72233,19496],[123,-82],[674,-611]],[[73030,18803],[-216,-597],[-241,-725]],[[72573,17481],[-148,-33],[-149,111],[-105,-56],[-126,67]],[[72045,17570],[-13,153]],[[71329,19549],[187,-62],[40,156],[211,-33],[-17,185],[206,-111],[31,-79],[246,-109]],[[69748,20221],[195,-34],[15,131],[160,0]],[[70353,19291],[-86,55],[-171,-68],[-156,0]],[[69940,19278],[-47,84],[-148,0]],[[69745,19362],[-12,185],[-175,156],[-240,53],[-172,-131]],[[69018,20002],[298,8],[0,140],[118,0],[123,143],[191,-72]],[[69940,19278],[-117,-189],[-143,130],[65,143]],[[70379,19264],[-134,-65],[11,-205],[-169,-6],[-149,-266],[-96,-40]],[[69057,18656],[-176,-20],[-42,129]],[[72045,17570],[-133,-164],[70,-302],[-257,-76],[-218,45],[-167,-140]],[[71340,16933],[-45,148],[-129,135],[51,240],[-117,152]],[[70697,17939],[-328,-4],[-39,80],[-291,71]],[[70039,18086],[0,106],[-153,230]],[[71450,20564],[46,252],[107,60],[120,-151],[153,-309],[-122,-245],[-275,96],[-59,97],[30,200]],[[71107,20918],[-75,160],[89,92],[33,145]],[[71154,21315],[542,0],[13,128],[205,0]],[[71914,21443],[34,-129],[156,-168],[11,-267],[-105,-69],[41,-334],[128,-454],[-31,-97],[11,-282],[74,-147]],[[72973,22202],[-102,-228],[-74,2],[-36,-290]],[[72761,21686],[-517,85],[23,159],[-200,52]],[[72067,21982],[-54,103]],[[72206,21167],[171,19],[56,-133],[-220,18],[-7,96]],[[71914,21443],[-1,198],[195,0],[-41,341]],[[72761,21686],[-22,-219],[123,-53]],[[72862,21414],[-25,-185],[152,51],[-35,-247],[245,-66],[2,-118]],[[73201,20849],[-168,-92],[48,-225],[-95,-170]],[[72986,20362],[10,-151],[-140,-181],[165,-208],[-5,-285],[69,-210],[4,-377],[-49,-22]],[[73040,18928],[-10,-125]],[[72862,21414],[198,54],[260,-10],[53,-64]],[[73373,21394],[55,-252],[-35,-260]],[[73393,20882],[-192,-33]],[[72986,20362],[164,-84],[36,90],[151,-29],[164,-122],[163,152],[65,196],[-42,212],[-149,87]],[[73538,20864],[115,133],[180,46],[94,-192],[104,-66]],[[74031,20785],[37,-205],[76,-44],[30,-212],[88,-90],[201,-55],[8,-122]],[[74471,20057],[-95,-133],[73,-158],[87,-55],[-114,-156],[-57,-297],[266,-68],[-12,-200],[-120,-124],[129,-204],[-103,-185],[-290,54]],[[74235,18531],[-790,150],[-174,169],[-85,-35],[-146,113]],[[73207,22097],[-48,-278],[133,-10],[38,-192]],[[73330,21617],[80,-181]],[[73410,21436],[-37,-42]],[[73393,20882],[145,-18]],[[73955,21633],[-84,217]],[[76252,20022],[-378,382],[-543,-219]],[[75331,20185],[-363,-145],[-26,-90],[-198,-89],[-129,142],[-144,54]],[[74031,20785],[106,177],[85,233],[-150,355],[-117,83]],[[73455,21939],[45,-208]],[[73500,21731],[-4,-108],[-166,-6]],[[73410,21436],[210,102],[90,-65],[165,174],[80,-14]],[[73500,21731],[92,143]],[[71119,16345],[-57,112]],[[71062,16457],[142,-21],[80,-265],[133,-89]],[[71417,16082],[-57,-249],[-148,-246]],[[71212,15587],[-156,42]],[[71056,15629],[-71,175]],[[70985,15804],[130,250],[4,291]],[[71062,16457],[58,209]],[[71120,16666],[100,181],[120,86]],[[72573,17481],[114,-71],[35,-153]],[[72722,17257],[-68,-871]],[[72654,16386],[68,-249],[-186,-87],[-169,78],[-73,-209]],[[72294,15919],[-184,-56]],[[72110,15863],[-56,137],[-118,96],[-239,86],[-15,-114]],[[71682,16068],[-265,14]],[[72110,15863],[-19,-161],[164,-18]],[[72255,15684],[-28,-203]],[[72227,15481],[-157,-32],[-176,-125],[-147,71],[-120,122]],[[71627,15517],[45,271],[66,165],[-56,115]],[[71627,15517],[-127,-108]],[[71500,15409],[-209,24],[-79,154]],[[76505,19803],[-9,-453],[-134,-49],[60,-176],[103,-74],[-63,-185],[50,-179],[-140,-89],[-207,-209],[-207,17],[5,-263]],[[75963,18143],[-208,84],[31,219],[-97,57],[73,567],[-114,49],[57,168],[177,142],[20,593],[-281,0],[-174,-122],[-116,285]],[[75305,16813],[-31,-94]],[[75274,16719],[-225,21],[-165,-49]],[[74884,16691],[106,60],[106,252],[187,-24],[22,-166]],[[75963,18143],[2,-361],[-69,-258],[-100,-46],[-63,-318],[115,-102]],[[75848,17058],[-227,-56],[-94,-213]],[[75527,16789],[-222,24]],[[74884,16691],[-56,-128],[-250,47]],[[74578,16610],[-187,-10]],[[74391,16600],[-18,204],[31,222],[-104,15]],[[74300,17041],[-65,151],[41,246],[-141,95],[27,248],[-129,242],[-4,179],[215,35],[-9,294]],[[75527,16789],[176,-132]],[[75703,16657],[-216,-86]],[[75487,16571],[-54,85],[-159,63]],[[75848,17058],[55,-169],[212,-38],[45,-67]],[[76160,16784],[-260,-94]],[[75900,16690],[-197,-33]],[[80241,17809],[-151,-110],[-182,-4],[-180,-117],[-140,-294],[-277,-126],[-113,-114],[-527,-39],[-275,13],[-684,-26],[-395,-64],[-563,13],[-231,-33],[-363,-124]],[[75487,16571],[-261,-132],[-204,-228],[-232,-50],[-5,187],[-111,20],[-96,242]],[[72247,14859],[88,-26]],[[72335,14833],[-19,-96],[166,-106],[285,-60],[-9,-203]],[[72758,14368],[-168,-17],[-80,-80],[-121,144],[-181,-44],[-177,-161],[173,-180],[11,-160]],[[72215,13870],[-178,-37]],[[72037,13833],[-271,178],[-118,-42],[-5,-147],[-190,-87],[-103,370],[-169,266],[-138,125]],[[71043,14496],[189,-7],[34,199]],[[71266,14688],[78,-123],[216,95],[147,249],[223,26],[145,-128],[172,52]],[[70056,15319],[36,227],[182,-88],[171,19],[107,-132],[-199,-52],[-134,-143],[-157,82],[-6,87]],[[70775,15404],[14,136],[261,-10],[6,99]],[[71500,15409],[-124,-437],[-231,-237]],[[71145,14735],[-173,46],[-44,172],[35,196],[-174,161],[-14,94]],[[72227,15481],[-9,-147],[-87,-30],[-16,-192],[146,-99],[-14,-154]],[[71266,14688],[-121,47]],[[69863,15034],[112,37],[159,-36],[-49,-148],[-142,-51],[-168,65],[88,133]],[[72215,13870],[115,-125],[202,158],[46,204],[88,-60],[-23,-215],[41,-95],[-109,-212],[18,-112],[-52,-315],[-115,-23],[-94,116],[39,99],[-149,185],[-87,226],[-98,132]],[[70591,15479],[184,-75]],[[71043,14496],[-158,-93],[-199,66],[-155,263],[-150,79],[20,314],[186,43],[73,172],[-69,139]],[[72255,15684],[158,-29]],[[72413,15655],[127,-52],[97,115]],[[72637,15718],[176,18]],[[72813,15736],[236,-54]],[[73049,15682],[-122,-210],[-23,-165]],[[72904,15307],[-21,-141],[-335,-170],[-213,-163]],[[72294,15919],[167,-39]],[[72461,15880],[-48,-225]],[[72461,15880],[245,-13]],[[72706,15867],[-69,-149]],[[72867,15923],[-98,-43]],[[72769,15880],[-63,-13]],[[72654,16386],[108,89],[219,-31],[68,-64]],[[73049,16380],[-182,-457]],[[72813,15736],[-44,144]],[[72867,15923],[172,3],[124,-56],[-114,-188]],[[74300,17041],[-320,75],[30,197],[-865,158],[-20,-128],[-180,78],[-223,-164]],[[73955,16173],[92,12],[120,130],[61,185],[148,-25],[15,125]],[[75900,16690],[-263,-115],[-313,-199],[-517,-468],[-610,-648]],[[74197,15260],[-80,118],[-122,49],[-226,2],[-123,73]],[[73646,15502],[-1,137],[-87,54],[48,211],[142,-31],[31,163]],[[73779,16036],[210,-62],[-34,199]],[[73955,16173],[-111,-87]],[[73844,16086],[-156,228],[-558,103],[-81,-37]],[[73844,16086],[-65,-50]],[[73646,15502],[-246,51],[-47,-116],[-161,25],[-61,-131],[-227,-24]],[[74197,15260],[-257,-270],[-293,-352],[-252,-46],[-64,-100],[-573,-124]],[[72859,14213],[-49,-141],[-111,48],[26,143],[134,-50]],[[69413,17077],[7,-1]],[[69420,17076],[15,-49]],[[69435,17027],[-19,-17]],[[69416,17010],[-17,2]],[[69399,17012],[4,33]],[[69403,17045],[10,32]],[[69320,17070],[-15,24]],[[69305,17094],[41,-6]],[[69346,17088],[17,-3]],[[69363,17085],[-9,-25]],[[69354,17060],[-1,-40]],[[69353,17020],[-26,-3]],[[69327,17017],[-2,11]],[[69325,17028],[-5,42]],[[69308,17140],[1,5]],[[69309,17145],[44,-7]],[[69353,17138],[-7,-50]],[[69305,17094],[15,19]],[[69320,17113],[-12,27]],[[69363,17085],[17,-3]],[[69380,17082],[33,-5]],[[69403,17045],[-49,15]],[[69399,17012],[-22,4]],[[69377,17016],[-24,4]],[[69383,17145],[43,-7]],[[69426,17138],[-4,-41]],[[69422,17097],[-2,-21]],[[69380,17082],[3,63]],[[69353,17138],[1,10]],[[69354,17148],[29,-3]],[[69500,17053],[31,-4]],[[69531,17049],[10,-36]],[[69541,17013],[-47,-14]],[[69494,16999],[6,54]],[[69422,17097],[30,-5]],[[69452,17092],[79,-11]],[[69531,17081],[0,-32]],[[69500,17053],[-37,6]],[[69463,17059],[-43,17]],[[69494,16999],[-41,-2]],[[69453,16997],[10,62]],[[69453,16997],[-18,30]],[[69249,17039],[76,-11]],[[69327,17017],[-42,-17]],[[69285,17000],[-33,-18]],[[69252,16982],[1,2]],[[69253,16984],[-4,55]],[[69327,17017],[7,-29]],[[69334,16988],[-6,-4]],[[69328,16984],[-35,5]],[[69293,16989],[-8,11]],[[69260,17067],[60,3]],[[69249,17039],[1,14]],[[69250,17053],[10,14]],[[69231,17139],[25,1]],[[69256,17140],[8,-17]],[[69264,17123],[-4,-56]],[[69250,17053],[-28,10]],[[69222,17063],[9,76]],[[69264,17123],[56,-10]],[[69405,16929],[-4,1]],[[69401,16930],[-12,2]],[[69389,16932],[-14,2]],[[69375,16934],[-4,14]],[[69371,16948],[14,25]],[[69385,16973],[25,-1]],[[69410,16972],[-5,-43]],[[69346,16918],[12,-4]],[[69358,16914],[10,-29]],[[69368,16885],[-29,-3]],[[69339,16882],[-24,9]],[[69315,16891],[31,27]],[[69405,16929],[20,-3]],[[69425,16926],[19,-2]],[[69444,16924],[-3,-23]],[[69441,16901],[-4,-35]],[[69437,16866],[-42,29]],[[69395,16895],[-1,1]],[[69394,16896],[-1,5]],[[69393,16901],[8,29]],[[69293,16989],[-19,-23]],[[69274,16966],[-22,16]],[[69328,16984],[-4,-39]],[[69324,16945],[-42,12]],[[69282,16957],[-8,9]],[[69377,17016],[8,-43]],[[69371,16948],[-37,40]],[[69403,16857],[34,6]],[[69437,16863],[-3,-22]],[[69434,16841],[-3,-22]],[[69431,16819],[-2,-14]],[[69429,16805],[-8,1]],[[69421,16806],[-18,51]],[[69324,16945],[15,-14]],[[69339,16931],[7,-13]],[[69315,16891],[-57,-5]],[[69258,16886],[0,22]],[[69258,16908],[24,49]],[[69393,16901],[-12,15]],[[69381,16916],[8,16]],[[69368,16935],[7,-1]],[[69381,16916],[-12,2]],[[69369,16918],[-1,17]],[[69358,16914],[11,4]],[[69394,16896],[-26,-11]],[[69368,16935],[-29,-4]],[[69437,16866],[0,-3]],[[69403,16857],[-1,1]],[[69402,16858],[-1,7]],[[69401,16865],[-5,27]],[[69396,16892],[-1,3]],[[69396,16892],[-26,-23]],[[69370,16869],[-31,13]],[[69401,16865],[-31,4]],[[69421,16806],[-32,-21]],[[69389,16785],[-50,33]],[[69339,16818],[8,15]],[[69347,16833],[55,25]],[[69408,16730],[11,6]],[[69419,16736],[20,10]],[[69439,16746],[17,-37]],[[69456,16709],[1,-1]],[[69457,16708],[-26,-20]],[[69431,16688],[-23,42]],[[69354,16853],[-7,-20]],[[69339,16818],[-64,12]],[[69275,16830],[79,23]],[[69486,16777],[-27,-49]],[[69459,16728],[-3,-19]],[[69439,16746],[9,38]],[[69448,16784],[38,-7]],[[69370,16869],[-16,-16]],[[69275,16830],[-32,2]],[[69243,16832],[15,54]],[[69427,16790],[21,-6]],[[69419,16736],[8,54]],[[69429,16805],[-2,-15]],[[69408,16730],[-19,55]],[[69490,16809],[38,-7]],[[69528,16802],[-5,-43]],[[69523,16759],[-37,18]],[[69486,16777],[4,32]],[[69431,16819],[39,-7]],[[69470,16812],[20,-3]],[[69473,16834],[4,26]],[[69477,16860],[39,-8]],[[69516,16852],[18,-9]],[[69534,16843],[-6,-41]],[[69470,16812],[3,22]],[[69437,16866],[40,-6]],[[69473,16834],[-39,7]],[[69449,16964],[18,-2]],[[69467,16962],[29,-45]],[[69496,16917],[-52,7]],[[69444,16924],[5,40]],[[69416,17010],[-6,-38]],[[69431,16969],[18,-5]],[[69425,16926],[6,43]],[[69410,16972],[21,-3]],[[69453,16997],[-22,-28]],[[69541,17013],[9,-15]],[[69550,16998],[1,-16]],[[69551,16982],[-84,-20]],[[69441,16901],[55,-7]],[[69496,16894],[4,-17]],[[69500,16877],[16,-25]],[[69496,16917],[0,-23]],[[69666,16774],[-3,-31]],[[69663,16743],[-59,13]],[[69604,16756],[62,18]],[[69598,16950],[90,-4]],[[69688,16946],[-3,-29]],[[69685,16917],[-2,-9]],[[69683,16908],[-91,-2]],[[69592,16906],[6,44]],[[69600,17006],[8,1]],[[69608,17007],[69,-3]],[[69677,17004],[17,-29]],[[69694,16975],[-6,-29]],[[69598,16950],[2,56]],[[69590,16890],[86,-43]],[[69676,16847],[-6,-41]],[[69670,16806],[-90,15]],[[69580,16821],[10,69]],[[69559,16812],[21,9]],[[69670,16806],[-1,-9]],[[69669,16797],[-3,-23]],[[69604,16756],[-3,1]],[[69601,16757],[-42,55]],[[69561,16886],[2,20]],[[69563,16906],[29,-4]],[[69592,16902],[-2,-12]],[[69559,16812],[-9,10]],[[69550,16822],[11,64]],[[69550,16998],[50,8]],[[69598,16950],[-25,4]],[[69573,16954],[-22,28]],[[69592,16902],[0,4]],[[69683,16908],[-7,-61]],[[69496,16917],[18,-3]],[[69514,16914],[49,-8]],[[69561,16886],[-61,-9]],[[69550,16822],[-16,21]],[[69514,16914],[59,40]],[[69630,17068],[12,25]],[[69642,17093],[23,-4]],[[69665,17089],[25,-57]],[[69690,17032],[-13,-28]],[[69608,17007],[22,61]],[[69690,17032],[58,15]],[[69748,17047],[29,-33]],[[69777,17014],[0,-5]],[[69777,17009],[-6,-48]],[[69771,16961],[-77,14]],[[69725,17091],[32,33]],[[69757,17124],[91,7]],[[69848,17131],[-5,-34]],[[69843,17097],[-66,-83]],[[69748,17047],[-23,44]],[[69665,17089],[11,11]],[[69676,17100],[49,-9]],[[69843,17097],[19,-44]],[[69862,17053],[-28,-61]],[[69834,16992],[-57,17]],[[69834,16992],[-8,-47]],[[69826,16945],[-55,15]],[[69771,16960],[0,1]],[[69826,16945],[4,-2]],[[69830,16943],[-4,-72]],[[69826,16871],[-16,-16]],[[69810,16855],[-52,9]],[[69758,16864],[7,43]],[[69765,16907],[6,53]],[[69810,16855],[-7,-36]],[[69803,16819],[-52,-5]],[[69751,16814],[1,5]],[[69752,16819],[6,45]],[[69714,16915],[51,-8]],[[69752,16819],[-48,24]],[[69704,16843],[10,72]],[[69714,16915],[-29,2]],[[69676,16847],[28,-4]],[[69751,16814],[-3,-29]],[[69748,16785],[-38,6]],[[69710,16791],[-41,6]],[[69803,16819],[27,-26]],[[69830,16793],[0,-21]],[[69830,16772],[-40,6]],[[69790,16778],[-42,7]],[[69542,16461],[39,-10]],[[69581,16451],[-1,-3]],[[69580,16448],[-5,-39]],[[69575,16409],[-61,3]],[[69514,16412],[28,49]],[[69457,16708],[20,-46]],[[69477,16662],[-5,-86]],[[69472,16576],[-24,-9]],[[69448,16567],[-17,121]],[[69477,16662],[12,-2]],[[69489,16660],[30,-5]],[[69519,16655],[-1,-11]],[[69518,16644],[19,-79]],[[69537,16565],[-65,11]],[[69511,16526],[37,5]],[[69548,16531],[33,-80]],[[69542,16461],[-31,65]],[[69537,16565],[11,-34]],[[69511,16526],[-59,4]],[[69452,16530],[-4,37]],[[69514,16412],[-62,118]],[[69573,16603],[-5,-42]],[[69568,16561],[-31,4]],[[69518,16644],[59,-11]],[[69577,16633],[-4,-30]],[[69563,16698],[8,19]],[[69571,16717],[38,-11]],[[69609,16706],[-15,-64]],[[69594,16642],[-14,3]],[[69580,16645],[-17,53]],[[69523,16759],[23,-21]],[[69546,16738],[25,-21]],[[69563,16698],[-17,3]],[[69546,16701],[-48,21]],[[69498,16722],[-39,6]],[[69546,16701],[-27,-46]],[[69489,16660],[9,62]],[[69632,16699],[22,-17]],[[69654,16682],[-6,-48]],[[69648,16634],[-24,4]],[[69624,16638],[8,61]],[[69624,16638],[-30,4]],[[69609,16706],[23,-7]],[[69580,16645],[-3,-12]],[[69648,16634],[-6,-42]],[[69642,16592],[-69,11]],[[69642,16592],[-7,-43]],[[69635,16549],[-67,12]],[[69687,16336],[81,3]],[[69768,16339],[-16,-42]],[[69752,16297],[-22,-25]],[[69730,16272],[-43,64]],[[69705,16451],[71,-54]],[[69776,16397],[-8,-58]],[[69687,16336],[13,74]],[[69700,16410],[5,41]],[[69735,16163],[19,48]],[[69754,16211],[23,10]],[[69777,16221],[4,-16]],[[69781,16205],[20,-30]],[[69801,16175],[-16,-47]],[[69785,16128],[-56,-4]],[[69729,16124],[6,39]],[[69701,16237],[35,20]],[[69736,16257],[18,-46]],[[69735,16163],[-34,74]],[[69752,16297],[25,-76]],[[69736,16257],[-6,15]],[[69548,16531],[115,-73]],[[69663,16458],[-13,-18]],[[69650,16440],[-70,8]],[[69647,16341],[40,-5]],[[69701,16237],[-54,104]],[[69650,16440],[19,-25]],[[69669,16415],[-57,-30]],[[69612,16385],[-37,24]],[[69635,16549],[71,-55]],[[69706,16494],[-1,-43]],[[69705,16451],[-42,7]],[[69700,16410],[-31,5]],[[69647,16341],[-35,44]],[[69601,16757],[-55,-19]],[[69663,16743],[-7,-46]],[[69656,16697],[-2,-15]],[[69611,17283],[23,-3]],[[69634,17280],[0,-3]],[[69634,17277],[-9,-60]],[[69625,17217],[-36,26]],[[69589,17243],[22,40]],[[69663,17257],[89,30]],[[69752,17287],[21,-6]],[[69773,17281],[-33,-52]],[[69740,17229],[-37,-45]],[[69703,17184],[-41,8]],[[69662,17192],[1,65]],[[69595,17156],[47,-63]],[[69630,17068],[-51,6]],[[69579,17074],[16,82]],[[69546,17145],[1,18]],[[69547,17163],[48,-6]],[[69595,17157],[0,-1]],[[69579,17074],[-48,7]],[[69531,17081],[15,64]],[[69579,17074],[21,-68]],[[69740,17229],[17,-105]],[[69676,17100],[27,84]],[[69624,17196],[38,-4]],[[69595,17157],[29,39]],[[69634,17277],[29,-20]],[[69624,17196],[1,21]],[[69551,17246],[38,-3]],[[69547,17163],[-36,34]],[[69511,17197],[40,49]],[[69464,17155],[11,0]],[[69475,17155],[71,-10]],[[69452,17092],[12,63]],[[69429,17162],[35,-7]],[[69426,17138],[3,24]],[[69488,17258],[45,-8]],[[69533,17250],[18,-4]],[[69511,17197],[-31,-3]],[[69480,17194],[2,23]],[[69482,17217],[6,41]],[[69403,17269],[85,-11]],[[69482,17217],[-62,7]],[[69420,17224],[-17,45]],[[69475,17155],[5,39]],[[69429,17162],[-12,25]],[[69417,17187],[3,37]],[[69773,17281],[47,-8]],[[69820,17273],[63,-123]],[[69883,17150],[-35,-19]],[[69829,17443],[-5,18]],[[69824,17461],[114,-96]],[[69938,17365],[-19,3]],[[69919,17368],[-90,75]],[[70257,17693],[-156,135],[-120,32]],[[69981,17860],[-37,44]],[[69944,17904],[95,182]],[[70719,17617],[-308,74],[-154,2]],[[70257,17693],[-67,-398]],[[70190,17295],[-50,-93]],[[70140,17202],[-41,5]],[[70099,17207],[-64,14]],[[70035,17221],[-97,144]],[[69824,17461],[-67,14]],[[69757,17475],[5,42]],[[69762,17517],[13,96]],[[69775,17613],[206,247]],[[69647,17303],[8,17]],[[69655,17320],[14,34]],[[69669,17354],[15,68]],[[69684,17422],[45,46]],[[69729,17468],[28,7]],[[69829,17443],[-77,-156]],[[69634,17280],[13,23]],[[69820,17273],[99,95]],[[70035,17221],[-152,-71]],[[69611,17283],[-36,0]],[[69575,17283],[-20,28]],[[69555,17311],[92,-8]],[[69533,17250],[42,33]],[[69610,17391],[59,-37]],[[69655,17320],[-113,35]],[[69542,17355],[68,36]],[[69555,17311],[-13,44]],[[69496,17319],[59,-8]],[[69403,17269],[4,64]],[[69407,17333],[89,-14]],[[69944,17904],[-75,143],[-179,32],[-107,-104],[-118,17],[-51,-208]],[[69414,17784],[-203,30]],[[69211,17814],[74,452]],[[69775,17613],[-55,-3]],[[69720,17610],[-125,18]],[[69595,17628],[-210,29]],[[69385,17657],[-9,46]],[[69376,17703],[38,81]],[[69525,17466],[30,-3]],[[69555,17463],[47,-14]],[[69602,17449],[4,-57]],[[69606,17392],[-86,12]],[[69520,17404],[5,62]],[[69606,17392],[4,-1]],[[69542,17355],[-35,5]],[[69507,17360],[-100,38]],[[69407,17398],[-44,70]],[[69363,17468],[2,21]],[[69365,17489],[78,-11]],[[69443,17478],[77,-74]],[[69443,17478],[82,-12]],[[69555,17463],[5,41]],[[69560,17504],[138,-20]],[[69698,17484],[31,-16]],[[69684,17422],[-82,27]],[[69365,17489],[-5,43]],[[69360,17532],[1,10]],[[69361,17542],[24,115]],[[69595,17628],[-16,-83]],[[69579,17545],[-19,-41]],[[69762,17517],[-71,11]],[[69691,17528],[29,82]],[[69698,17484],[-7,44]],[[69496,17319],[11,41]],[[69407,17333],[0,65]],[[69691,17528],[-112,17]],[[69221,17211],[4,-7]],[[69225,17204],[-1,-62]],[[69224,17142],[-37,12]],[[69187,17154],[-18,8]],[[69169,17162],[52,49]],[[69225,17204],[31,-64]],[[69231,17139],[-7,3]],[[69056,17245],[125,-23]],[[69181,17222],[36,-2]],[[69217,17220],[4,-9]],[[69169,17162],[-39,-57]],[[69130,17105],[-15,2]],[[69115,17107],[-61,94]],[[69054,17201],[2,44]],[[69222,17063],[-14,17]],[[69208,17080],[-6,9]],[[69202,17089],[-15,65]],[[69221,17211],[20,5]],[[69241,17216],[8,-9]],[[69249,17207],[59,-67]],[[69133,17098],[69,-9]],[[69208,17080],[-22,-48]],[[69186,17032],[-45,7]],[[69141,17039],[-8,59]],[[69133,17098],[-3,7]],[[68669,18058],[25,-220]],[[68694,17838],[-27,-101],[85,-110]],[[68752,17627],[-99,14]],[[68653,17641],[-151,12]],[[68502,17653],[-210,36]],[[68411,18074],[40,-133],[218,117]],[[68597,18232],[43,-57]],[[68640,18175],[29,-117]],[[68640,18175],[243,-88],[-21,-216]],[[68862,17871],[-87,-27]],[[68775,17844],[-81,-6]],[[69211,17814],[-28,-35]],[[69183,17779],[-321,92]],[[69358,17190],[25,-3]],[[69383,17187],[34,0]],[[69354,17148],[4,42]],[[69370,17265],[3,0]],[[69373,17265],[30,4]],[[69383,17187],[-8,43]],[[69375,17230],[-5,35]],[[69224,17229],[43,31]],[[69267,17260],[-26,-44]],[[69217,17220],[7,9]],[[69358,17190],[-31,13]],[[69327,17203],[48,27]],[[69281,17259],[89,6]],[[69327,17203],[-22,-5]],[[69305,17198],[-16,11]],[[69289,17209],[-8,50]],[[69267,17260],[14,-1]],[[69289,17209],[-40,-2]],[[69305,17198],[4,-53]],[[68943,17563],[-83,58]],[[68860,17621],[-85,223]],[[69183,17779],[-46,-104]],[[69137,17675],[-83,-114],[-111,2]],[[68752,17627],[26,-42]],[[68778,17585],[136,-235]],[[68914,17350],[-5,0]],[[68909,17350],[-192,70]],[[68717,17420],[-64,221]],[[68943,17563],[8,-217]],[[68951,17346],[-37,4]],[[68778,17585],[82,36]],[[69294,17344],[79,-79]],[[69267,17260],[27,84]],[[69294,17344],[0,4]],[[69294,17348],[15,67]],[[69309,17415],[98,-17]],[[69174,17307],[-13,35]],[[69161,17342],[100,11]],[[69261,17353],[33,-5]],[[69224,17229],[-50,78]],[[69137,17675],[74,-157]],[[69211,17518],[63,-14]],[[69274,17504],[-2,-62]],[[69272,17442],[-2,-20]],[[69270,17422],[-9,-69]],[[69161,17342],[-121,-11]],[[69040,17331],[-89,15]],[[69270,17422],[39,-7]],[[69174,17307],[7,-85]],[[69056,17245],[-16,86]],[[69360,17532],[-75,12]],[[69285,17544],[3,31]],[[69288,17575],[73,-33]],[[69288,17575],[-9,13]],[[69279,17588],[-8,44]],[[69271,17632],[105,71]],[[69211,17518],[14,41]],[[69225,17559],[60,-15]],[[69363,17468],[-32,5]],[[69331,17473],[-57,31]],[[69271,17632],[-31,-22]],[[69240,17610],[-15,-51]],[[69279,17588],[-39,22]],[[69272,17442],[59,31]],[[69979,16840],[44,6]],[[70023,16846],[62,8]],[[70085,16854],[-72,-65]],[[70013,16789],[-22,10]],[[69991,16799],[-12,41]],[[70005,16753],[18,-1]],[[70023,16752],[-2,-22]],[[70021,16730],[12,-75]],[[70033,16655],[-58,-4]],[[69975,16651],[-50,-64]],[[69925,16587],[-17,3]],[[69908,16590],[-11,92]],[[69897,16682],[-9,14]],[[69888,16696],[117,57]],[[70053,16623],[31,34]],[[70084,16657],[40,-12]],[[70124,16645],[41,-39]],[[70165,16606],[-67,-133]],[[70098,16473],[-9,6]],[[70089,16479],[-50,49]],[[70039,16528],[-2,50]],[[70037,16578],[16,45]],[[69975,16651],[78,-28]],[[70037,16578],[-112,9]],[[70033,16655],[51,2]],[[70039,16528],[-80,-18]],[[69959,16510],[-21,35]],[[69938,16545],[-30,45]],[[69932,16841],[30,-4]],[[69962,16837],[17,3]],[[69991,16799],[-94,-19]],[[69897,16780],[21,35]],[[69918,16815],[14,26]],[[70013,16789],[-8,-36]],[[69888,16696],[-1,67]],[[69887,16763],[10,17]],[[70085,16854],[67,-30]],[[70152,16824],[-1,-2]],[[70151,16822],[-25,-53]],[[70126,16769],[0,-18]],[[70126,16751],[-103,1]],[[70126,16751],[-3,-55]],[[70123,16696],[-102,34]],[[70123,16696],[25,-13]],[[70148,16683],[-24,-38]],[[70151,16822],[18,-6]],[[70169,16816],[-43,-47]],[[69862,17053],[118,-30]],[[69980,17023],[-2,-11]],[[69978,17012],[-52,-91]],[[69926,16921],[0,-3]],[[69926,16918],[-57,26]],[[69869,16944],[-39,-1]],[[70099,17207],[6,-149]],[[70105,17058],[-125,-35]],[[70041,16901],[84,8]],[[70125,16909],[27,-85]],[[70023,16846],[18,55]],[[70105,17058],[2,-17]],[[70107,17041],[-71,-38]],[[70036,17003],[-33,5]],[[70003,17008],[-25,4]],[[70036,17003],[-19,-41]],[[70017,16962],[-55,-125]],[[69932,16841],[-7,21]],[[69925,16862],[1,56]],[[69926,16921],[77,87]],[[70017,16962],[18,-33]],[[70035,16929],[-10,-4]],[[70025,16925],[16,-24]],[[70125,17001],[7,-32]],[[70132,16969],[-7,-56]],[[70125,16913],[-100,12]],[[70035,16929],[90,72]],[[70107,17041],[2,-4]],[[70109,17037],[16,-36]],[[70125,16913],[0,-4]],[[69826,16871],[36,-12]],[[69862,16859],[-4,-40]],[[69858,16819],[-28,-26]],[[69925,16862],[-53,0]],[[69872,16862],[-3,82]],[[69872,16862],[-10,-3]],[[69918,16815],[-60,4]],[[69887,16763],[-57,9]],[[70224,16665],[155,-59]],[[70379,16606],[-95,-163]],[[70284,16443],[-186,30]],[[70165,16606],[59,59]],[[70140,17202],[47,-137]],[[70187,17065],[-78,-28]],[[70927,17463],[-191,-154],[-27,-183],[-131,1]],[[70578,17127],[-44,144]],[[70534,17271],[-157,83],[-187,-59]],[[70132,16969],[65,-21]],[[70197,16948],[-11,-88]],[[70186,16860],[-17,-44]],[[70534,17271],[-159,-19],[-41,-204]],[[70334,17048],[-93,-87]],[[70241,16961],[-12,29]],[[70229,16990],[-42,75]],[[70340,16930],[28,20]],[[70368,16950],[147,-72]],[[70515,16878],[73,-95]],[[70588,16783],[-25,-121],[-146,14]],[[70417,16676],[-69,79],[-8,175]],[[70197,16948],[32,42]],[[70241,16961],[33,-34]],[[70274,16927],[-88,-67]],[[70274,16927],[66,3]],[[70417,16676],[-38,-70]],[[70224,16665],[-76,18]],[[70334,17048],[34,-98]],[[70578,17127],[-1,-180],[-62,-69]],[[71120,16666],[-94,38],[-203,-54],[-119,15],[-116,118]],[[71119,16345],[-197,84],[-188,-13],[-111,-148]],[[70623,16268],[-91,20]],[[70532,16288],[-130,22]],[[70402,16310],[-112,48]],[[70290,16358],[-6,85]],[[70402,16310],[8,-122]],[[70410,16188],[-7,-48]],[[70403,16140],[-115,30]],[[70288,16170],[-35,54]],[[70253,16224],[45,108]],[[70298,16332],[-8,26]],[[70640,16180],[-17,88]],[[70985,15804],[-44,63],[-337,29],[18,116]],[[70622,16012],[18,168]],[[70278,16139],[10,31]],[[70403,16140],[118,-120]],[[70521,16020],[101,-8]],[[70591,15479],[-70,205],[-127,61]],[[70394,15745],[-79,126]],[[70315,15871],[-22,135]],[[70293,16006],[4,94]],[[70297,16100],[-19,39]],[[70640,16180],[-148,-15]],[[70492,16165],[-17,13]],[[70475,16178],[57,110]],[[70475,16178],[-65,10]],[[70521,16020],[-29,145]],[[70171,16355],[127,-23]],[[70253,16224],[-51,13]],[[70202,16237],[-21,21]],[[70181,16258],[-39,51]],[[70142,16309],[29,46]],[[69970,16451],[-2,18]],[[69968,16469],[9,-19]],[[69977,16450],[36,-60]],[[70013,16390],[-4,-30]],[[70009,16360],[-54,8]],[[69955,16368],[15,83]],[[70013,16390],[31,-7]],[[70044,16383],[39,-9]],[[70083,16374],[7,-2]],[[70090,16372],[-6,-64]],[[70084,16308],[-35,5]],[[70049,16313],[-47,8]],[[70002,16321],[7,39]],[[70067,16436],[22,43]],[[70171,16355],[-88,19]],[[70044,16383],[23,53]],[[70067,16436],[-90,14]],[[69968,16469],[-9,41]],[[70142,16309],[-52,63]],[[70181,16258],[-23,-16]],[[70158,16242],[-37,2]],[[70121,16244],[-33,55]],[[70088,16299],[-4,9]],[[70278,16139],[-89,15]],[[70189,16154],[13,83]],[[70189,16154],[-29,5]],[[70160,16159],[-2,83]],[[70037,16136],[66,-11]],[[70103,16125],[-9,-63]],[[70094,16062],[0,-67]],[[70094,15995],[-91,15]],[[70003,16010],[34,126]],[[70168,16000],[4,26]],[[70172,16026],[121,-20]],[[70315,15871],[-112,-34],[-260,43]],[[69943,15880],[15,101]],[[69958,15981],[45,29]],[[70094,15995],[74,5]],[[69982,16145],[55,-9]],[[69958,15981],[3,21]],[[69961,16002],[21,143]],[[69998,16265],[40,-24]],[[70038,16241],[1,-62]],[[70039,16179],[-2,-43]],[[69982,16145],[16,120]],[[69930,15787],[13,93]],[[70394,15745],[-186,2],[-72,-96],[-122,70]],[[70014,15721],[-84,66]],[[70160,16159],[-51,9]],[[70109,16168],[12,76]],[[70109,16168],[-1,-6]],[[70108,16162],[-39,13]],[[70069,16175],[19,124]],[[70297,16100],[-114,11]],[[70183,16111],[1,0]],[[70184,16111],[5,43]],[[70172,16026],[11,85]],[[70103,16125],[81,-14]],[[70168,16000],[-74,62]],[[70103,16125],[5,37]],[[70039,16179],[30,-4]],[[70038,16241],[11,72]],[[69998,16265],[4,56]],[[69642,16592],[54,-9]],[[69696,16583],[5,-1]],[[69701,16582],[8,-88]],[[69709,16494],[-3,0]],[[69701,16582],[68,-12]],[[69769,16570],[-10,-84]],[[69759,16486],[-13,-1]],[[69746,16485],[-37,9]],[[69885,16552],[53,-7]],[[69970,16451],[-84,14]],[[69886,16465],[-1,87]],[[69746,16485],[33,-67]],[[69779,16418],[-3,-21]],[[69860,16555],[25,-3]],[[69886,16465],[-42,50]],[[69844,16515],[16,40]],[[69769,16570],[5,20]],[[69774,16590],[9,-8]],[[69783,16582],[77,-27]],[[69844,16515],[-26,-20]],[[69818,16495],[-6,-18]],[[69812,16477],[-53,9]],[[69812,16477],[-5,-52]],[[69807,16425],[-28,-7]],[[69886,16465],[3,-40]],[[69889,16425],[-6,-5]],[[69883,16420],[-4,8]],[[69879,16428],[-61,67]],[[69879,16428],[-72,-3]],[[69955,16368],[-66,57]],[[69982,16145],[-79,13]],[[69903,16158],[-102,17]],[[69781,16205],[100,161]],[[69881,16366],[2,54]],[[69881,16366],[-105,31]],[[69710,16791],[-7,-53]],[[69703,16738],[-8,-57]],[[69695,16681],[-39,16]],[[69897,16682],[-84,-31]],[[69813,16651],[17,121]],[[69783,16730],[7,48]],[[69813,16651],[-19,3]],[[69794,16654],[-21,4]],[[69773,16658],[10,72]],[[69783,16730],[-80,8]],[[69773,16658],[-40,6]],[[69733,16664],[-38,17]],[[69783,16582],[11,72]],[[69813,16651],[95,-61]],[[69733,16664],[-6,-43]],[[69727,16621],[-31,-38]],[[69774,16590],[-47,31]],[[69017,17038],[26,9]],[[69043,17047],[21,4]],[[69064,17051],[18,-31]],[[69082,17020],[-19,-22]],[[69063,16998],[-50,7]],[[69013,17005],[4,33]],[[68982,17096],[2,11]],[[68984,17107],[59,-60]],[[69017,17038],[-35,58]],[[68961,17214],[29,-4]],[[68990,17210],[25,-49]],[[69015,17161],[-24,2]],[[68991,17163],[-39,5]],[[68952,17168],[9,46]],[[68990,17210],[64,-9]],[[69115,17107],[-17,-9]],[[69098,17098],[-8,6]],[[69090,17104],[-75,57]],[[68991,17163],[-6,-42]],[[68985,17121],[-1,-14]],[[68982,17096],[-45,0]],[[68937,17096],[11,36]],[[68948,17132],[4,36]],[[69090,17104],[-105,17]],[[69098,17098],[-34,-47]],[[69082,17020],[50,-7]],[[69132,17013],[-10,-53]],[[69122,16960],[3,-16]],[[69125,16944],[-62,54]],[[69141,17039],[-9,-26]],[[69012,17005],[1,0]],[[69125,16944],[26,-35]],[[69151,16909],[-62,-23]],[[69089,16886],[-44,22]],[[69045,16908],[-33,97]],[[68940,17298],[50,-88]],[[68961,17214],[-35,12]],[[68926,17226],[14,72]],[[68940,17298],[-8,13]],[[68932,17311],[-23,39]],[[68937,17058],[0,38]],[[69012,17005],[-80,1]],[[68932,17006],[5,52]],[[69045,16908],[-82,9]],[[68963,16917],[-39,5]],[[68924,16922],[8,84]],[[68980,16769],[27,59]],[[69007,16828],[138,-28]],[[69145,16800],[32,-20]],[[69177,16780],[-129,-66]],[[69048,16714],[-68,55]],[[68929,16731],[3,19]],[[68932,16750],[48,19]],[[69048,16714],[-8,-36]],[[69040,16678],[-82,30]],[[68958,16708],[-29,23]],[[69151,16909],[8,3]],[[69159,16912],[-4,-31]],[[69155,16881],[11,-70]],[[69166,16811],[-21,-11]],[[69007,16828],[82,58]],[[69155,16881],[103,5]],[[69243,16832],[0,-29]],[[69243,16803],[-77,8]],[[68958,16708],[-24,-12]],[[68934,16696],[-5,35]],[[69243,16803],[-66,-23]],[[69186,17032],[25,-40]],[[69211,16992],[-2,-13]],[[69209,16979],[-87,-19]],[[69211,16992],[42,-8]],[[69258,16908],[-15,13]],[[69243,16921],[-26,25]],[[69217,16946],[-8,33]],[[69243,16921],[-63,-2]],[[69180,16919],[37,27]],[[69180,16919],[-21,-7]],[[68502,17653],[-80,-222]],[[68422,17431],[-10,-147]],[[68412,17284],[1,-64]],[[68413,17220],[-53,6]],[[68422,17431],[111,-110]],[[68533,17321],[-8,-50]],[[68525,17271],[-113,13]],[[68642,17236],[8,58]],[[68650,17294],[22,-3]],[[68672,17291],[201,-149]],[[68873,17142],[45,-72]],[[68918,17070],[19,-12]],[[68924,16922],[-92,10]],[[68832,16932],[-107,17]],[[68725,16949],[-153,23]],[[68572,16972],[-29,131]],[[68543,17103],[1,0]],[[68544,17103],[98,133]],[[68884,17225],[42,1]],[[68952,17168],[-29,5]],[[68923,17173],[-41,7]],[[68882,17180],[2,45]],[[68917,17121],[31,11]],[[68918,17070],[-1,51]],[[68917,17121],[6,52]],[[68873,17142],[9,38]],[[68525,17271],[-59,-77]],[[68466,17194],[-53,26]],[[68559,17262],[83,-26]],[[68544,17103],[15,159]],[[68466,17194],[77,-91]],[[68572,16972],[-24,-40]],[[68548,16932],[-216,75]],[[68672,17291],[45,129]],[[68932,17311],[-48,-86]],[[68650,17294],[-117,27]],[[68559,17262],[-34,9]],[[68747,16817],[95,-14]],[[68842,16803],[39,-35]],[[68881,16768],[12,-29]],[[68893,16739],[-39,-14]],[[68854,16725],[-40,-16]],[[68814,16709],[-72,66]],[[68742,16775],[5,42]],[[68814,16709],[-43,-23]],[[68771,16686],[-33,57]],[[68738,16743],[4,32]],[[68932,16750],[-39,-11]],[[68881,16768],[1,1]],[[68882,16769],[69,64]],[[68951,16833],[12,84]],[[68724,16661],[47,25]],[[68854,16725],[-4,-52]],[[68850,16673],[55,-95]],[[68905,16578],[-4,-37]],[[68901,16541],[-196,-176],[-127,-7]],[[68485,16445],[239,216]],[[68929,16661],[5,35]],[[69040,16678],[-139,-137]],[[68905,16578],[24,83]],[[68850,16673],[24,-4]],[[68874,16669],[55,-8]],[[68707,16748],[31,-5]],[[68724,16661],[-35,36]],[[68689,16697],[18,51]],[[68611,16700],[53,-18]],[[68664,16682],[25,15]],[[68280,16757],[331,-57]],[[68327,16973],[291,-222]],[[68618,16751],[-7,-51]],[[68874,16669],[19,70]],[[68725,16949],[-11,-84]],[[68714,16865],[-6,-43]],[[68708,16822],[4,-66]],[[68712,16756],[-164,176]],[[68714,16865],[106,-17]],[[68820,16848],[22,-45]],[[68747,16817],[-39,5]],[[68832,16932],[-12,-84]],[[68707,16748],[5,8]],[[68951,16833],[-70,8]],[[68881,16841],[-61,7]],[[68882,16769],[-1,72]],[[68664,16682],[-46,69]],[[69903,16158],[-34,-147]],[[69869,16011],[-12,-9]],[[69857,16002],[-53,41]],[[69804,16043],[-19,85]],[[69728,15995],[27,-5]],[[69755,15990],[73,-72]],[[69828,15918],[-16,-61]],[[69812,15857],[-112,68]],[[69700,15925],[28,70]],[[69857,16002],[-29,-84]],[[69755,15990],[49,53]],[[69675,15899],[25,26]],[[69812,15857],[-4,-15]],[[69808,15842],[-66,-53]],[[69742,15789],[-67,110]],[[69869,16011],[92,-9]],[[69930,15787],[-122,55]],[[69728,15995],[1,129]],[[69451,15485],[69,2]],[[69520,15487],[3,-88],[-185,-113]],[[69338,15286],[-9,86]],[[69329,15372],[122,113]],[[69155,15265],[183,21]],[[69520,15487],[96,99]],[[69616,15586],[162,-43]],[[69778,15543],[-116,-114],[18,-226]],[[69680,15203],[-108,-82],[-53,-145],[-220,-51],[-132,132]],[[69167,15057],[-12,208]],[[69778,15543],[174,36]],[[69952,15579],[-48,-386],[-224,10]],[[69742,15789],[-64,-72]],[[69678,15717],[-78,28]],[[69600,15745],[-4,40]],[[69596,15785],[79,114]],[[69522,15665],[22,-5]],[[69544,15660],[90,-30]],[[69634,15630],[-18,-44]],[[69451,15485],[71,180]],[[69167,15307],[-12,-42]],[[69167,15057],[-192,269],[192,-19]],[[69167,15307],[162,65]],[[70014,15721],[-62,-142]],[[69634,15630],[44,87]],[[69544,15660],[56,85]],[[69522,15665],[74,120]],[[64956,18686],[76,-13]],[[65032,18673],[275,-86],[-26,-192],[-165,37],[-154,-67],[-91,189],[85,132]],[[64084,18425],[164,8],[7,212],[-114,175],[378,0],[437,-134]],[[65032,18673],[236,119]],[[65523,17151],[-119,-140],[-43,-156]],[[65361,16855],[-162,55],[-52,142],[-286,-192],[-254,55],[-122,-64],[-188,71]],[[64297,16922],[-53,131],[62,344],[-69,58],[-482,82],[50,292],[189,270],[90,326]],[[63331,20110],[206,114],[7,-229],[-194,-85],[-19,200]],[[62614,20573],[360,-38],[36,214],[320,4],[-6,312]],[[63324,21065],[130,-76],[200,4],[21,-89],[149,-53],[14,-112],[-71,-433],[63,-142],[164,-173],[57,-146]],[[64051,19845],[121,-190],[5,-211],[-103,-19],[-188,198],[-144,-65],[38,-181],[-3,-270],[-302,-201]],[[63475,18906],[-42,48],[-220,-2],[-76,-325],[-308,50],[-30,248],[-318,-162]],[[62481,18763],[-24,85],[46,463],[-16,62],[-263,33],[24,209],[82,0],[74,673],[163,-22],[47,307]],[[60720,22915],[1162,0],[-1,727],[1079,0]],[[62960,23642],[4,-905],[364,0],[39,-170],[116,0],[0,-376],[-153,-1],[-6,-1125]],[[62614,20573],[-240,-10],[-549,77],[-61,-45],[-184,49],[-60,-292],[-242,1],[-546,76]],[[60732,20429],[-11,1767],[-1,719]],[[65344,19428],[-144,48],[-61,208],[-295,43],[-78,244],[-216,0]],[[64550,19971],[-38,117],[222,369],[-184,126],[0,423]],[[64550,21006],[145,-8],[53,-158],[426,-59],[55,115],[191,-18],[31,115],[299,9],[64,-204]],[[64051,19845],[65,66],[217,60],[217,0]],[[64084,18425],[-110,34],[-489,389],[-10,58]],[[60732,20240],[0,189]],[[62481,18763],[-148,-23],[-86,86],[-150,-17],[-49,-78],[-184,-95],[87,-224],[-217,1],[0,-218]],[[61734,18195],[-456,69],[126,-129],[-39,-107],[-201,29],[-153,-87],[-270,266]],[[60741,18236],[-3,522]],[[60738,18758],[-6,1482]],[[62960,23642],[0,102],[367,-44],[86,83],[-71,215],[58,177],[192,70],[247,-35],[287,0]],[[64126,24210],[16,-502],[388,1],[-1,-757],[-262,-2],[7,-1116],[166,70],[110,-20],[25,-129],[-39,-180],[14,-569]],[[63326,27374],[82,90]],[[63499,27207],[-349,-38]],[[63150,27169],[1,35]],[[63151,27204],[175,170]],[[63150,27493],[-30,-147]],[[63120,27346],[-161,-143],[-22,462]],[[64085,25804],[4,-318],[253,0],[134,-67],[-1,-661],[98,0],[-17,-243]],[[64556,24515],[-267,10],[1,-321],[-164,6]],[[60720,22915],[0,18]],[[60720,22933],[6,1027],[-1,1107]],[[60725,25067],[-4,1992]],[[60721,27059],[0,995]],[[60721,28054],[85,-120]],[[63120,27346],[31,-142]],[[63150,27169],[49,-266],[219,41],[123,-127],[186,0]],[[63326,27374],[-103,115]],[[64556,24515],[129,-144],[135,24],[318,-29],[23,-491],[75,1],[0,-211],[180,-1],[12,-158],[140,-49],[-3,-269],[190,22]],[[65755,23210],[78,-28],[104,-279],[-37,-191],[128,-66],[-22,-150],[-83,-119],[0,-170],[111,-43],[128,69]],[[68182,22478],[-141,13],[-17,-116],[-157,9]],[[65755,23210],[1,160],[283,-1],[0,58],[281,-1],[0,85],[389,40],[167,86],[21,155]],[[67099,23169],[-96,-184],[54,-173],[130,-16],[180,102],[-107,270],[-161,1]],[[64895,26021],[-249,12],[-58,-146],[-151,-38]],[[66357,24095],[3,-123],[-109,-129],[-136,25],[0,312],[272,53]],[[69094,21885],[53,1]],[[69147,21886],[-8,-398],[-40,-27]],[[69099,21461],[-55,67],[-169,1]],[[68875,21529],[-41,279],[-99,153]],[[69147,21886],[22,43],[278,-90],[103,-117],[199,-62]],[[69749,21660],[0,-302],[118,-64],[-39,-107],[-296,-120]],[[69532,21067],[-216,84],[-50,-126],[-167,0]],[[69099,21025],[0,436]],[[68875,21529],[-54,-132],[-160,-82],[0,-313]],[[69099,21025],[-59,-83],[-290,-44]],[[69532,21067],[0,-333],[255,0],[1,-257],[-40,-256]],[[71187,22232],[-217,-45]],[[70970,22187],[-146,43],[-118,248],[56,74]],[[71154,21315],[-323,0],[0,290]],[[70831,21605],[44,123],[-44,125],[0,273],[139,61]],[[71525,22208],[-45,-227],[333,0],[-38,159]],[[70831,21605],[-804,0]],[[70027,21605],[-43,79],[-235,-24]],[[70227,21174],[65,-112]],[[70292,21062],[-38,-36]],[[70254,21026],[-31,-107]],[[70223,20919],[-81,99],[85,156]],[[70227,21174],[20,148]],[[70247,21322],[116,-8],[84,-190]],[[70447,21124],[-155,-62]],[[70123,20401],[63,320],[76,13]],[[70262,20734],[202,-1],[0,188]],[[70464,20921],[140,35],[-62,168],[-95,0]],[[70247,21322],[-220,283]],[[70223,20919],[39,-185]],[[70254,21026],[210,-105]],[[61734,18195],[48,-141],[271,-14],[-66,-219],[-138,-147],[45,-140],[295,-127],[163,-204],[150,-40],[-34,-151],[-139,-210],[-119,-16],[0,-129],[472,-34],[-8,-145]],[[62674,16478],[12,-184],[-42,-175],[-1,-362],[40,-155]],[[62683,15602],[-276,33],[-301,-170]],[[62106,15465],[-155,-66],[112,-156]],[[62063,15243],[-139,-6],[-126,81],[-117,-21],[-107,276],[-281,302],[-412,277],[-155,56]],[[60726,16208],[15,1292]],[[60741,17500],[0,736]],[[62843,17214],[41,143],[294,-44],[-76,-423],[-139,-15],[-120,339]],[[62106,15465],[101,-235],[-144,13]],[[64297,16922],[-305,33],[-52,-347],[-263,-43]],[[63677,16565],[-119,-2],[2,-169],[-93,-16],[-32,183],[-580,-143],[-181,60]],[[65605,15576],[-274,6]],[[65331,15582],[43,247],[196,25],[35,-278]],[[66276,15396],[213,20],[-28,-210],[-137,21],[-48,169]],[[66917,14724],[-187,41],[7,213],[-336,65],[-180,-41],[-18,-122],[-283,49]],[[65920,14929],[-94,122],[-123,21],[48,335],[118,16],[176,-66],[22,119],[111,121]],[[66178,15597],[-159,185],[133,64],[-5,148],[362,123],[-16,186]],[[66178,15597],[-573,-21]],[[65331,15582],[-401,-4],[-40,-71]],[[64890,15507],[-127,68],[-81,211],[213,20],[112,67],[-3,124],[166,-25],[-56,168],[66,68],[65,270],[66,46],[-7,241],[57,90]],[[65920,14929],[-34,-141],[-153,-66],[-2,-239],[-64,-113],[86,-201]],[[65753,14169],[-145,-8],[-210,242],[-220,147],[-306,52]],[[64872,14602],[-29,129],[-114,124],[45,187],[43,423],[73,42]],[[67180,14687],[-225,-290],[-339,-164],[-52,-138],[-98,-37],[-131,-172],[-96,-8],[-99,138],[-236,162],[-151,-9]],[[64872,14602],[-222,132],[-342,308]],[[64308,15042],[60,166],[-78,144],[-118,-13]],[[64172,15339],[-156,167]],[[64016,15506],[-249,173],[-4,375],[100,46],[-52,173],[80,120],[-214,172]],[[64016,15506],[-105,-136]],[[63911,15370],[-69,-54]],[[63842,15316],[-70,39],[-240,-44],[-62,-80],[-184,7],[-466,321],[-137,43]],[[64172,15339],[-116,-92],[-145,123]],[[64308,15042],[-122,102],[-195,59],[-149,113]],[[87250,46850],[37,1]],[[87287,46851],[32,-9]],[[87319,46842],[5,-19]],[[87324,46823],[-10,-68]],[[87314,46755],[-14,-54]],[[87300,46701],[-1,0]],[[87299,46701],[-49,149]],[[87175,46961],[31,-1]],[[87206,46960],[11,6]],[[87217,46966],[-23,-39]],[[87194,46927],[32,-77]],[[87226,46850],[-55,-55]],[[87171,46795],[-115,3]],[[87056,46798],[-3,133]],[[87053,46931],[43,2]],[[87096,46933],[79,28]],[[87244,46943],[37,-2]],[[87281,46941],[6,-90]],[[87250,46850],[-24,0]],[[87194,46927],[50,16]],[[87299,46701],[-94,17]],[[87205,46718],[-34,77]],[[87217,46966],[27,-23]],[[87281,46941],[71,-21]],[[87352,46920],[-33,-78]],[[87324,46823],[39,22]],[[87363,46845],[36,-97]],[[87399,46748],[-85,7]],[[87352,46920],[11,-75]],[[87355,46595],[90,19]],[[87445,46614],[19,-198],[-41,-83]],[[87423,46333],[-12,-7]],[[87411,46326],[-69,125]],[[87342,46451],[13,144]],[[87171,46581],[34,137]],[[87300,46701],[44,-62]],[[87344,46639],[11,-44]],[[87342,46451],[-133,29]],[[87209,46480],[-43,21]],[[87166,46501],[5,32]],[[87171,46533],[0,48]],[[87399,46748],[18,-45]],[[87417,46703],[-73,-64]],[[87417,46703],[28,-89]],[[87737,47162],[227,-88],[-148,-485],[-45,-321],[-130,22],[62,188],[-19,364],[53,320]],[[87663,46482],[-17,-148],[-65,-13],[12,146],[70,15]],[[87157,47112],[-35,-36]],[[87122,47076],[-38,31]],[[87084,47107],[73,5]],[[87169,47017],[20,31]],[[87189,47048],[17,-88]],[[87175,46961],[-2,4]],[[87173,46965],[-4,52]],[[87152,47024],[17,-7]],[[87173,46965],[-69,0]],[[87104,46965],[21,24]],[[87125,46989],[27,35]],[[87070,47099],[-6,-97]],[[87064,47002],[-42,-27]],[[87022,46975],[-42,40]],[[86980,47015],[4,22]],[[86984,47037],[86,62]],[[87064,47002],[61,-13]],[[87104,46965],[-8,-32]],[[87053,46931],[-3,-2]],[[87050,46929],[-16,-1]],[[87034,46928],[-12,47]],[[87157,47112],[32,-64]],[[87152,47024],[-30,52]],[[87070,47099],[14,8]],[[86820,47497],[4,12]],[[86824,47509],[73,26]],[[86897,47535],[-16,-71]],[[86881,47464],[-54,-78]],[[86827,47386],[12,-24]],[[86839,47362],[-29,6]],[[86810,47368],[-31,17]],[[86779,47385],[41,112]],[[86759,47362],[20,23]],[[86810,47368],[-10,-60]],[[86800,47308],[-6,-50]],[[86794,47258],[-47,9]],[[86747,47267],[12,95]],[[86839,47362],[20,-42]],[[86859,47320],[-10,-3]],[[86849,47317],[-49,-9]],[[86755,47226],[32,-31]],[[86787,47195],[-2,-16]],[[86785,47179],[0,-32]],[[86785,47147],[-31,7]],[[86754,47154],[-14,26]],[[86740,47180],[15,46]],[[86747,47261],[0,6]],[[86794,47258],[-2,-11]],[[86792,47247],[2,-35]],[[86794,47212],[-7,-17]],[[86755,47226],[-8,35]],[[86849,47317],[21,-39]],[[86870,47278],[-16,-35]],[[86854,47243],[-13,9]],[[86841,47252],[-49,-5]],[[86854,47243],[35,-2]],[[86889,47241],[-22,-42]],[[86867,47199],[-33,4]],[[86834,47203],[7,49]],[[86834,47203],[0,1]],[[86834,47204],[-40,8]],[[86870,47278],[29,16]],[[86899,47294],[16,-3]],[[86915,47291],[-8,-54]],[[86907,47237],[-18,4]],[[86867,47199],[26,-26]],[[86893,47173],[-1,-11]],[[86892,47162],[-50,-45]],[[86842,47117],[-5,16]],[[86837,47133],[0,35]],[[86837,47168],[-3,36]],[[86785,47179],[52,-11]],[[86837,47133],[-28,11]],[[86809,47144],[-16,-7]],[[86793,47137],[-8,10]],[[86907,47237],[12,-23]],[[86919,47214],[-26,-41]],[[86909,47369],[35,21]],[[86944,47390],[23,-18]],[[86967,47372],[-28,-94]],[[86939,47278],[-24,13]],[[86899,47294],[5,27]],[[86904,47321],[5,48]],[[86959,47090],[4,20]],[[86963,47110],[-11,52]],[[86952,47162],[8,21]],[[86960,47183],[19,16]],[[86979,47199],[45,134]],[[87024,47333],[105,-46],[-71,-183]],[[87058,47104],[-99,-14]],[[87058,47104],[-118,-43]],[[86940,47061],[17,29]],[[86957,47090],[2,0]],[[86939,47278],[40,-79]],[[86960,47183],[-41,31]],[[86967,47372],[2,3]],[[86969,47375],[55,-42]],[[86952,47162],[-25,-12]],[[86927,47150],[-24,15]],[[86903,47165],[-11,-3]],[[86881,47464],[10,-26]],[[86891,47438],[8,-26]],[[86899,47412],[-8,-28]],[[86891,47384],[-64,2]],[[86897,47535],[36,-8]],[[86933,47527],[1,-75]],[[86934,47452],[-43,-14]],[[86899,47412],[45,-22]],[[86909,47369],[-18,15]],[[86934,47452],[35,-77]],[[86904,47321],[-45,-1]],[[86979,46903],[-25,-51]],[[86954,46852],[-2,-1]],[[86952,46851],[-25,79]],[[86927,46930],[33,0]],[[86960,46930],[20,15]],[[86980,46945],[-1,-42]],[[87034,46928],[-54,40]],[[86980,46968],[0,47]],[[86980,46945],[0,23]],[[87050,46929],[-42,-35]],[[87008,46894],[-29,9]],[[87008,46894],[-8,-54]],[[87000,46840],[-27,2]],[[86973,46842],[-19,10]],[[87056,46798],[-6,-13]],[[87050,46785],[-50,55]],[[86852,46891],[24,-5]],[[86876,46886],[6,-36]],[[86882,46850],[-22,-32]],[[86860,46818],[-16,6]],[[86844,46824],[-1,30]],[[86843,46854],[9,37]],[[86894,46907],[-4,8]],[[86890,46915],[24,32]],[[86914,46947],[13,-17]],[[86952,46851],[-33,14]],[[86919,46865],[-25,42]],[[86843,46925],[2,-4]],[[86845,46921],[7,-30]],[[86843,46854],[-14,22]],[[86829,46876],[3,34]],[[86832,46910],[11,15]],[[86919,46865],[-11,-14]],[[86908,46851],[-17,-7]],[[86891,46844],[-9,6]],[[86876,46886],[18,21]],[[86973,46842],[-28,-36]],[[86945,46806],[-37,45]],[[86945,46806],[-28,-26]],[[86917,46780],[-26,64]],[[86845,46921],[13,17]],[[86858,46938],[19,-4]],[[86877,46934],[13,-19]],[[86844,46824],[-28,-53]],[[86816,46771],[-39,27]],[[86777,46798],[-6,16]],[[86771,46814],[9,6]],[[86780,46820],[49,56]],[[86978,46694],[5,-1]],[[86983,46693],[33,12]],[[87016,46705],[15,-87]],[[87031,46618],[-12,2]],[[87019,46620],[-21,4]],[[86998,46624],[-49,30]],[[86949,46654],[6,23]],[[86955,46677],[23,17]],[[86933,46714],[4,28]],[[86937,46742],[41,-48]],[[86955,46677],[-26,5]],[[86929,46682],[4,32]],[[87050,46785],[-6,-25]],[[87044,46760],[-54,5]],[[86990,46765],[10,75]],[[86990,46765],[-62,-9]],[[86928,46756],[-11,24]],[[87016,46705],[28,55]],[[87171,46581],[-140,37]],[[86937,46742],[-9,14]],[[86990,46765],[-7,-72]],[[86844,46724],[56,-4]],[[86900,46720],[-5,-31]],[[86895,46689],[-24,-14]],[[86871,46675],[-27,49]],[[86860,46818],[14,-29]],[[86874,46789],[-42,-33]],[[86832,46756],[-16,15]],[[86900,46720],[33,-6]],[[86929,46682],[-34,7]],[[86874,46789],[43,-9]],[[86844,46724],[-12,32]],[[86851,46608],[25,-5]],[[86876,46603],[7,-14]],[[86883,46589],[-23,-70]],[[86860,46519],[-21,5]],[[86839,46524],[12,84]],[[86883,46589],[41,-22]],[[86924,46567],[35,-5]],[[86959,46562],[36,-12]],[[86995,46550],[4,-65]],[[86999,46485],[-61,-36]],[[86938,46449],[-2,3]],[[86936,46452],[-76,67]],[[86757,46538],[16,49]],[[86773,46587],[-11,85]],[[86762,46672],[3,15]],[[86765,46687],[86,-79]],[[86839,46524],[-7,-90]],[[86832,46434],[-77,25]],[[86755,46459],[-27,32]],[[86728,46491],[29,47]],[[86936,46452],[-64,-27]],[[86872,46425],[-40,9]],[[86775,46743],[0,49]],[[86775,46792],[2,6]],[[86871,46675],[5,-3]],[[86876,46672],[0,-69]],[[86765,46687],[10,56]],[[87019,46620],[-10,-72]],[[87009,46548],[-14,2]],[[86959,46562],[39,62]],[[86924,46567],[6,62]],[[86930,46629],[19,25]],[[86930,46629],[-54,43]],[[86675,46809],[-13,-69]],[[86662,46740],[-43,6]],[[86619,46746],[9,23]],[[86628,46769],[47,40]],[[86662,46740],[-2,-21]],[[86660,46719],[-38,-7]],[[86622,46712],[-17,17]],[[86605,46729],[14,17]],[[86589,46730],[16,-1]],[[86622,46712],[0,-16]],[[86622,46696],[-45,-4]],[[86577,46692],[12,38]],[[86675,46809],[40,-48]],[[86715,46761],[-7,-30]],[[86708,46731],[-48,-12]],[[86589,46730],[39,39]],[[86582,46746],[-33,-117]],[[86549,46629],[-1,1]],[[86548,46630],[-60,-24]],[[86488,46606],[-11,43]],[[86477,46649],[-13,48]],[[86464,46697],[118,49]],[[86439,46913],[-55,42]],[[86384,46955],[33,100]],[[86417,47055],[200,-47]],[[86617,47008],[-1,-9]],[[86616,46999],[39,-57]],[[86655,46942],[10,-72]],[[86665,46870],[-41,-41]],[[86624,46829],[-185,84]],[[86655,46942],[49,-32]],[[86704,46910],[-12,-68]],[[86692,46842],[-27,28]],[[86716,46850],[-41,-37]],[[86675,46813],[17,29]],[[86692,46842],[24,8]],[[86675,46813],[-42,-8]],[[86633,46805],[-9,24]],[[86633,46805],[-51,-59]],[[86464,46697],[-5,99]],[[86459,46796],[-20,117]],[[86771,46814],[-43,9]],[[86728,46823],[52,-3]],[[86730,46787],[45,5]],[[86775,46743],[-48,16]],[[86727,46759],[3,28]],[[86704,46910],[17,8]],[[86721,46918],[49,-33]],[[86770,46885],[23,-12]],[[86793,46873],[-77,-23]],[[86730,46787],[-2,36]],[[86778,46921],[15,-48]],[[86770,46885],[8,36]],[[86721,46918],[5,10]],[[86726,46928],[52,-5]],[[86778,46923],[0,-2]],[[86793,47137],[-21,-48]],[[86772,47089],[-62,-26]],[[86710,47063],[-32,37]],[[86678,47100],[19,17]],[[86697,47117],[57,37]],[[86568,47138],[56,-55]],[[86624,47083],[-7,-75]],[[86417,47055],[-63,112]],[[86354,47167],[214,-29]],[[86662,47169],[52,19]],[[86714,47188],[-17,-71]],[[86678,47100],[-17,3]],[[86661,47103],[1,66]],[[86714,47188],[26,-8]],[[86700,47013],[17,-3]],[[86717,47010],[11,-35]],[[86728,46975],[-2,-47]],[[86616,46999],[84,14]],[[86624,47083],[37,20]],[[86710,47063],[-10,-50]],[[86568,47138],[6,33]],[[86574,47171],[88,-2]],[[86816,47009],[6,-1]],[[86822,47008],[0,-1]],[[86822,47007],[35,-5]],[[86857,47002],[8,-2]],[[86865,47000],[-51,-18]],[[86814,46982],[2,27]],[[86853,47029],[30,-10]],[[86883,47019],[-12,-20]],[[86871,46999],[-6,1]],[[86857,47002],[-4,27]],[[86824,46945],[19,-20]],[[86832,46910],[-20,10]],[[86812,46920],[12,25]],[[86881,46960],[-4,-26]],[[86858,46938],[-3,5]],[[86855,46943],[26,17]],[[86883,47019],[17,-18]],[[86900,47001],[-29,-2]],[[86807,46966],[48,-23]],[[86824,46945],[-17,21]],[[86822,47007],[30,26]],[[86852,47033],[1,-4]],[[86812,46920],[-5,46]],[[86940,47036],[-12,-36]],[[86928,47000],[-5,18]],[[86923,47018],[17,18]],[[86942,47049],[-2,-13]],[[86923,47018],[-17,0]],[[86906,47018],[36,31]],[[86881,46960],[17,1]],[[86898,46961],[16,-14]],[[86928,47000],[-1,-27]],[[86927,46973],[-13,6]],[[86914,46979],[-8,39]],[[86942,47049],[42,-12]],[[86960,46930],[-33,43]],[[86898,46961],[16,18]],[[86871,47106],[17,2]],[[86888,47108],[11,-11]],[[86899,47097],[2,-11]],[[86901,47086],[-7,-24]],[[86894,47062],[-2,-2]],[[86892,47060],[-16,24]],[[86876,47084],[-5,22]],[[86809,47144],[-1,-35]],[[86808,47109],[-17,-31]],[[86791,47078],[-19,11]],[[86899,47097],[19,18]],[[86918,47115],[45,-5]],[[86957,47090],[-56,-4]],[[86927,47150],[-9,-35]],[[86888,47108],[15,57]],[[86842,47117],[0,-6]],[[86842,47111],[-4,-8]],[[86838,47103],[-18,-8]],[[86820,47095],[-12,14]],[[86940,47061],[-46,1]],[[86799,47051],[15,13]],[[86814,47064],[23,-5]],[[86837,47059],[18,-5]],[[86855,47054],[-3,-21]],[[86822,47008],[-23,43]],[[86820,47095],[-6,-31]],[[86799,47051],[-5,0]],[[86794,47051],[-3,27]],[[86892,47060],[8,-59]],[[86855,47054],[21,30]],[[86838,47103],[-1,-44]],[[86842,47111],[29,-5]],[[86794,47051],[-22,-11]],[[86772,47040],[-55,-30]],[[86765,46977],[10,7]],[[86775,46984],[22,-22]],[[86797,46962],[-11,-15]],[[86786,46947],[-21,30]],[[86772,47040],[-2,-14]],[[86770,47026],[5,-42]],[[86765,46977],[-37,-2]],[[86770,47026],[46,-17]],[[86814,46982],[-17,-20]],[[86786,46947],[-8,-24]],[[70990,77734],[50,5]],[[71040,77739],[-9,-77]],[[71031,77662],[-19,4]],[[71012,77666],[-22,68]],[[70800,78238],[26,30]],[[70826,78268],[136,-218]],[[70962,78050],[-9,-204]],[[70953,77846],[-40,15]],[[70913,77861],[-44,243],[-69,134]],[[71057,77793],[62,15]],[[71119,77808],[-1,-82]],[[71118,77726],[-25,-6]],[[71093,77720],[-53,19]],[[70990,77734],[67,59]],[[70953,77846],[20,9]],[[70973,77855],[84,-62]],[[71012,77666],[-4,-47]],[[71008,77619],[-113,36]],[[70895,77655],[18,206]],[[70962,78050],[49,-60]],[[71011,77990],[-38,-135]],[[71011,77990],[108,-182]],[[71013,77414],[60,1]],[[71073,77415],[-85,-62]],[[70988,77353],[25,61]],[[71096,77690],[-3,30]],[[71118,77726],[33,-113]],[[71151,77613],[-45,27]],[[71106,77640],[-10,50]],[[71076,77589],[11,-18]],[[71087,77571],[-31,-78]],[[71056,77493],[-16,-5]],[[71040,77488],[-27,85]],[[71013,77573],[63,16]],[[71073,77415],[-1,5]],[[71072,77420],[62,28]],[[71134,77448],[-92,-141]],[[71042,77307],[-54,46]],[[71134,77448],[-6,74]],[[71128,77522],[28,61]],[[71156,77583],[23,86],[132,93]],[[71311,77762],[27,-208],[-4,-309]],[[71334,77245],[-78,-138],[-107,-65]],[[71149,77042],[-54,-125],[44,-210]],[[71139,76707],[-151,88],[-19,112]],[[70969,76907],[44,129],[105,97],[-76,174]],[[71031,77662],[15,-6]],[[71046,77656],[15,-25]],[[71061,77631],[12,-19]],[[71073,77612],[3,-23]],[[71013,77573],[-5,46]],[[71040,77488],[-27,-74]],[[70969,76907],[-54,7],[-104,237]],[[70811,77151],[24,265]],[[70835,77416],[60,239]],[[71070,77680],[-9,-49]],[[71046,77656],[24,24]],[[71070,77680],[26,10]],[[71106,77640],[-33,-28]],[[71056,77493],[19,-13]],[[71075,77480],[-3,-60]],[[71151,77613],[5,-30]],[[71128,77522],[-21,5]],[[71107,77527],[-20,44]],[[71075,77480],[32,47]],[[71798,76011],[-127,-10],[-89,-103]],[[71582,75898],[-75,-77],[-187,66]],[[71320,75887],[-38,205],[114,97],[-44,234],[91,-2],[-30,183],[25,158],[-70,132],[-219,148]],[[71334,77245],[132,-314],[86,-15]],[[71552,76916],[19,-219],[77,-224],[140,-215],[10,-247]],[[71800,75858],[-75,-65],[-143,105]],[[71798,76011],[2,-153]],[[71800,75858],[123,-211],[29,-120],[-78,-129],[-18,-433]],[[71856,74965],[-165,-204],[-133,221],[-286,81],[-45,159],[-233,3],[-120,74]],[[70874,75299],[-23,204]],[[70851,75503],[111,-20],[25,207]],[[70987,75690],[247,-27],[86,224]],[[71856,74965],[-26,-387],[-119,-222],[-65,-201],[40,-413],[288,-391],[65,-223],[88,-46]],[[72127,73082],[-101,-124],[-133,71],[-80,311],[-105,37],[-162,-18],[-70,71],[-108,-109],[-264,34]],[[71104,73355],[-86,112],[211,208],[-18,112],[-120,263],[-99,-58],[3,192],[-142,84],[17,157],[-52,79],[131,218],[-61,306],[-185,108],[10,122],[161,41]],[[72164,73646],[7,170],[100,-36],[-44,-149],[135,-319],[-26,-217],[-165,-11],[-107,150],[2,159],[-109,202],[-111,84],[16,147],[302,-180]],[[70987,75690],[34,129],[-85,164],[-35,233],[140,-32],[12,271],[133,62],[-47,190]],[[71311,77762],[61,-81],[101,121],[58,-75],[-106,-239],[-30,-263],[157,-309]],[[70249,80546],[90,-54],[128,-278],[24,-130],[-63,-219],[68,-347],[-127,-183],[-10,-372]],[[70359,78963],[-52,-129]],[[70307,78834],[-76,-133],[-175,128],[-17,118],[-262,352],[-25,187],[-169,79],[-74,111]],[[69509,79676],[-78,134],[127,34],[89,134],[13,212],[-39,224],[158,116],[302,19],[140,-88],[28,85]],[[70800,78238],[-143,67],[-135,142]],[[70522,78447],[-90,1],[-31,266],[-94,120]],[[70359,78963],[113,-32],[9,-108],[243,-503],[102,-52]],[[70323,77152],[65,-93],[187,-141]],[[70575,76918],[-5,-129],[67,-118],[-50,-168],[-177,27]],[[70410,76530],[-64,265],[13,170],[-72,65],[36,122]],[[70369,76440],[83,-80],[30,-232],[78,-152],[80,-29],[44,-264],[167,-180]],[[71104,73355],[-43,-166]],[[71061,73189],[-50,-104],[-466,76],[-12,-333],[-238,19],[-269,416],[17,210],[-219,24],[-58,-32],[93,-216],[3,-182],[-98,-202],[-185,44],[-13,103],[-275,-15],[-182,74],[40,360],[-206,38],[-41,110]],[[68902,73579],[24,298]],[[68926,73877],[22,252],[60,60],[160,-12],[28,241],[-45,144],[84,415],[155,271],[15,289],[165,139],[19,90],[349,108],[79,315],[352,251]],[[70835,77416],[-146,19],[-82,155],[-100,35]],[[70507,77625],[-48,121],[63,701]],[[70575,76918],[236,233]],[[70369,76440],[41,90]],[[70323,77152],[-48,186],[21,216],[211,71]],[[79200,46153],[-82,-695]],[[79118,45458],[-59,-224],[-54,-461],[-788,124],[-180,-297],[-75,-787],[-10,-285],[147,-19],[-27,-278],[15,-177],[161,-231]],[[73676,42534],[16,400],[-193,21],[63,386],[71,-8],[27,478],[55,156],[10,424],[-113,18],[73,264],[89,794],[248,-14],[42,281]],[[74064,45734],[351,-13],[12,101],[317,-56],[21,163],[245,-40],[47,403],[117,-11],[26,245],[199,-33],[71,75],[308,-52],[5,120],[216,-35],[170,-202],[186,168],[89,-130],[133,-79],[282,251],[96,-74],[286,-7],[-15,-147],[329,-50],[13,188],[-38,142],[249,6],[-10,-109],[363,-54],[105,20],[301,-49],[-11,-96],[525,-76],[0,-125],[148,-25]],[[81134,51790],[81,118],[-16,288],[39,199]],[[81238,52395],[102,1],[88,-114],[281,-42],[21,-62]],[[81730,52178],[-43,-305],[118,-205],[-56,-328],[197,-35],[57,-196],[129,-22],[154,150],[137,-8],[70,-202],[136,-57]],[[82629,50970],[80,-128],[-201,-157],[-14,-178],[258,-21],[-45,-338],[-82,-242],[283,-46],[4,-89]],[[82912,49771],[32,-39]],[[82944,49732],[-29,-62],[-376,-141],[-74,-426],[-234,40],[-59,-489],[55,-50],[-15,-222]],[[82212,48382],[-190,-15],[-363,99],[-196,-37],[-239,60]],[[81224,48489],[-201,311],[75,239],[76,517],[95,209],[30,249],[-169,28],[-22,68],[63,508],[-183,106],[24,224],[-70,123],[107,436],[121,50],[22,113],[-58,120]],[[80852,43853],[-11,540],[-99,159],[29,228],[493,-69],[-17,-160],[132,-23],[-87,-679],[-211,-181]],[[79118,45458],[367,-62],[10,79],[335,-55],[315,113],[290,-53],[8,79],[416,-50],[133,170],[314,-52],[16,-178],[380,-19],[14,83],[162,81]],[[81878,45594],[136,-134],[134,-223],[431,-72],[-3,-199],[474,-87],[364,118]],[[83414,44997],[90,-124],[57,-187],[79,-85],[182,40],[166,-151],[-12,-179]],[[83976,44311],[-133,-189],[2,-208],[-84,-99],[-164,-350],[-156,-234],[-154,-336],[-10,-341],[-37,-159],[127,-49],[83,189],[102,-32]],[[78337,51403],[445,-53],[54,119],[160,124],[178,-27],[-15,-121],[214,-31],[19,167],[141,-23],[188,130],[188,2],[181,93],[119,-98],[144,47],[149,117],[96,-82],[72,123],[227,-47],[124,18],[113,-71]],[[81224,48489],[-65,-83],[-151,30],[-96,-187],[-124,20],[-175,-141],[-17,-145],[-264,24],[-74,-91],[-249,161],[-194,-69],[5,158],[-222,-39]],[[79598,48127],[-24,173],[-83,206],[-91,335],[18,63],[190,98],[-28,307],[56,71],[30,320],[-55,200],[295,247],[-11,224],[-213,34],[-35,-60],[-287,25],[-140,-95],[-43,68],[-406,88],[-246,-115],[-39,109],[-6,253],[124,237],[-5,181],[-179,26],[-83,281]],[[77585,49621],[8,68],[172,52],[64,-201],[-145,-45],[-99,126]],[[75857,54497],[229,-93],[59,-252],[163,-239],[115,-6],[176,-232],[25,-110],[203,-122],[361,-10],[166,-101],[221,13],[-57,-312],[123,-139],[270,-109],[81,40]],[[77992,52825],[187,-294],[-10,-129],[87,-141],[-187,-176],[-67,80],[-68,-238],[108,-65],[153,42],[26,-135],[140,-149],[-24,-217]],[[79598,48127],[-266,-339],[80,-89],[-198,-209],[-96,-215],[89,-263],[-72,-626],[91,-16],[-26,-217]],[[74064,45734],[-34,233],[74,706],[-172,26],[-6,86]],[[73926,46785],[-29,497],[37,351],[70,422],[-126,46],[56,370],[306,-32],[31,270],[3,382],[35,127],[11,355],[-25,169],[160,-24],[84,711],[85,434],[133,-2],[-5,361],[-154,197],[-191,79],[-52,358],[-213,32],[41,441],[230,-33],[42,422],[111,-17],[36,369],[37,90],[-66,153],[394,-61],[28,269],[219,-34],[44,438],[-35,220],[223,-79],[99,159],[247,164],[65,108]],[[82212,48382],[-81,-634],[-81,-71],[22,-383],[49,-282],[-21,-143]],[[82100,46869],[-169,-267],[-117,-974],[64,-34]],[[83439,47821],[26,201],[224,-40],[28,200],[202,284],[-58,131]],[[83861,48597],[164,-101],[208,57],[145,142],[101,227],[283,66],[16,-432],[145,79]],[[84923,48635],[-27,-157],[157,-157],[44,-204]],[[85097,48117],[-59,17],[-124,-201],[118,-80],[-64,-108],[161,-46],[-176,-138],[118,-65],[-32,-276]],[[85039,47220],[-94,-146],[-140,94],[-98,-14]],[[84707,47154],[-33,173],[-98,-17],[-164,-116]],[[84412,47194],[-87,-16]],[[84325,47178],[-125,90],[-171,28],[-178,105],[18,137],[-225,90],[-205,193]],[[84325,47178],[-32,-265]],[[84293,46913],[-147,-117],[-22,-155]],[[84124,46641],[-461,-77],[-160,77],[-21,-181],[-136,27],[-148,223],[-104,-94]],[[83094,46616],[-72,166],[-127,78],[-257,51]],[[82638,46911],[10,339],[238,-22],[290,-139],[47,274],[-70,65],[56,411],[136,34],[94,-52]],[[82100,46869],[72,-111],[128,-76],[261,-34],[53,58],[24,205]],[[83094,46616],[266,-534],[124,-52],[230,-183],[-14,-129]],[[83700,45718],[-6,-80]],[[83694,45638],[-74,-256],[-64,10],[-24,-215],[-109,-44],[-9,-136]],[[84124,46641],[80,-127]],[[84204,46514],[-13,-170],[-67,-136]],[[84124,46208],[-56,-250],[-181,-109],[-78,-140],[-109,9]],[[82944,49732],[137,-65],[37,-101],[224,-223],[24,-244],[218,-76],[82,-221]],[[83666,48802],[53,-107],[142,-98]],[[84124,46208],[155,-146],[202,253],[116,57]],[[84597,46372],[312,-270],[43,-306],[80,-138],[137,-89]],[[85169,45569],[-96,32],[-618,-85],[-11,-115],[-482,62],[-27,110],[-241,65]],[[84608,44971],[18,174],[166,38],[141,115],[185,37],[143,121],[182,6]],[[85443,45462],[26,-196],[211,-565]],[[84770,44041],[-64,127],[-19,478]],[[84687,44646],[137,61],[-91,161],[-125,103]],[[85169,45569],[283,-31]],[[85452,45538],[15,-25]],[[85467,45513],[-24,-51]],[[84608,44971],[-107,-156],[-49,-238],[235,69]],[[84533,43938],[-222,35],[-15,80],[-320,258]],[[84420,43533],[50,80],[58,-94],[-56,-88],[-52,102]],[[77287,58403],[143,262],[4,126],[146,78],[166,0],[96,80],[-50,178],[76,124],[73,-50],[154,205],[44,129],[-57,168],[130,89],[185,-3],[168,46],[69,187],[113,122],[91,183],[87,-1]],[[78925,60326],[99,-112],[-7,-208],[162,-203],[37,-192],[367,122]],[[79583,59733],[81,-40],[-69,-345],[93,-106],[-22,-214],[96,-29],[24,-206],[-75,-99],[150,-295],[-132,-88],[59,-164],[211,146],[80,-68],[-22,-188],[205,-258]],[[80262,57779],[60,-174],[84,-102],[-3,-153],[-268,38],[-31,-157],[-151,-36],[-111,-333],[90,-66],[-29,-204],[-324,24],[-41,-32],[191,-462],[42,-361],[61,-281],[-103,16],[-31,-170],[19,-171],[-280,-418],[-155,70],[-188,-390],[30,-198],[-115,-83],[-98,87],[-190,-250],[-185,100],[-69,-236],[-84,-76],[-99,75],[61,152],[-94,231],[-54,251],[-132,130]],[[78065,54600],[-25,191],[119,192],[-4,169],[118,333],[18,292],[-34,374],[29,174],[-44,170],[52,136],[194,141],[-42,166],[-281,42],[14,164],[-355,44],[10,74],[-241,37],[-105,104],[25,241],[-198,38],[60,233],[51,469],[-139,19]],[[75989,60976],[110,-247],[243,-148],[128,54],[8,93],[226,42],[55,-203],[-191,-264],[97,-186],[288,240],[181,-29],[27,-282],[98,-83],[-44,-333],[98,-92],[-243,-407],[-21,-120],[104,-48],[0,-174],[49,-181],[-109,-105],[6,-131],[188,31]],[[78065,54600],[-73,32],[-168,-168],[-94,-290],[1,-224],[89,-205],[49,-251],[114,-13],[96,-358],[-87,-298]],[[75857,54497],[-71,170],[-141,132],[-65,129],[-204,6],[-179,-186],[-227,-60],[-123,-169],[-363,9],[-47,-67]],[[74437,54461],[-346,37],[4,99],[-102,101],[-408,26],[-45,124],[129,169],[-127,301],[-180,-57],[-56,-123],[-199,166],[-4,78],[-183,366],[-1,104],[254,115],[36,-119],[163,39],[129,106],[127,215],[74,363],[332,222],[158,23],[-31,379],[156,151],[-25,336],[-65,42],[1,485],[74,158],[107,79],[-51,252],[58,253]],[[74416,58951],[-57,410],[197,68],[293,314],[-6,94],[150,108],[113,339],[76,-98],[128,51],[205,314],[245,150],[47,88],[140,73],[42,114]],[[76260,58441],[9,-143],[102,25],[-23,210],[-88,-92]],[[81461,58932],[22,-59]],[[81483,58873],[-76,9]],[[81407,58882],[21,64]],[[81428,58946],[1,0]],[[81429,58946],[32,-14]],[[81328,58726],[63,-12]],[[81391,58714],[45,-87],[133,123]],[[81569,58750],[78,-108],[49,-177],[175,78],[134,-42]],[[82005,58501],[120,-89],[48,-117]],[[82173,58295],[-78,-85],[-45,-283],[-115,-172],[-338,-207]],[[81597,57548],[-103,29],[-133,-64]],[[81361,57513],[52,432],[-145,74],[44,159],[-164,73],[-50,-55]],[[81098,58196],[-44,151]],[[81054,58347],[225,44],[49,335]],[[81982,59381],[19,10]],[[82001,59391],[88,-160],[-129,-132]],[[81960,59099],[22,282]],[[81429,58946],[87,154],[85,-44]],[[81601,59056],[-43,-108]],[[81558,58948],[-97,-16]],[[81493,59168],[-50,-33]],[[81443,59135],[-112,-86]],[[81331,59049],[-115,185],[-184,28],[130,152]],[[81162,59414],[92,125],[155,-48],[84,-323]],[[81222,58785],[106,-59]],[[81054,58347],[-10,279],[130,51],[48,108]],[[81558,58948],[-29,-137]],[[81529,58811],[-46,62]],[[81361,57513],[-177,89],[-153,23],[-180,285],[9,119]],[[80860,58029],[93,109],[112,-64],[33,122]],[[81493,59168],[31,60]],[[81524,59228],[77,-172]],[[81428,58946],[-9,32]],[[81419,58978],[24,157]],[[81407,58882],[-16,17]],[[81391,58899],[-21,21]],[[81370,58920],[49,58]],[[81370,58920],[-11,7]],[[81359,58927],[-28,122]],[[81391,58899],[-17,-16]],[[81374,58883],[1,-109]],[[81375,58774],[16,-60]],[[81222,58785],[137,142]],[[81529,58811],[40,-61]],[[81375,58774],[24,64],[-25,45]],[[81838,59404],[144,-23]],[[81960,59099],[98,-337],[122,-188],[-47,-76],[-128,3]],[[81524,59228],[15,97],[176,-36],[123,115]],[[78925,60326],[143,146],[-6,367],[-119,124],[344,129],[192,48],[77,281],[199,189]],[[79755,61610],[70,163],[144,-110],[82,-218],[161,-135],[47,95],[-155,468],[10,203],[100,296],[155,131],[100,-68],[62,-234],[90,-78],[51,-277]],[[80672,61846],[6,-129],[-106,-98],[-67,-189],[-14,-392],[113,-210],[6,-105],[198,-35],[-38,-276],[349,45],[203,-32],[-2,-120],[260,-38],[-33,110],[88,117],[211,-125],[52,-178],[100,3]],[[81998,60194],[-34,-374],[-40,-143]],[[81924,59677],[-110,-70],[24,-203]],[[81162,59414],[-78,132],[-149,25],[-175,86],[-115,-109],[-87,162],[-119,11],[-76,120],[-68,-122],[-165,92],[18,120],[-231,94],[-207,-129],[-127,-163]],[[79993,62385],[43,296],[88,-175],[-8,-224],[-123,103]],[[80860,58029],[-68,55],[-230,-7],[-109,-69],[-16,-107],[-118,7],[-57,-129]],[[80672,61846],[101,-102],[165,-47],[321,-338],[213,-113],[103,-9],[-128,333],[15,289],[56,100],[247,-139],[50,-219],[95,-19],[-44,-199],[-5,-286],[231,-209],[-92,-557],[-2,-137]],[[81315,62047],[103,177],[76,-194],[-156,-167],[-23,184]],[[81924,59677],[-5,-100],[82,-186]],[[81597,57548],[67,-258],[95,-49],[54,-140],[45,-437],[124,-25],[71,-105],[-77,-269],[11,-253],[108,-26],[100,-142],[132,34],[95,-185]],[[82422,55693],[-42,-106],[11,-204],[-191,77],[-119,-10],[-15,-139],[200,-137],[-123,-213],[-267,75],[-164,14],[-149,-111],[36,-203],[-132,-459],[14,-293],[46,-161],[-27,-135],[-153,-97],[-94,-253],[-13,-126],[-90,-190],[19,-118],[-76,-130],[74,-176],[-6,-165],[77,-38]],[[81441,55838],[4,114],[-66,10],[5,-115],[57,-9]],[[83415,56840],[55,240],[166,-100],[34,-77],[453,101],[41,-297],[94,-127],[112,-25],[126,-177],[28,-149],[200,-695]],[[84724,55534],[-103,32],[-64,-187],[55,-223],[-70,-134]],[[84542,55022],[-245,-244],[-109,122],[-169,25],[-94,118],[-70,-55],[-254,64]],[[83601,55052],[32,218],[-156,235]],[[83477,55505],[-94,209],[27,496],[-82,45],[-54,197],[203,321],[-62,67]],[[83083,57229],[8,34]],[[83091,57263],[66,170]],[[83157,57433],[72,-184],[154,-148],[14,-124]],[[83397,56977],[-102,-62],[-212,314]],[[82829,57629],[175,-76]],[[83004,57553],[-43,-50]],[[82961,57503],[7,-45]],[[82968,57458],[-113,32]],[[82855,57490],[-26,139]],[[82968,57458],[6,-24]],[[82974,57434],[21,-33]],[[82995,57401],[-3,-125]],[[82992,57276],[-137,214]],[[83004,57553],[56,-64]],[[83060,57489],[-3,-62]],[[83057,57427],[-38,-21]],[[83019,57406],[5,40]],[[83024,57446],[-63,57]],[[82173,58295],[140,93],[203,-79],[37,-156],[170,-136],[80,-218],[26,-170]],[[82992,57276],[91,-47]],[[83397,56977],[18,-137]],[[83477,55505],[-138,-229],[-141,-99]],[[83198,55177],[-186,-38],[-80,222],[6,164],[-149,-23],[36,170],[-356,246],[-47,-225]],[[82832,57809],[-113,239],[-160,118],[-30,147],[-84,160],[54,184],[89,9],[89,-114],[124,-63],[167,48],[-21,-337],[132,-217],[29,-205],[-183,-123],[-93,154]],[[82974,57434],[50,12]],[[83019,57406],[-24,-5]],[[83091,57263],[-34,164]],[[83060,57489],[97,-56]],[[87680,45390],[33,-4]],[[87713,45386],[10,-60]],[[87723,45326],[-48,10]],[[87675,45336],[-28,12]],[[87647,45348],[-10,10]],[[87637,45358],[13,8]],[[87650,45366],[30,24]],[[87749,45212],[10,5]],[[87759,45217],[28,-57]],[[87787,45160],[-39,-55]],[[87748,45105],[-9,3]],[[87739,45108],[-75,33]],[[87664,45141],[34,4]],[[87698,45145],[51,67]],[[87703,45222],[-4,14]],[[87699,45236],[12,4]],[[87711,45240],[38,-28]],[[87698,45145],[5,77]],[[87713,45386],[16,-3]],[[87729,45383],[20,-122]],[[87749,45261],[-11,2]],[[87738,45263],[-15,63]],[[87672,45297],[3,39]],[[87738,45263],[-27,-23]],[[87699,45236],[-27,61]],[[87749,45261],[10,-44]],[[87917,44941],[6,14]],[[87923,44955],[63,5]],[[87837,45066],[86,-111]],[[87842,44981],[-30,59]],[[87812,45040],[25,26]],[[87811,45044],[1,-4]],[[87782,44917],[-26,55]],[[87756,44972],[55,72]],[[87756,44972],[-8,133]],[[87748,45105],[63,-61]],[[87787,45160],[50,-94]],[[87534,45673],[67,-36]],[[87601,45637],[35,-9]],[[87636,45628],[-15,-56]],[[87621,45572],[-90,8]],[[87531,45580],[-10,28]],[[87521,45608],[13,65]],[[87623,45666],[44,-12]],[[87667,45654],[6,-36]],[[87673,45618],[-37,10]],[[87601,45637],[22,29]],[[87619,45758],[12,-31]],[[87631,45727],[-8,-61]],[[87534,45673],[10,1]],[[87544,45674],[75,84]],[[87673,45618],[6,-49]],[[87679,45569],[-58,3]],[[87667,45723],[-36,4]],[[87619,45758],[48,-35]],[[87667,45723],[0,-69]],[[87252,45676],[117,-3]],[[87369,45673],[2,-97]],[[87371,45576],[-5,-158],[68,-126]],[[87434,45292],[46,-80]],[[87480,45212],[6,-314]],[[87486,44898],[-53,-141]],[[87239,44703],[-50,174],[118,528],[-76,96],[21,175]],[[87052,45830],[112,89]],[[87164,45919],[17,-176],[71,-67]],[[86807,44449],[39,86],[138,20],[-4,307],[81,113],[-60,286],[90,117],[-2,154],[-115,99]],[[86974,45631],[78,199]],[[87651,45066],[88,42]],[[87486,44898],[165,168]],[[87480,45212],[80,82]],[[87560,45294],[13,-50]],[[87573,45244],[41,-50]],[[87614,45194],[27,-30]],[[87641,45164],[10,-98]],[[87641,45164],[23,-23]],[[87532,45417],[40,35]],[[87572,45452],[6,-7]],[[87578,45445],[59,-87]],[[87647,45348],[-21,-5]],[[87626,45343],[-70,-30]],[[87556,45313],[-6,47]],[[87550,45360],[-18,57]],[[87550,45360],[-58,13]],[[87492,45373],[40,44]],[[87434,45597],[102,-92]],[[87536,45505],[-6,-22]],[[87530,45483],[42,-31]],[[87492,45373],[-58,-81]],[[87371,45576],[63,21]],[[87504,45652],[17,-44]],[[87531,45580],[7,-28]],[[87538,45552],[-2,-47]],[[87434,45597],[70,55]],[[87556,45313],[4,-19]],[[87504,45943],[106,16]],[[87610,45959],[1,-64]],[[87611,45895],[-97,-97]],[[87514,45798],[-43,-2]],[[87471,45796],[-23,103]],[[87448,45899],[-3,15]],[[87445,45914],[59,29]],[[87514,45798],[102,-26]],[[87616,45772],[-72,-98]],[[87504,45652],[-33,144]],[[87611,45895],[5,-123]],[[87701,45819],[-25,134],[51,-12],[-26,-122]],[[87294,46286],[18,36]],[[87312,46322],[99,4]],[[87423,46333],[214,-44],[73,-211],[-159,-64]],[[87551,46014],[-143,57]],[[87408,46071],[-33,178],[-81,37]],[[87431,45768],[40,28]],[[87369,45673],[62,95]],[[87268,46234],[26,52]],[[87408,46071],[-52,-49]],[[87356,46022],[0,2]],[[87356,46024],[-88,210]],[[87226,46194],[42,40]],[[87356,46024],[-109,-48]],[[87247,45976],[-72,10]],[[87175,45986],[-19,24]],[[87156,46010],[70,184]],[[87551,46014],[59,-55]],[[87504,45943],[-88,16]],[[87416,45959],[-60,63]],[[87445,45914],[-29,45]],[[87164,45919],[11,67]],[[87247,45976],[118,-175]],[[87365,45801],[66,-33]],[[87365,45801],[83,98]],[[87672,45297],[-24,-23]],[[87648,45274],[-7,6]],[[87641,45280],[-15,63]],[[87641,45280],[-68,-36]],[[87641,45164],[62,58]],[[87614,45194],[34,80]],[[87615,45505],[22,2]],[[87637,45507],[22,-60]],[[87659,45447],[-2,-3]],[[87657,45444],[-79,1]],[[87530,45483],[85,22]],[[87538,45552],[67,-11]],[[87605,45541],[10,-36]],[[87621,45572],[-16,-31]],[[87679,45569],[22,-60]],[[87701,45509],[-64,-2]],[[87701,45509],[-12,-70]],[[87689,45439],[-1,-1]],[[87688,45438],[-29,9]],[[87657,45444],[-7,-78]],[[87688,45438],[-8,-48]],[[87722,45482],[-15,8]],[[87707,45490],[2,110],[13,15],[0,-133]],[[87722,45482],[3,-54]],[[87725,45428],[-37,10]],[[87689,45439],[18,51]],[[87725,45428],[4,-45]],[[86717,46677],[-46,-27]],[[86671,46650],[-49,46]],[[86708,46731],[9,-54]],[[86773,46587],[-9,2]],[[86764,46589],[-30,75]],[[86734,46664],[28,8]],[[86717,46677],[17,-13]],[[86764,46589],[-35,-9]],[[86729,46580],[-60,15]],[[86669,46595],[2,55]],[[86715,46761],[12,-2]],[[86593,46582],[-18,9]],[[86575,46591],[2,101]],[[86669,46595],[-8,-63]],[[86661,46532],[-38,49]],[[86623,46581],[-30,1]],[[86757,46538],[-28,42]],[[86728,46491],[-64,33]],[[86664,46524],[-3,8]],[[85495,45834],[89,55],[17,124],[148,119],[22,127],[274,-60],[332,-141]],[[86377,46058],[-17,-169],[75,-70],[192,78]],[[86627,45897],[47,-4]],[[86674,45893],[-6,-72]],[[86668,45821],[-132,-117],[-13,-83],[-209,-138],[78,-119],[-135,-105],[-77,-177],[59,-138],[-67,-215],[-130,-71],[26,-126]],[[85467,45513],[58,86],[-30,235]],[[86092,48179],[121,-147]],[[86213,48032],[-1,-183],[-64,-83],[-43,-211],[151,-68]],[[86256,47487],[-11,-69]],[[86245,47418],[-139,-87]],[[86106,47331],[-249,25],[-98,-58],[-176,80],[-122,-96],[3,-130]],[[85464,47152],[-157,33],[-23,-81]],[[85284,47104],[-29,77],[-216,39]],[[85097,48117],[178,52],[37,147],[191,-12],[39,66],[174,-5],[45,-291],[98,-3],[65,102],[168,6]],[[86245,47418],[30,-154],[79,-97]],[[86384,46955],[-152,-29]],[[86232,46926],[-12,333],[-114,72]],[[85314,46766],[59,171],[-108,27],[19,140]],[[85464,47152],[231,-238],[42,-215]],[[85737,46699],[-121,-280],[-77,24],[-66,-475],[22,-134]],[[85452,45538],[-153,267],[6,175],[-60,428],[56,202]],[[85301,46610],[13,156]],[[86232,46926],[-27,-22]],[[86205,46904],[-115,-114]],[[86090,46790],[-231,-30],[-122,-61]],[[86090,46790],[47,-120]],[[86137,46670],[65,-163]],[[86202,46507],[-18,-83]],[[86184,46424],[61,-140],[129,-145]],[[86374,46139],[3,-81]],[[86171,46661],[84,-5]],[[86255,46656],[2,-42]],[[86257,46614],[-32,-24]],[[86225,46590],[-54,71]],[[86388,46651],[49,-48]],[[86437,46603],[-50,-95]],[[86387,46508],[-44,-29]],[[86343,46479],[-11,35]],[[86332,46514],[2,129]],[[86334,46643],[17,8]],[[86351,46651],[37,0]],[[86243,46531],[15,-31]],[[86258,46500],[11,-82]],[[86269,46418],[-85,6]],[[86202,46507],[41,24]],[[86257,46614],[26,-49]],[[86283,46565],[-4,-57]],[[86279,46508],[-21,-8]],[[86243,46531],[-18,59]],[[86283,46565],[51,78]],[[86332,46514],[-53,-6]],[[86205,46904],[162,-179]],[[86367,46725],[-32,-50]],[[86335,46675],[-80,-19]],[[86171,46661],[-34,9]],[[86367,46725],[92,71]],[[86477,46649],[-89,2]],[[86351,46651],[-16,24]],[[86343,46479],[-74,-61]],[[86387,46508],[15,-10]],[[86402,46498],[111,-126]],[[86513,46372],[48,-74]],[[86561,46298],[-25,-126],[-162,-33]],[[86488,46606],[-29,-38]],[[86459,46568],[-22,35]],[[86623,46581],[36,-86]],[[86659,46495],[-32,-62]],[[86627,46433],[-52,60]],[[86575,46493],[5,35]],[[86580,46528],[13,54]],[[86664,46524],[-5,-29]],[[86548,46630],[-29,-106]],[[86519,46524],[-74,-8]],[[86445,46516],[14,52]],[[86549,46629],[26,-38]],[[86580,46528],[-61,-4]],[[86445,46516],[-43,-18]],[[86519,46524],[-10,-80]],[[86509,46444],[0,-64]],[[86509,46380],[4,-8]],[[86627,46433],[-43,-49]],[[86584,46384],[-24,90]],[[86560,46474],[15,19]],[[86627,46433],[15,-25]],[[86642,46408],[-18,-120]],[[86624,46288],[-63,10]],[[86509,46380],[75,4]],[[86509,46444],[51,30]],[[86668,45821],[36,-153],[153,15],[117,-52]],[[87186,46311],[26,10]],[[87212,46321],[54,-85]],[[87266,46236],[-60,-9]],[[87206,46227],[-41,7]],[[87165,46234],[21,77]],[[87235,46366],[77,-44]],[[87268,46234],[-2,2]],[[87212,46321],[23,45]],[[87156,46325],[30,-14]],[[87165,46234],[-30,16]],[[87135,46250],[21,75]],[[87226,46194],[-20,33]],[[87130,46251],[5,-1]],[[87156,46010],[-19,8]],[[87137,46018],[-7,233]],[[86825,46369],[33,-2]],[[86858,46367],[79,-36]],[[86937,46331],[68,-22]],[[87005,46309],[-75,-57]],[[86930,46252],[-127,-10]],[[86803,46242],[-43,12]],[[86760,46254],[65,115]],[[86977,46433],[-1,-2]],[[86976,46431],[-12,-57]],[[86964,46374],[-20,25]],[[86944,46399],[-78,14]],[[86866,46413],[6,12]],[[86938,46449],[39,-16]],[[87005,46309],[7,23]],[[87012,46332],[52,-7]],[[87064,46325],[-9,-59]],[[87055,46266],[-80,-160],[-113,24]],[[86862,46130],[68,122]],[[86964,46374],[54,-31]],[[87018,46343],[-6,-11]],[[86937,46331],[7,68]],[[86760,46254],[-118,154]],[[86755,46459],[70,-90]],[[86866,46413],[-8,-46]],[[86976,46431],[75,-48]],[[87051,46383],[2,-7]],[[87053,46376],[-35,-33]],[[86862,46130],[-1,-5]],[[86861,46125],[-58,117]],[[87055,46266],[75,-15]],[[87137,46018],[-133,-54]],[[87004,45964],[-155,85]],[[86849,46049],[12,76]],[[86696,46046],[149,-52]],[[86845,45994],[-171,-101]],[[86627,45897],[69,149]],[[86624,46288],[106,-86],[-34,-156]],[[86849,46049],[-4,-55]],[[87004,45964],[48,-134]],[[87137,46392],[19,-67]],[[87064,46325],[33,12]],[[87097,46337],[40,55]],[[87235,46366],[-36,39]],[[87199,46405],[10,75]],[[87140,46429],[5,11]],[[87145,46440],[54,-35]],[[87137,46392],[3,37]],[[87105,46441],[35,-12]],[[87097,46337],[-44,39]],[[87051,46383],[54,58]],[[87145,46440],[-15,17]],[[87130,46457],[36,44]],[[87121,46567],[50,-34]],[[87130,46457],[-52,46]],[[87078,46503],[43,64]],[[87046,46466],[59,-25]],[[86977,46433],[69,33]],[[87047,46490],[-1,-24]],[[86999,46485],[48,5]],[[87121,46567],[-68,4]],[[87053,46571],[-22,47]],[[87041,46541],[18,11]],[[87059,46552],[19,-49]],[[87047,46490],[-6,51]],[[87059,46552],[-6,19]],[[87041,46541],[-32,7]],[[76446,68803],[92,-66],[-81,-157],[95,-97]],[[76552,68483],[-163,48],[4,198],[53,74]],[[75654,64036],[-468,89]],[[75186,64125],[34,238],[90,44],[79,214],[149,230],[12,194],[287,-101],[93,0],[224,189],[-137,358],[6,187],[231,113],[198,195]],[[76452,65986],[26,-218],[137,-178],[57,-139],[-79,-107],[27,-178],[72,-107],[203,-143],[84,73],[139,-173],[28,-99],[145,-28],[250,37]],[[77541,64726],[72,-89],[302,-30],[111,64]],[[78026,64671],[174,84],[89,-157]],[[78289,64598],[37,-123],[-67,-187],[-27,-318],[-83,-39],[-35,-236],[307,-77],[64,-67],[195,74],[66,120],[124,40],[90,184],[120,-19]],[[79080,63950],[42,-282],[-59,-200],[85,-124],[-12,-257],[125,-296],[-15,-132],[121,-450],[173,-289],[170,-53],[45,-257]],[[75989,60976],[-93,273],[97,210],[157,92],[123,329],[312,-48],[13,175],[-120,16],[-16,153],[37,407],[-100,-62],[-142,7]],[[76257,62528],[46,468],[70,-11],[33,331],[-134,23],[-221,107],[35,360],[-76,198],[-247,99],[-109,-67]],[[71697,62573],[17,237],[71,76],[280,-30],[22,288],[-202,22],[18,254],[-124,14],[52,869],[124,28],[425,-52],[-13,-151],[120,-271],[190,-50],[18,331],[356,-46],[-11,-78],[226,-80],[169,-19],[2,200],[150,306]],[[73587,64421],[59,-128],[218,-27],[277,-142],[121,-291],[211,63],[274,-117],[150,104],[164,36],[125,206]],[[75654,64036],[9,-227],[-35,-265],[-461,71],[-54,-536],[-82,13],[-31,-317],[11,-167],[189,-62],[175,-103],[118,-11],[277,-268],[51,-159],[88,50],[-10,127],[74,77],[209,-26],[19,304],[56,-9]],[[74416,58951],[-271,33],[-188,95],[9,79],[-302,57],[-15,-161],[-169,32],[65,245],[-67,155],[-141,117],[-20,306],[-167,172],[-122,230],[-188,17],[-71,189],[48,126],[-319,39],[59,778],[-89,-91],[-165,75],[-77,89],[-361,50],[28,285],[-151,26],[40,325],[7,301],[-92,53]],[[75231,69241],[98,-88],[122,12],[-40,230],[17,145],[199,-57],[35,-340],[165,-214],[136,-18],[56,90],[122,20],[65,-159],[240,-59]],[[76552,68483],[149,-236],[151,-36]],[[76852,68211],[-97,-378],[-206,-14],[-43,-445],[131,-127],[-37,-287],[75,-37],[95,-191],[161,-179]],[[76931,66553],[19,-4]],[[76950,66549],[-207,-204],[-126,58],[-298,47],[-36,-204],[169,-260]],[[73587,64421],[-66,219],[20,92],[174,196],[-29,160],[-139,64],[-80,339],[76,301],[-66,228],[27,96],[-30,213],[126,76],[108,130],[35,355],[78,40],[132,-125],[164,-8],[65,132],[218,157],[40,305],[108,147]],[[74548,67538],[-102,218],[23,174],[-36,293],[-43,103],[100,212],[153,-103],[163,-22],[53,652],[97,161],[143,49],[132,-34]],[[78465,65574],[96,2]],[[78561,65576],[25,-61]],[[78586,65515],[-4,-38]],[[78582,65477],[-90,-9]],[[78492,65468],[-27,106]],[[78545,65342],[12,33]],[[78557,65375],[-12,-121]],[[78545,65254],[-3,9]],[[78542,65263],[3,79]],[[78496,65662],[77,-99]],[[78573,65563],[-12,13]],[[78465,65574],[-78,65]],[[78387,65639],[42,-6]],[[78429,65633],[67,29]],[[76950,66549],[61,-193],[185,-91],[157,-504],[-97,-49]],[[77256,65712],[-166,31],[-96,-41],[-38,-179],[-138,-136],[41,-104],[128,-9],[49,-134],[142,-40],[-7,133],[107,106],[108,-18],[236,-239],[-17,-224],[-64,-132]],[[78487,65394],[70,-19]],[[78545,65342],[-35,6]],[[78510,65348],[-23,46]],[[78586,65515],[30,-24]],[[78616,65491],[-64,-71]],[[78552,65420],[30,57]],[[78492,65468],[-6,-70]],[[78486,65398],[-29,-31]],[[78457,65367],[-47,-1]],[[78410,65366],[-66,-12]],[[78344,65354],[-22,214],[65,71]],[[78552,65420],[-66,-22]],[[78457,65367],[0,-5]],[[78457,65362],[20,-65]],[[78477,65297],[65,-34]],[[78545,65254],[-7,-98]],[[78538,65156],[-126,-47],[-2,257]],[[77256,65712],[-38,-99],[344,-45],[92,24],[268,-38],[151,-156]],[[78073,65398],[-31,-339],[-109,-99],[93,-289]],[[78551,64921],[63,97],[152,-63],[4,-160],[89,-251],[-87,-6],[-25,-169],[226,-19],[-25,-121],[231,-103],[-99,-176]],[[78289,64598],[155,-13],[3,124],[104,212]],[[78398,65783],[31,-150]],[[78344,65354],[-271,44]],[[76931,66553],[171,238],[251,301],[57,-60]],[[77410,67032],[133,-424],[97,-43],[158,-337],[91,-88],[200,-41],[103,-276],[127,33],[79,-73]],[[78398,65783],[98,-121]],[[78573,65563],[43,-72]],[[78477,65297],[33,51]],[[78538,65156],[52,-73],[-39,-162]],[[78457,65362],[30,32]],[[78025,67963],[155,-25],[62,-113],[-175,-84],[-42,222]],[[77626,67859],[-120,26],[-112,-151]],[[77394,67734],[-66,322]],[[77328,68056],[108,-35],[190,-162]],[[77626,67859],[155,-190],[-6,-192],[187,-293],[-146,-26],[-70,77],[9,175],[-81,75],[-61,-186]],[[77613,67299],[-112,94],[42,172],[-149,169]],[[76852,68211],[123,114],[13,179],[224,-222],[14,-161],[102,-65]],[[77613,67299],[-107,-13],[-96,-254]],[[86844,48258],[39,175]],[[86883,48433],[219,-309],[-174,-111],[-45,-108]],[[86883,47905],[-66,134]],[[86817,48039],[27,219]],[[87083,48190],[-126,217],[1,208],[118,72],[55,-264],[108,-316],[-86,-53],[-70,136]],[[86741,47975],[-5,108]],[[86736,48083],[81,-44]],[[86883,47905],[-3,-7]],[[86880,47898],[-138,4]],[[86742,47902],[-1,73]],[[86597,48061],[25,43]],[[86622,48104],[71,-11]],[[86693,48093],[6,-111]],[[86699,47982],[-67,17]],[[86632,47999],[-35,62]],[[86516,48450],[1,16]],[[86517,48466],[64,13],[215,-90],[87,44]],[[86844,48258],[-167,-41]],[[86677,48217],[-100,52]],[[86577,48269],[-61,181]],[[86693,48093],[43,-10]],[[86741,47975],[-42,7]],[[86577,48269],[45,-165]],[[86597,48061],[-182,42]],[[86415,48103],[20,179],[81,168]],[[86693,48093],[-16,124]],[[84923,48635],[100,84],[-16,266],[-224,323],[116,89],[-3,382],[91,90]],[[84987,49869],[84,-96],[169,163],[66,-80],[121,51]],[[85427,49907],[156,6],[-5,-281],[36,-69],[256,-9]],[[85870,49554],[17,-179],[-65,-176],[73,-80]],[[85895,49119],[174,-115],[26,-78]],[[86095,48926],[-20,-159],[40,-123],[-55,-149],[86,-240],[-54,-76]],[[86095,48926],[299,-105]],[[86394,48821],[107,-154]],[[86501,48667],[16,-201]],[[86415,48103],[-27,-20]],[[86388,48083],[-175,-51]],[[86742,47902],[12,-77]],[[86754,47825],[-133,10]],[[86621,47835],[78,147]],[[86880,47898],[7,-122]],[[86887,47776],[-23,-32]],[[86864,47744],[-92,-15]],[[86772,47729],[-18,96]],[[86621,47835],[-61,49]],[[86560,47884],[72,115]],[[86476,47850],[84,34]],[[86772,47729],[-53,-10]],[[86719,47719],[-227,75],[-16,56]],[[86476,47850],[-88,233]],[[86955,47668],[36,-8]],[[86991,47660],[-2,-61]],[[86989,47599],[-34,69]],[[86991,47660],[9,-1]],[[87000,47659],[37,-9]],[[87037,47650],[-48,-51]],[[87005,47707],[37,6]],[[87042,47713],[-5,-63]],[[87000,47659],[5,48]],[[86955,47668],[-38,12]],[[86917,47680],[-55,30]],[[86862,47710],[2,34]],[[86887,47776],[63,-17]],[[86950,47759],[55,-52]],[[87589,48097],[44,123],[172,42],[-96,-418],[-15,-297],[-112,213],[7,337]],[[86950,47759],[92,-46]],[[86706,47351],[53,11]],[[86747,47261],[-69,55]],[[86678,47316],[28,35]],[[86504,47491],[187,80]],[[86691,47571],[-8,-49]],[[86683,47522],[29,-62]],[[86712,47460],[-7,-95]],[[86705,47365],[-94,12]],[[86611,47377],[-107,114]],[[86719,47719],[21,-56]],[[86740,47663],[-1,-47]],[[86739,47616],[-43,-47]],[[86696,47569],[-5,2]],[[86504,47491],[-248,-4]],[[86705,47365],[1,-14]],[[86678,47316],[-48,8]],[[86630,47324],[-19,53]],[[86574,47171],[56,153]],[[86826,47627],[134,-51]],[[86960,47576],[-27,-49]],[[86824,47509],[-39,49]],[[86785,47558],[41,69]],[[86772,47729],[25,-58]],[[86797,47671],[-57,-8]],[[86797,47671],[29,-44]],[[86785,47558],[-9,8]],[[86776,47566],[-37,50]],[[86917,47680],[43,-104]],[[86826,47627],[36,83]],[[86683,47522],[75,-39]],[[86758,47483],[-46,-23]],[[86696,47569],[80,-3]],[[86820,47497],[-62,-14]],[[62964,84784],[-99,78],[-154,22],[-55,160],[-227,287],[-75,-12],[-197,208],[-71,138]],[[62086,85665],[11,128],[-57,172],[-214,339],[-15,222],[49,271],[30,330],[102,438],[85,124],[87,281],[113,189],[21,181]],[[62298,88340],[133,-136],[-2,-203],[132,0],[61,145],[-211,895],[223,164],[141,562],[209,-319],[217,344],[128,-71],[-187,-1086],[71,-434],[-151,-817],[-182,-411],[-50,-66],[-27,-253],[145,-519],[-31,-563],[7,-458],[59,-4],[-19,-326]],[[62457,89593],[88,381],[72,-28]],[[62617,89946],[-160,-353]],[[69509,79676],[-98,-170],[-33,-173],[-189,31],[-74,-105],[-168,296],[-139,-9],[-17,-169],[-135,6],[-99,67],[-145,-30],[-32,-135],[-107,70],[-77,-54],[-153,187],[-93,-151],[-106,-12],[-65,174],[-101,57],[-119,231],[-10,98],[-163,6],[-197,112],[-76,-81],[-99,57],[-131,-109],[-180,1],[-142,100],[-61,128],[-283,-32],[-139,118],[-209,-27],[-255,-152],[-83,32],[-307,-48],[-48,61],[-208,44],[-109,-28],[-221,35],[-133,-14]],[[64505,80088],[-134,85],[-58,96],[18,182],[142,168],[19,425],[141,-12],[21,411],[220,-23],[26,416],[122,-13],[26,411],[-644,77],[-31,-424],[-888,108],[-318,677]],[[63167,82672],[71,262],[34,569],[-57,241],[-173,328],[-90,609],[12,103]],[[62298,88340],[-135,235],[-34,377],[-66,96],[98,235],[232,170],[64,140]],[[62617,89946],[45,66]],[[62662,90012],[65,73],[8,111]],[[62735,90196],[-154,1],[-146,190],[-99,50],[-49,-123],[-135,-61],[-71,53],[209,685],[33,184],[62,121],[192,558],[65,137],[78,-2],[99,-250],[55,83],[118,10],[-88,171],[-65,19],[18,258],[60,314],[53,68],[107,577],[99,319],[62,388],[-1,255]],[[63237,94201],[535,79],[-15,446],[78,130]],[[63835,94856],[746,0]],[[64581,94856],[87,-220],[27,-230],[-33,-201],[184,-470],[-78,-147],[7,-365],[52,-219],[-7,-610],[247,-248],[151,-7],[143,105],[172,-272],[-200,-485],[8,-179],[-42,-325],[251,-56],[159,-129],[18,-332],[57,-105],[114,-55],[180,-169],[-174,-528],[-14,-248],[103,3],[110,112],[54,-44],[151,55],[-99,-311],[37,-163],[-27,-336],[39,-136],[-8,-253],[46,-267],[92,-69],[36,-199],[-78,-415],[-65,-485],[36,-150],[95,-161],[98,-358],[90,-86],[52,-335],[-8,-168],[100,-429],[132,-290],[120,-123],[191,-62],[241,86],[177,178],[114,192],[1,225],[107,-8],[150,-128],[250,131],[144,287],[60,-16],[157,-263],[-34,-139],[19,-160],[111,-50],[-46,-265],[141,-236],[197,19],[14,-136],[124,-62],[155,-1],[72,-150],[21,-204],[108,-45],[42,-122],[147,-26],[96,-91],[206,-2],[-16,-144],[126,-205],[144,-86],[-126,-171],[-118,-290],[9,-154],[69,-182],[181,-15],[-153,-175],[10,-151],[-105,-181],[68,-100],[-3,-184],[104,-86],[0,-254],[95,-193],[-20,-247],[54,-102],[-31,-239]],[[63544,75981],[198,-32],[133,-288],[161,-160],[396,62],[250,-33],[388,185],[103,135],[195,-80],[208,35],[108,116],[188,-119],[86,9],[307,-305],[349,80],[322,-122],[310,-31],[-12,-219],[372,-576],[347,-40],[87,64],[114,-114],[131,-204],[103,51],[217,-26],[282,-374],[39,-118]],[[68902,73579],[-117,14],[-77,-909],[244,-35],[-48,-186],[144,-195],[-136,-141],[97,-154],[-180,-188],[-20,-175],[165,-442],[-51,-95],[-329,-398],[-16,-180],[-253,26],[-14,-223],[-252,68],[-15,-225],[-92,12],[-37,-221]],[[67915,69932],[-127,-132],[-189,154],[-184,-14],[-109,-148],[-330,-45],[-296,150],[-81,-34],[-127,108],[-62,153],[-119,103],[-56,-129],[-142,-145],[-108,-31],[-313,-329],[-1406,158],[-18,258],[27,418],[-448,42],[-51,-34]],[[63776,70435],[58,807],[-119,-71],[-237,32],[-167,-18],[37,494],[-108,-62],[-401,44],[-23,-323],[-345,33],[-22,-331],[-141,94],[-176,49],[46,511],[69,-8],[51,745],[-710,93],[13,163],[-119,15],[-66,334],[35,229],[-168,281],[-91,339],[-94,71],[14,219],[103,-17],[18,302],[177,-91],[246,-30],[-5,356],[158,-13],[5,83],[-355,34],[27,471],[251,-36],[12,202],[-130,9],[61,194],[33,483],[327,-43],[8,111],[330,-37],[-7,-106],[241,-38],[-111,175],[243,266],[248,-408],[99,107],[261,-383],[192,215]],[[63167,82672],[-148,-548],[-122,67],[-61,-122],[119,-162],[-49,-336],[-723,81],[-99,60],[-234,62]],[[61850,81774],[199,699],[2,145],[106,138],[6,153],[82,290],[-167,441],[-50,340],[-29,429],[-61,307],[54,312],[104,353],[-10,284]],[[63845,95451],[13,44],[25,149]],[[63883,95644],[172,-4],[9,-110],[-172,-429],[-57,-245]],[[63237,94201],[69,297],[-60,463]],[[63246,94961],[81,-120],[136,163],[-28,73]],[[63435,95077],[139,14],[162,113],[109,247]],[[64119,95308],[65,237],[-17,122]],[[64167,95667],[111,-82],[-159,-277]],[[63544,75981],[-100,139],[-99,35],[358,425],[132,-201],[261,523],[-218,256],[188,335],[84,1204],[107,1067],[89,170],[133,-119],[94,178],[-68,95]],[[63883,95644],[284,23]],[[64119,95308],[-36,-193],[159,120],[43,-191],[127,-31],[28,-78],[141,-79]],[[63246,94961],[58,87],[131,29]],[[63391,96032],[167,-302],[-207,-212],[-123,136],[-22,176],[185,202]],[[63498,96035],[134,40],[41,-98],[-128,-85],[-47,143]],[[64459,99571],[116,28],[-2,-154],[-183,-25],[-130,61],[102,123],[97,-33]],[[63254,99883],[192,116],[60,-177],[-252,61]],[[63647,97128],[-88,-119],[-130,86],[-61,104],[56,155],[128,66],[116,-52],[36,-142],[-57,-98]],[[63224,97325],[-74,104],[75,121],[136,35],[10,-267],[-147,7]],[[62662,90012],[73,184]],[[63776,70435],[-447,49],[-18,-209],[-271,36],[4,61],[-285,33],[7,113],[-211,8],[-125,186],[-131,-152],[-110,146],[-68,-70],[-430,51],[15,205],[-699,128],[23,148],[-401,37]],[[60629,71205],[-32,54],[-193,-205],[-230,351],[-90,-93],[-78,122],[-257,24],[-11,-155],[-449,41],[7,123],[-665,63],[-124,-92],[-17,-269],[79,-211],[99,-164],[-23,-153],[77,-132],[-23,-101],[94,-336],[-16,-122],[-388,38],[-3,-89],[-234,18],[16,344],[-586,64],[3,425],[55,-5],[21,369],[-749,79],[-24,-377],[-536,125],[8,130],[-712,-26],[-37,-504],[-201,341],[-403,-402],[-140,217],[-44,246],[-530,54]],[[54293,70997],[0,1719],[0,1271],[-1,1648]],[[54292,75635],[-1,1394],[-1,1725]],[[54290,78754],[265,-319],[170,-141],[259,-136],[123,0],[122,-99],[243,-13],[187,40],[102,-82],[488,-255],[219,-24],[84,-59],[89,-229],[169,-113],[-36,-125],[30,-264],[114,-343],[86,-132],[204,-137],[164,0],[248,-187],[257,-286],[146,-31],[75,-81],[122,-7],[248,-132],[129,-236],[239,-51],[617,124],[151,111],[148,31],[247,163],[172,189],[255,149],[113,213],[72,446],[71,212],[24,197],[-21,147],[57,205],[198,290],[33,185],[74,45],[152,205],[80,187],[25,198],[89,132],[67,241],[-38,99],[122,452],[6,117],[163,363],[-63,558],[50,219],[18,324],[98,564],[34,96]],[[56890,78394],[-75,152],[103,105],[72,199],[148,127],[338,45],[185,160],[120,-39],[200,-216],[-225,-223],[-39,158],[-212,-88],[-60,-390],[-126,82],[-173,-270],[-182,-7],[-74,205]],[[57518,77068],[-157,105],[161,180],[123,-32],[18,-199],[-145,-54]],[[57522,66677],[163,-148],[-137,-65],[-26,213]],[[54296,65220],[-1,1170],[0,1649],[-1,1595],[-1,1363]],[[60629,71205],[163,-368],[-55,-57],[65,-370],[62,-81],[22,-168],[-54,-182],[-148,-73],[-9,-168],[-418,32],[-22,-110],[178,-122],[-7,-147],[147,-13],[-24,-478],[-198,-277],[177,-289],[75,35],[210,-327],[-190,-200],[369,-65],[-45,-155],[-89,-55],[-9,-124],[57,-331],[93,-136],[-11,-160],[-241,41],[-31,-304],[-120,-240],[-142,-161],[91,-342],[-18,-313],[-70,-37],[-52,-315],[160,-14],[-14,-285],[-43,-105],[-105,13],[-16,-189],[94,-21],[108,-290],[127,-219],[-67,-280],[4,-218],[-126,-106],[-22,-362],[125,-11],[-65,-319],[213,-15],[28,463],[150,-102],[534,-31]],[[61470,63054],[-54,-143],[21,-213],[-207,20],[-34,-565],[-558,42],[7,155],[-185,57],[-235,-463],[-59,-40],[-150,233],[-41,133],[-190,214],[-254,-285],[-95,-165],[-7,-243],[-235,21],[-2,81],[-469,35],[46,210],[-384,34],[-94,209],[-182,24],[-16,-192],[-265,24],[-11,-204],[-287,26],[5,115],[-224,24],[228,260],[-383,460],[76,81],[-184,251],[119,424],[-195,272],[9,379],[297,314],[7,354],[343,-10],[38,713],[0,377],[-342,23],[3,-217],[-580,22],[-190,278],[-644,-753],[-128,-69],[-335,-488],[-86,6],[-273,396],[120,138],[-225,315],[-298,66],[-40,-597],[-352,27]],[[67915,69932],[151,-26],[153,-83],[-65,-941],[76,-122],[132,67],[145,1],[235,-219],[-7,-87],[242,-24],[-8,-181],[148,-222],[-43,-166],[0,-204],[191,-117],[2,-190],[199,-165],[11,-103],[197,-283],[199,-18],[-55,-978],[137,-13],[-13,-573],[76,-7],[-28,-299],[102,-432],[147,-81],[231,-22],[-26,-305],[188,-25],[-15,-242]],[[70617,63872],[-7,-127],[-205,28],[-36,-448],[-338,51],[-16,102],[-192,25],[-29,-331],[-168,22],[15,-149],[-273,36],[-28,-375],[-308,40],[-10,-154],[-95,11],[-28,-340],[-48,23],[-470,52]],[[68381,62338],[3,60],[-225,24],[42,277],[-322,40],[-11,147],[-180,23],[12,220],[-319,55],[13,187],[-896,96],[40,454],[-692,86],[64,842],[-371,39],[-509,-538],[-197,-149],[-102,150],[-263,-275],[54,-79],[-483,50],[-10,-135],[-343,23],[5,85],[-231,32],[8,132],[-347,29],[-12,-449],[-38,-351],[-668,71],[-4,-45],[-343,40],[7,108],[-164,16],[-53,-571],[-376,22]],[[66461,61312],[-39,158],[222,196],[292,297],[23,325],[380,-44],[318,-16],[-14,-213],[312,-28],[116,-122],[310,473]],[[70617,63872],[316,-29],[-61,-114],[-21,-543],[59,-110],[-15,-317],[235,-74],[567,-112]],[[74437,54461],[-30,-157],[-97,-106],[-388,-30],[75,-211],[-186,-18],[-14,-226],[-120,15],[-15,-180],[-128,-32],[-77,-169],[-229,-200],[43,464],[-396,40],[-21,-390],[-121,-77],[-312,47],[8,81],[-332,48],[-50,-650],[-45,-262],[-514,68],[72,-205],[2,-191],[-106,-38],[-377,65],[7,221],[-154,20],[-204,-424],[-198,25],[33,360],[66,55],[25,273],[-190,17]],[[70464,52694],[-294,167],[-119,-18],[26,272],[-500,74],[19,167],[-416,52],[217,212],[33,356],[-54,90],[-133,-19],[-116,156],[34,190],[-140,18],[17,211],[-228,28],[39,431],[-68,97]],[[68781,55178],[-64,47],[98,1230],[191,-30],[31,444],[173,176],[-190,24],[-17,180],[82,696],[-108,17],[42,500],[161,-14],[-17,226],[20,241],[84,42],[35,379],[-71,11],[25,291],[-113,17],[26,296],[-830,112],[-17,135],[103,283],[109,123],[40,270],[-194,88],[-57,101],[-499,70],[-617,63],[-116,91],[-37,148],[-242,-196],[-314,94],[-37,-21]],[[73926,46785],[-33,-21],[-878,154],[64,446],[-183,25],[43,394],[-329,54],[18,203],[-521,66],[18,206],[-487,45],[-427,58],[-25,-249],[-354,50],[-71,-90],[-746,102],[11,463],[30,376],[102,-11],[15,150],[-93,195],[118,76],[42,421],[-106,16],[44,452],[-102,6],[36,430],[120,-17],[40,412],[85,-13],[-10,189],[117,1321]],[[54297,63084],[-1,2136]],[[66461,61312],[38,-55],[-329,-332],[-172,5],[-6,-170],[-210,16],[-101,-221],[-22,-264],[-293,-312],[-221,23],[-58,-428],[195,-297],[-267,-278],[-205,-37],[-35,-422],[-58,-420],[169,-34],[-19,-155],[156,-17],[-34,-463],[292,-33],[-63,-744],[138,-11],[-8,-378],[391,-39],[144,162],[63,308],[180,-31],[8,85],[376,-49],[-14,-167],[247,-31],[-28,-320],[-62,-159],[-19,-260],[164,-16],[-27,-293],[-80,112],[-400,-389],[153,-262],[-77,-16],[-296,-325],[-12,-65],[280,-402],[114,166],[117,-184],[339,441],[133,85],[135,18],[445,-672],[70,69],[154,-233],[-124,-141],[62,-262]],[[67784,53415],[-145,-298],[24,-105],[-102,-142],[-16,-164],[-95,-170],[-151,-73],[-170,259],[-257,24],[-80,247],[-70,114],[-306,231],[-257,-258],[-71,7],[-52,-657],[66,-167],[-515,79],[-26,-327],[-465,57],[-26,-305],[-187,25],[37,421],[-376,48],[23,93],[-365,39],[-120,-106],[-160,-236],[-521,-254],[-60,-126],[-65,-687],[39,-302],[-223,-539],[-363,43],[-201,47],[-172,-1],[-31,-105],[76,-403],[160,-310],[27,-336],[-524,75],[-87,132],[-319,41],[-384,-2],[-10,-119],[-175,22],[-23,-229],[-268,39]],[[60798,49037],[0,2225],[-1219,-1],[-1393,0],[-1741,0],[-1304,0],[-841,-1]],[[54300,51260],[0,1310],[0,2068],[-1,1309],[0,1490]],[[54299,57437],[-1,2057],[0,1225],[-1,1318],[0,1047]],[[67784,53415],[62,134],[277,279],[38,-55],[136,291],[44,-133],[315,321],[53,887],[72,39]],[[60798,42534],[0,2119],[1,1785],[0,1606],[-1,993]],[[86893,49353],[103,-57]],[[86996,49296],[3,-7]],[[86999,49289],[-186,-63]],[[86813,49226],[-19,51]],[[86794,49277],[-7,16]],[[86787,49293],[106,60]],[[86999,49289],[17,-28]],[[87016,49261],[-42,-83]],[[86974,49178],[-83,-59]],[[86891,49119],[-65,-24]],[[86826,49095],[-13,131]],[[87016,49261],[22,-34]],[[87038,49227],[-2,-50]],[[87036,49177],[-62,1]],[[87036,49177],[-8,-47]],[[87028,49130],[-12,-11]],[[87016,49119],[-125,0]],[[87032,49050],[54,-22]],[[87086,49028],[3,-38]],[[87089,48990],[-33,-20]],[[87056,48970],[-3,-21]],[[87053,48949],[-21,101]],[[87076,49277],[7,-87]],[[87083,49190],[-45,37]],[[87038,49227],[38,50]],[[87056,48970],[60,-45]],[[87116,48925],[-56,-18]],[[87060,48907],[-18,18]],[[87042,48925],[11,24]],[[87041,48924],[1,1]],[[87060,48907],[-33,-108]],[[87027,48799],[-37,-26]],[[86990,48773],[51,151]],[[87089,48990],[27,-65]],[[87083,49190],[1,-108]],[[87084,49082],[-48,46]],[[87036,49128],[-8,2]],[[87084,49082],[2,-54]],[[87032,49050],[4,78]],[[86884,49004],[157,-80]],[[86990,48773],[-140,8]],[[86850,48781],[34,223]],[[86884,49004],[132,115]],[[86963,49767],[3,43]],[[86966,49810],[31,-8]],[[86997,49802],[5,-226]],[[87002,49576],[-56,5]],[[86946,49581],[17,186]],[[86932,49572],[14,9]],[[87002,49576],[3,-195]],[[87005,49381],[-87,12]],[[86918,49393],[-15,11]],[[86903,49404],[29,168]],[[87005,49381],[14,-57]],[[87019,49324],[-23,-28]],[[86893,49353],[25,40]],[[87019,49324],[57,-47]],[[86962,50146],[78,-45]],[[87040,50101],[-66,-80]],[[86974,50021],[-25,94]],[[86949,50115],[13,31]],[[86884,50104],[65,11]],[[86974,50021],[8,-36]],[[86982,49985],[-20,-63]],[[86962,49922],[-112,100]],[[86850,50022],[34,82]],[[87040,50101],[-24,-141]],[[87016,49960],[-34,25]],[[86850,50022],[-65,12],[-14,121],[113,-51]],[[87016,49960],[-19,-158]],[[86966,49810],[-26,45]],[[86940,49855],[22,67]],[[86918,49843],[22,12]],[[86963,49767],[-45,76]],[[86609,48900],[241,-119]],[[87027,48799],[-1,-125],[-104,-18]],[[86922,48656],[-230,74],[-191,-63]],[[86394,48821],[215,79]],[[86454,49282],[117,-114],[8,-98]],[[86579,49070],[30,-170]],[[85895,49119],[134,123],[37,218],[164,-96],[32,-81],[192,-1]],[[86922,48656],[-39,-223]],[[86579,49070],[247,25]],[[86333,49887],[54,-84],[143,85]],[[86530,49888],[21,-129],[90,-46],[10,-165]],[[86651,49548],[-60,-196]],[[86591,49352],[-137,-70]],[[85870,49554],[184,-38],[279,371]],[[86591,49352],[203,-75]],[[86725,49520],[27,83],[180,-31]],[[86903,49404],[-165,49]],[[86738,49453],[-13,67]],[[86787,49293],[-49,160]],[[86725,49520],[-74,28]],[[86530,49888],[143,93],[72,-79],[173,-59]],[[86633,50677],[100,176],[265,-52]],[[86998,50801],[-75,-460],[39,-195]],[[86333,49887],[10,182],[-47,177],[55,61],[121,367],[161,3]],[[84372,46558],[52,-10]],[[84424,46548],[76,-16]],[[84500,46532],[97,-160]],[[84204,46514],[168,44]],[[84492,46649],[28,-30]],[[84520,46619],[-8,-70]],[[84512,46549],[-12,-17]],[[84424,46548],[68,101]],[[84440,46704],[59,-9]],[[84499,46695],[-7,-46]],[[84372,46558],[68,146]],[[85301,46610],[-123,8],[7,171],[129,-23]],[[84412,47194],[20,-288]],[[84432,46906],[-1,0]],[[84431,46906],[-138,7]],[[84707,47154],[-41,-114],[-114,-72],[-11,-105]],[[84541,46863],[-60,13]],[[84481,46876],[-49,30]],[[84512,46549],[92,54]],[[84604,46603],[12,54]],[[84616,46657],[-63,148]],[[84553,46805],[-12,58]],[[84520,46619],[38,-7]],[[84558,46612],[46,-9]],[[84502,46771],[3,-26]],[[84505,46745],[-6,-50]],[[84440,46704],[5,36]],[[84445,46740],[57,31]],[[84553,46805],[-17,-66]],[[84536,46739],[-31,6]],[[84502,46771],[-21,105]],[[84547,46687],[69,-30]],[[84558,46612],[-11,75]],[[84536,46739],[11,-52]],[[84431,46906],[14,-166]],[[74662,69975],[40,109],[91,-94],[-96,-122],[-35,107]],[[74053,70403],[142,-2],[134,-60],[124,72],[231,-53],[113,115],[62,-245],[119,-164],[85,-353],[70,-96],[-67,-126],[165,-250]],[[74548,67538],[-283,39],[-91,215],[-119,134],[-69,184],[-247,225],[-38,104],[-155,149],[97,174],[-30,227],[31,333]],[[73644,69322],[122,62],[60,127],[126,47],[96,233],[-42,78],[-166,48],[48,433],[147,-41],[18,94]],[[72152,68475],[93,122],[41,-90],[-66,-126],[-68,94]],[[71061,73189],[115,-140],[92,-194],[-37,-144],[-55,-543],[160,-209],[309,-29],[225,-137],[121,-7]],[[71991,71786],[-43,-68],[60,-157],[138,-1],[147,-207],[39,-115],[106,11],[113,-522],[73,-56],[23,-159],[127,-61],[84,-118]],[[72858,70333],[34,-229],[-86,-108],[26,-177],[-34,-216],[656,-101],[16,-100],[174,-80]],[[71891,72626],[116,71],[57,-117],[-103,-66],[-70,112]],[[72127,73082],[181,-94],[68,-94],[-16,-168],[-77,-271],[-58,-346],[7,-129],[98,-174]],[[72330,71806],[-127,-63],[-212,43]],[[72885,72281],[-4,116],[83,61],[59,-135],[-138,-42]],[[73314,70757],[-4,-54]],[[73310,70703],[-33,1]],[[73277,70704],[3,44]],[[73280,70748],[34,9]],[[73351,70725],[15,-13]],[[73366,70712],[24,-36]],[[73390,70676],[-23,-102]],[[73367,70574],[-90,130]],[[73310,70703],[41,22]],[[73249,70880],[-74,113]],[[73175,70993],[-27,45]],[[73148,71038],[140,25],[70,-168]],[[73358,70895],[-22,-38]],[[73336,70857],[-87,23]],[[72975,70794],[155,63]],[[73130,70857],[27,-20]],[[73157,70837],[11,-86]],[[73168,70751],[-18,-80]],[[73150,70671],[-120,-88]],[[73030,70583],[-112,-103]],[[72918,70480],[-25,4]],[[72893,70484],[9,131],[73,179]],[[73150,70671],[57,5]],[[73207,70676],[25,11]],[[73232,70687],[0,-3]],[[73232,70684],[-16,-148]],[[73216,70536],[-71,-80],[-115,127]],[[73277,70704],[-45,-20]],[[73232,70687],[12,26]],[[73244,70713],[36,35]],[[73367,70574],[39,-75]],[[73406,70499],[-36,-104],[-146,12]],[[73224,70407],[-8,129]],[[73336,70857],[42,-44]],[[73378,70813],[-2,-7]],[[73376,70806],[-5,1]],[[73371,70807],[-36,5]],[[73335,70812],[-62,-29]],[[73273,70783],[-13,-10]],[[73260,70773],[-11,107]],[[73335,70812],[-12,-53]],[[73323,70759],[-9,-2]],[[73280,70748],[-7,35]],[[73248,70764],[12,9]],[[73244,70713],[4,51]],[[73376,70806],[17,-33]],[[73393,70773],[-27,-61]],[[73351,70725],[2,28]],[[73353,70753],[18,54]],[[73353,70753],[-30,6]],[[73224,70407],[-34,-189],[34,-136],[-235,34],[28,314],[-99,50]],[[73232,70764],[16,0]],[[73207,70676],[25,88]],[[73168,70751],[64,13]],[[73330,71243],[155,12],[-44,-185],[-111,173]],[[73157,70837],[18,156]],[[72330,71806],[177,-230],[70,-138],[224,-178],[48,-77],[188,-97]],[[73037,71086],[-44,-148]],[[72993,70938],[-18,-144]],[[72893,70484],[-35,-151]],[[73393,70773],[23,-19]],[[73416,70754],[-26,-78]],[[73426,70871],[13,-56]],[[73439,70815],[-23,-61]],[[73378,70813],[48,58]],[[73586,70712],[160,62],[65,166],[113,-81],[-26,-129],[155,-327]],[[73406,70499],[173,109],[7,104]],[[73358,70895],[68,-24]],[[73439,70815],[147,-103]],[[73130,70857],[-137,81]],[[73037,71086],[111,-48]],[[85421,54551],[78,16]],[[85499,54567],[-33,-73]],[[85466,54494],[-55,24]],[[85411,54518],[10,33]],[[85678,54360],[-75,87],[-162,-43]],[[85441,54404],[25,90]],[[85499,54567],[-74,92]],[[85425,54659],[-21,49]],[[85404,54708],[48,41]],[[85452,54749],[159,-17],[60,-162],[7,-210]],[[85255,54495],[68,-5]],[[85323,54490],[27,-58]],[[85350,54432],[9,-25]],[[85359,54407],[-181,-75]],[[85178,54332],[77,163]],[[85337,54552],[58,9]],[[85395,54561],[26,-10]],[[85411,54518],[-31,-11]],[[85380,54507],[-41,8]],[[85339,54515],[-2,37]],[[85395,54561],[30,98]],[[85337,54552],[-72,-18]],[[85265,54534],[-37,102],[62,112],[114,-40]],[[84724,55534],[235,-305],[313,-270],[209,-65],[-29,-145]],[[85265,54534],[-10,-39]],[[85178,54332],[-148,2],[-192,-88]],[[84838,54246],[-104,149],[-81,24],[-119,202],[-38,169],[46,232]],[[85678,54360],[11,-146],[149,-352],[157,-145],[-119,-44],[-65,-110]],[[85811,53563],[-211,-69],[-96,-308],[-172,-195]],[[85332,52991],[-115,-87]],[[85217,52904],[-161,107],[-70,170],[-197,46],[-138,134]],[[84651,53361],[-2,165],[-63,233],[29,162],[134,122],[109,29],[-20,174]],[[85359,54407],[82,-3]],[[85339,54515],[-16,-25]],[[85380,54507],[-30,-75]],[[84329,53265],[113,-137],[68,170],[141,63]],[[85217,52904],[-9,-263],[-118,26],[-225,-248],[-40,-99],[-112,37],[-127,-277],[33,-163]],[[84619,51917],[-150,-281],[-59,-5],[-83,185],[-113,123],[-105,-106],[38,-345],[-58,-54]],[[84089,51434],[-197,117],[-73,104],[-241,13],[-44,-298],[-61,-129],[-246,-7],[-101,-174],[-430,67],[-67,-157]],[[81730,52178],[212,-74],[215,46],[100,-48],[58,213],[33,334],[373,101],[294,-15],[-35,115],[177,46],[-31,248],[67,121],[135,14],[158,-188],[149,-63],[0,299],[224,57],[231,-11],[239,-108]],[[83440,54811],[146,100],[15,141]],[[84329,53265],[131,430],[-49,52],[-161,-120],[-90,76],[-5,120],[-88,120],[-202,-122],[-227,58],[41,123],[-72,315],[80,23],[19,157],[-66,147],[-205,-39],[-54,92],[59,114]],[[84211,49655],[109,213],[64,-136],[-42,-151],[-131,74]],[[84089,51434],[133,-55],[-17,-145],[287,-42],[61,-136],[-24,-179],[106,-256],[122,-76],[37,-122],[-61,-200],[-83,-63]],[[84650,50160],[-35,-166],[-160,29]],[[84455,50023],[-66,92],[-372,49],[-104,-58],[-356,53],[-172,-168],[-85,157],[-127,-144],[-235,-78],[-26,-155]],[[84455,50023],[-4,-172],[103,-87],[88,28],[-51,-371],[-249,-41],[-59,-205],[-199,37],[-149,-224],[-169,-37],[-100,-149]],[[83198,55177],[8,-222],[144,90],[90,-234]],[[84650,50160],[234,-9],[102,-111],[1,-171]],[[86261,51575],[14,148],[141,-55],[81,101],[162,75]],[[86659,51844],[167,-81],[33,-159],[-55,-113],[66,-136],[114,197],[162,-154],[-148,-597]],[[86633,50677],[12,91],[-115,82],[-216,328],[27,109],[-80,288]],[[86003,50706],[85,137],[54,-201],[-41,-51]],[[86101,50591],[-98,115]],[[86101,50591],[-73,-49],[-25,164]],[[85362,51561],[154,80],[26,-114],[121,23],[191,-42],[57,-179],[126,104],[78,-8],[146,150]],[[85427,49907],[85,189],[2,338],[144,56],[2,126],[95,337],[-66,290],[-195,81],[-132,237]],[[84619,51917],[68,-48],[9,-189],[246,-90],[399,-68],[21,39]],[[86329,53253],[40,32]],[[86369,53285],[62,-33]],[[86431,53252],[18,-35]],[[86449,53217],[134,2]],[[86583,53219],[29,-121],[-61,-177]],[[86551,52921],[-207,55],[-116,231],[101,46]],[[86340,53381],[29,-96]],[[86329,53253],[-141,125]],[[86188,53378],[152,3]],[[86340,53381],[32,13]],[[86372,53394],[50,-21]],[[86422,53373],[39,-33]],[[86461,53340],[-30,-88]],[[86372,53394],[45,44],[5,-65]],[[86461,53340],[84,1]],[[86545,53341],[-96,-124]],[[86545,53341],[38,-122]],[[86551,52921],[-143,-199]],[[86408,52722],[-140,-36],[-64,107]],[[86204,52793],[-213,-2]],[[85991,52791],[-61,-32],[-220,78],[-110,-77],[-108,47],[33,151],[-193,33]],[[85811,53563],[145,62],[115,-182],[117,-65]],[[86897,53453],[-108,99],[355,372],[142,289],[8,155],[-121,257],[-117,103],[131,193],[180,110],[-15,-327],[23,-236],[57,-144],[117,-73],[0,-185],[-345,-966],[-140,-432],[-93,-366],[12,-346],[-86,-112],[-117,187],[-96,523],[77,120],[-1,177],[141,303],[-4,299]],[[86203,52655],[53,-90],[-62,-293],[-101,43],[47,160]],[[86140,52475],[28,57]],[[86168,52532],[35,123]],[[86204,52793],[-1,-138]],[[86168,52532],[-158,95]],[[86010,52627],[-19,164]],[[86010,52627],[-35,-119],[165,-33]],[[86408,52722],[118,79],[68,-173],[-78,-97],[106,-440],[37,-247]],[[55552,25355],[77,-1]],[[55629,25354],[5,-29]],[[55634,25325],[19,-25]],[[55653,25300],[-18,-36]],[[55635,25264],[-33,-3]],[[55602,25261],[-38,-3]],[[55564,25258],[-12,97]],[[55575,25384],[21,2]],[[55596,25386],[33,-32]],[[55552,25355],[23,29]],[[55933,25619],[2,99]],[[55935,25718],[57,50]],[[55992,25768],[146,251]],[[56138,26019],[136,-91]],[[56274,25928],[38,-127],[246,-173]],[[56558,25628],[-144,-231]],[[56414,25397],[-5,-30]],[[56409,25367],[-169,86],[-160,-45]],[[56080,25408],[-139,74]],[[55941,25482],[-21,72]],[[55920,25554],[13,65]],[[55765,25165],[21,-5]],[[55786,25160],[215,-18]],[[56001,25142],[13,-109]],[[56014,25033],[-48,-151],[-159,-142]],[[55807,24740],[-41,263]],[[55766,25003],[-9,12]],[[55757,25015],[8,150]],[[56014,25033],[129,-34]],[[56143,24999],[-41,-235]],[[56102,24764],[-209,-87],[-71,-88]],[[55822,24589],[-15,151]],[[56409,25367],[-45,-218],[-129,-74]],[[56235,25075],[-43,-28]],[[56192,25047],[-49,-48]],[[56001,25142],[27,221],[52,45]],[[56192,25047],[75,-121]],[[56267,24926],[-11,-126],[-154,-36]],[[56414,25397],[130,-99]],[[56544,25298],[-17,-611]],[[56527,24687],[-156,76],[-135,-111]],[[56236,24652],[-79,-132],[-159,-51],[-19,-85]],[[55979,24384],[-169,95]],[[55810,24479],[12,110]],[[56267,24926],[-32,149]],[[55834,25420],[33,80]],[[55867,25500],[74,-18]],[[55786,25160],[-27,73]],[[55759,25233],[27,111]],[[55786,25344],[48,76]],[[55689,25339],[39,2]],[[55728,25341],[58,3]],[[55759,25233],[-26,21]],[[55733,25254],[-23,51]],[[55710,25305],[-21,34]],[[55656,25247],[77,7]],[[55765,25165],[-50,5]],[[55715,25170],[-18,27]],[[55697,25197],[-41,50]],[[55653,25300],[57,5]],[[55656,25247],[-21,17]],[[55802,25490],[65,10]],[[55834,25420],[-33,1]],[[55801,25421],[1,69]],[[55801,25421],[-77,-9]],[[55724,25412],[-19,19]],[[55705,25431],[36,47]],[[55741,25478],[61,12]],[[55728,25341],[-4,71]],[[55634,25325],[55,14]],[[55687,25416],[18,15]],[[55689,25339],[-2,77]],[[55678,25418],[9,-2]],[[55629,25354],[49,64]],[[55606,25447],[38,3]],[[55644,25450],[1,-23]],[[55645,25427],[-36,-27]],[[55609,25400],[-3,47]],[[55560,25466],[46,-19]],[[55609,25400],[-13,-14]],[[55575,25384],[-9,26]],[[55566,25410],[-6,56]],[[55645,25427],[33,-9]],[[55602,25261],[18,-70]],[[55620,25191],[-24,-1]],[[55596,25190],[-53,-4]],[[55543,25186],[-1,26]],[[55542,25212],[22,46]],[[55697,25197],[-77,-6]],[[55666,26313],[0,77]],[[55666,26390],[177,137],[171,6],[76,-181]],[[56090,26352],[-9,6]],[[56081,26358],[-105,9],[-108,-149],[-87,-10]],[[55781,26208],[-114,-38]],[[55667,26170],[-1,143]],[[56081,26358],[-75,-265]],[[56006,26093],[-131,-44]],[[55875,26049],[-35,39]],[[55840,26088],[-59,120]],[[55667,26170],[-73,-20]],[[55594,26150],[-172,-9]],[[55422,26141],[-70,191],[314,-19]],[[55832,26076],[8,12]],[[55875,26049],[-49,-139]],[[55826,25910],[-9,30]],[[55817,25940],[15,136]],[[55787,26036],[-35,-98]],[[55752,25938],[-6,-16]],[[55746,25922],[-36,22]],[[55710,25944],[1,68]],[[55711,26012],[76,24]],[[55752,25938],[15,-7]],[[55767,25931],[5,-126]],[[55772,25805],[-49,-11]],[[55723,25794],[-26,21]],[[55697,25815],[49,107]],[[55767,25931],[50,9]],[[55826,25910],[-35,-106]],[[55791,25804],[-19,1]],[[55832,26076],[-45,-40]],[[55711,26012],[-117,138]],[[56006,26093],[132,-74]],[[55992,25768],[-125,44]],[[55867,25812],[-48,-12]],[[55819,25800],[-28,4]],[[55710,25944],[-133,-128]],[[55577,25816],[-7,-9]],[[55570,25807],[-117,20]],[[55453,25827],[-207,215]],[[55246,26042],[176,99]],[[55573,25577],[80,-16]],[[55653,25561],[-11,-80]],[[55642,25481],[2,-31]],[[55560,25466],[13,111]],[[55718,25509],[4,-3]],[[55722,25506],[26,-1]],[[55748,25505],[-7,-27]],[[55642,25481],[76,28]],[[55653,25561],[51,-11]],[[55704,25550],[14,-41]],[[55750,25572],[-28,-66]],[[55704,25550],[46,22]],[[55570,25807],[20,-49]],[[55590,25758],[7,-144]],[[55597,25614],[-22,-33]],[[55575,25581],[-27,-2]],[[55548,25579],[-20,19]],[[55528,25598],[-75,229]],[[55692,25628],[55,-10]],[[55747,25618],[2,-31]],[[55749,25587],[1,-15]],[[55653,25561],[39,67]],[[55785,25713],[0,-9]],[[55785,25704],[-38,-86]],[[55692,25628],[-22,18]],[[55670,25646],[33,50]],[[55703,25696],[82,17]],[[55670,25724],[33,-28]],[[55670,25646],[-5,-7]],[[55665,25639],[-29,35]],[[55636,25674],[34,50]],[[55590,25757],[28,9]],[[55618,25766],[52,-42]],[[55636,25674],[-46,83]],[[55678,25793],[-60,-27]],[[55590,25757],[0,1]],[[55577,25816],[101,-23]],[[55678,25793],[19,22]],[[55723,25794],[-20,-98]],[[55819,25800],[-8,-67]],[[55811,25733],[-26,-20]],[[55665,25639],[-68,-25]],[[55573,25577],[2,4]],[[55935,25718],[-98,-33]],[[55837,25685],[-52,19]],[[55811,25733],[56,79]],[[55748,25505],[117,51]],[[55865,25556],[55,-2]],[[55749,25587],[56,4]],[[55805,25591],[60,-35]],[[55837,25685],[-30,-63]],[[55807,25622],[-2,-31]],[[55933,25619],[-126,3]],[[55409,25084],[42,2]],[[55451,25086],[5,-82]],[[55456,25004],[-46,-32]],[[55410,24972],[-1,112]],[[55467,25161],[-16,-61]],[[55451,25100],[0,-14]],[[55409,25084],[-5,110]],[[55404,25194],[15,10]],[[55419,25204],[4,-5]],[[55423,25199],[44,-38]],[[55504,25186],[38,26]],[[55543,25186],[4,-74]],[[55547,25112],[-38,-7]],[[55509,25105],[-5,81]],[[55393,24926],[68,5]],[[55461,24931],[-47,-95]],[[55414,24836],[-12,-8]],[[55402,24828],[-48,-1]],[[55354,24827],[39,99]],[[55495,25008],[15,1]],[[55510,25009],[4,-74]],[[55514,24935],[-53,-4]],[[55393,24926],[17,46]],[[55456,25004],[39,4]],[[55490,25104],[19,1]],[[55547,25112],[3,-53]],[[55550,25059],[-29,-36]],[[55521,25023],[-11,-14]],[[55495,25008],[-5,96]],[[55467,25161],[37,25]],[[55490,25104],[-39,-4]],[[55514,24935],[0,-4]],[[55514,24931],[0,-16]],[[55514,24915],[-30,-64]],[[55484,24851],[-70,-15]],[[55757,25015],[-151,45]],[[55606,25060],[-2,0]],[[55604,25060],[3,34]],[[55607,25094],[108,76]],[[55550,25059],[54,1]],[[55606,25060],[-34,-79]],[[55572,24981],[-51,42]],[[55766,25003],[-92,-11]],[[55674,24992],[-52,-48]],[[55622,24944],[-50,37]],[[55596,25190],[9,-71]],[[55605,25119],[-58,-7]],[[55607,25094],[-2,25]],[[55634,24921],[14,-10]],[[55648,24911],[-45,-115]],[[55603,24796],[-36,59]],[[55567,24855],[7,40]],[[55574,24895],[60,26]],[[55303,24372],[70,12]],[[55373,24384],[1,-30]],[[55374,24354],[7,-123],[-94,-154]],[[55287,24077],[-26,18]],[[55261,24095],[42,277]],[[55356,24730],[46,8]],[[55402,24738],[-4,-47]],[[55398,24691],[5,-82]],[[55403,24609],[-15,-18]],[[55388,24591],[-26,55]],[[55362,24646],[-6,84]],[[55321,24755],[35,-25]],[[55362,24646],[-42,-34]],[[55320,24612],[1,143]],[[55648,24911],[26,81]],[[55810,24479],[-94,17]],[[55716,24496],[-124,180]],[[55592,24676],[-19,56]],[[55573,24732],[18,43]],[[55591,24775],[12,21]],[[55634,24921],[-12,23]],[[55574,24895],[-60,36]],[[55438,24693],[53,34]],[[55491,24727],[82,5]],[[55592,24676],[-175,-93]],[[55417,24583],[-29,8]],[[55403,24609],[35,84]],[[55398,24691],[40,2]],[[55514,24915],[53,-60]],[[55591,24775],[-77,46]],[[55514,24821],[-30,30]],[[55321,24755],[33,72]],[[55402,24828],[3,-45]],[[55405,24783],[-3,-45]],[[55716,24496],[-34,-56]],[[55682,24440],[-120,-73],[-188,-13]],[[55373,24384],[-9,152]],[[55364,24536],[53,47]],[[55444,24786],[44,2]],[[55488,24788],[3,-61]],[[55438,24693],[6,93]],[[55405,24783],[39,3]],[[55514,24821],[-26,-33]],[[55682,24440],[-119,-195],[-143,-92]],[[55420,24153],[-133,-76]],[[55364,24536],[-45,-9]],[[55319,24527],[1,85]],[[55303,24372],[16,155]],[[55430,25428],[19,21]],[[55449,25449],[42,-38]],[[55491,25411],[7,-42]],[[55498,25369],[-64,37]],[[55434,25406],[-4,22]],[[55498,25369],[4,-24]],[[55502,25345],[-1,-4]],[[55501,25341],[-71,-19]],[[55430,25322],[-2,42]],[[55428,25364],[6,42]],[[55363,25360],[65,4]],[[55430,25322],[-1,-4]],[[55429,25318],[-27,-34]],[[55402,25284],[-22,-4]],[[55380,25280],[-17,80]],[[55510,25437],[56,-27]],[[55552,25355],[-50,-10]],[[55491,25411],[19,26]],[[55392,25500],[34,-31]],[[55426,25469],[23,-20]],[[55430,25428],[-37,12]],[[55393,25440],[-1,60]],[[55363,25360],[-5,29]],[[55358,25389],[35,51]],[[55333,25527],[48,-7]],[[55381,25520],[11,-20]],[[55358,25389],[-25,138]],[[55486,25525],[24,-88]],[[55426,25469],[60,56]],[[55548,25579],[-92,-6]],[[55456,25573],[-2,56]],[[55454,25629],[74,-31]],[[55360,25614],[43,-8]],[[55403,25606],[-23,-81]],[[55380,25525],[1,-5]],[[55333,25527],[27,87]],[[55360,25614],[-23,108],[82,33],[-16,-149]],[[55456,25573],[30,-48]],[[55380,25525],[74,104]],[[55425,25713],[22,38],[38,-74],[-65,-4],[5,40]],[[55491,25256],[-68,-57]],[[55419,25204],[3,78]],[[55422,25282],[66,-5]],[[55488,25277],[3,-21]],[[55429,25318],[-6,-28]],[[55423,25290],[-21,-6]],[[55501,25341],[-13,-64]],[[55422,25282],[1,8]],[[55491,25256],[73,2]],[[55404,25194],[-24,86]],[[56500,26524],[26,185]],[[56526,26709],[161,92]],[[56687,26801],[134,-215]],[[56821,26586],[-105,-137],[-25,-255],[129,-2],[15,-203],[-41,-225],[-138,27],[-98,-163]],[[56274,25928],[87,51],[-45,382]],[[56316,26361],[29,38]],[[56345,26399],[155,125]],[[56406,27435],[15,-172],[152,23],[-31,-180],[153,-68]],[[56695,27038],[-8,-237]],[[56526,26709],[-114,45],[-71,-135],[72,-60]],[[56413,26559],[-68,-160]],[[56316,26361],[-226,-9]],[[55666,26390],[0,227],[-134,75],[-13,107],[148,68]],[[55667,26867],[161,89]],[[55828,26956],[123,-20],[39,195],[125,-7],[3,311],[288,0]],[[54802,26997],[825,-2],[40,-128]],[[55246,26042],[-64,214],[-91,61],[-70,168],[-148,136],[-71,376]],[[56500,26524],[-87,35]],[[55593,28465],[-83,184],[166,-8],[46,-268],[-129,92]],[[55481,28988],[332,2]],[[55813,28990],[72,-287],[3,-305],[248,-47],[111,69],[41,-316],[90,-9],[28,-660]],[[55828,26956],[34,305],[-168,308],[-93,278],[3,149],[-67,145],[-85,447],[29,400]],[[57235,30621],[4,-2051]],[[57239,28570],[1,-939],[-12,-562],[-533,-31]],[[55813,28990],[-49,201],[89,266],[38,498],[53,187],[-5,468]],[[55939,30610],[1296,11]],[[54133,29544],[439,-9],[13,-293],[101,-158],[490,1]],[[55176,29085],[319,0],[-14,-97]],[[54802,26997],[-77,204],[-79,5],[0,184],[-140,218]],[[54506,27608],[-28,143],[-314,-24]],[[54164,27727],[90,313],[-228,-16],[0,325],[-209,-1]],[[53817,28348],[-113,0],[-14,170],[-119,9]],[[53571,28527],[469,643],[186,65],[-58,87],[-35,222]],[[54657,30602],[186,64],[58,-63],[353,2],[-1,464],[294,173],[188,-66],[127,24],[3,-501],[74,-89]],[[55176,29085],[-32,440],[-281,4],[0,543],[-101,47],[-97,253],[-8,230]],[[54091,31469],[136,0],[-92,424],[0,480],[400,-27],[106,-67],[1,326],[403,-1],[0,265],[210,2],[-1,588],[682,2]],[[55936,33461],[0,-114],[154,0],[2,-741],[138,0],[0,-524],[1004,3],[1,-1464]],[[54657,30602],[-268,-2]],[[54389,30600],[-46,201],[-116,54],[-136,614]],[[54132,30388],[120,94],[108,-28]],[[54360,30454],[52,-218],[-142,25],[-138,127]],[[54360,30454],[29,146]],[[54133,29544],[-111,207],[26,109],[-142,212],[46,231],[180,85]],[[54164,27727],[-257,-4]],[[53907,27723],[-29,217],[-82,83],[-102,-50],[-158,102]],[[53536,28075],[71,192],[210,0],[0,81]],[[53907,27723],[-604,-7]],[[53303,27716],[62,155],[-69,127],[59,77]],[[53355,28075],[181,0]],[[53355,28075],[144,206],[-61,73],[133,173]],[[54506,27608],[-104,-107],[-97,-264],[43,-67],[-31,-187],[-197,-238],[-66,-244],[-20,-243],[67,-49],[-66,-154],[-40,-307],[-98,-227]],[[53897,25521],[-99,17],[-27,-144],[-563,-1],[-80,60]],[[53128,25453],[106,851],[-68,185],[24,112],[-31,242],[57,229],[3,267],[-110,254],[144,13],[50,110]],[[53897,25521],[-121,-425],[-66,-148],[70,-190],[-263,-156],[-179,147],[-283,57],[-156,-105],[-39,-99],[-161,27],[-105,-71],[-50,-137],[-96,-38],[-309,59],[-124,-171],[-202,1],[-46,92],[37,175],[94,17],[152,276],[-59,186],[82,86],[90,218],[316,14],[256,63],[214,-174],[159,127],[20,101]],[[44797,33562],[-20,63],[-313,17],[-1,315],[334,0],[0,-143],[316,-2],[-3,-598]],[[45110,33214],[-158,36],[-24,249],[-131,63]],[[48274,28171],[1215,5],[-1,41]],[[49488,28217],[332,-13],[-1,-168],[1225,2],[0,-20]],[[51044,28018],[-104,-35],[-183,-187],[-86,-329],[-138,-251],[-156,-192],[-123,-25],[-45,-503],[-104,107],[-98,-82],[-128,-6],[-210,-363]],[[49669,26152],[-67,-2],[-57,-188],[-207,18],[-2,-155],[218,-12],[30,-59]],[[49584,25754],[28,-137],[135,42],[72,106],[139,-171],[-74,-61],[93,-374],[-134,-26],[-27,108],[-141,84],[-36,112],[-181,70],[-110,-25],[-61,-233],[-141,19],[-32,176],[-424,519],[-138,56],[-47,207],[-206,191],[-118,-33],[-95,79],[94,184],[92,-88],[213,-93],[101,-271],[188,-29],[-5,271],[-93,56],[-80,391],[-46,354],[-113,251],[-37,173],[-10,289],[-116,220]],[[48844,31466],[1,115],[504,2],[150,-90],[20,276],[-209,10],[46,281],[234,0],[174,-65]],[[49764,31995],[241,37],[369,-5],[37,-50],[6,-325],[102,2],[1,-212],[252,11],[148,-148],[155,-255],[-1,-219],[144,22],[48,-308],[461,-4],[-1,-587],[1015,2],[-1,500],[75,0],[0,421],[419,383],[234,0],[405,327]],[[53873,31587],[19,-254],[-45,-184],[-149,-217],[-116,106]],[[53582,31038],[-110,48],[-226,-65],[43,-140]],[[53289,30881],[-66,-168],[99,-28]],[[53322,30685],[-228,-223],[-8,-192],[-120,-228],[2,-235],[-51,-177],[-76,-61],[-106,-318],[-145,-276],[-90,-78],[-213,-24],[-172,-79],[-288,-210],[-125,-15],[-235,-181],[-211,-97],[-77,-144],[-135,-129]],[[49488,28217],[0,216],[282,0],[-1,1054],[-99,-1],[5,169],[-187,1],[0,285],[156,0],[-6,164],[-133,-2],[-74,146],[-21,180],[84,66],[-16,247],[-259,-2],[0,423],[-373,-3],[-2,306]],[[48100,32002],[373,2],[0,-424],[110,0],[0,-138],[261,24]],[[48274,28171],[-190,304],[-223,267],[-392,324],[39,245],[-43,341],[-90,298],[-91,60],[-130,392],[-214,92]],[[46940,30494],[476,8],[0,1079],[150,-1],[71,130],[113,16],[0,204],[350,0],[0,72]],[[46616,28688],[38,199],[149,-54],[-187,-145]],[[49669,26152],[-16,-232],[-69,-166]],[[44797,33562],[-60,-163],[-105,-71],[-130,190],[-166,-109],[11,-172],[-148,50],[-168,-76],[-171,101],[-93,3],[-176,192],[-328,200],[-120,122],[-223,130],[-170,-23],[-154,66],[-254,-36],[-88,-136],[-360,-113],[-205,41],[-224,292],[-156,118],[-429,385],[-260,184],[-439,272],[-510,278],[-249,81],[-224,-213],[-390,-175],[-119,-27],[-484,62],[-171,-21],[-463,56],[-335,-37],[-394,-6],[-229,-58],[-661,-41],[-205,-42],[-830,-111],[-104,-34]],[[34813,34721],[0,736]],[[34813,35457],[1242,-28],[16,446],[1960,-33],[0,-60],[915,-4],[4,134],[1829,3],[1569,8],[2,-750],[56,-46],[1056,1],[2180,-2]],[[45642,35126],[257,-1],[0,-930],[1077,5],[22,-109],[181,-227],[-67,-191],[-98,-148],[88,-106],[160,-78],[108,30],[8,-176],[114,-72],[2,-807],[507,0],[99,-314]],[[46940,30494],[-92,-59],[-235,49],[-287,-124],[-110,142],[-63,253],[-102,104],[25,151],[-88,113],[-194,35],[130,163],[-26,208],[-129,182],[184,8],[117,-86],[141,56],[65,198],[-96,324],[-145,198],[-140,83],[-166,-16],[-110,-132],[-152,27],[-159,-36],[44,254],[172,26],[-98,271],[-165,234],[-113,-74],[-38,168]],[[34813,38737],[0,3698],[0,2666]],[[34813,45101],[4330,-3],[2169,-9],[2147,8],[790,6],[1,134]],[[44250,45237],[1032,-17],[14,-2142],[-50,-388],[33,-1678],[-339,1],[-304,51],[-587,25],[-389,123],[-191,4],[6,-1587],[1047,0],[42,-47],[728,-16],[422,12],[-9,-939],[-71,3],[-6,-900],[213,-54],[-5,-442],[-202,2],[3,-193],[111,0],[0,-340],[615,0],[0,-1117],[-720,1],[-1,-473]],[[34813,35457],[0,1948],[0,1332]],[[53289,30881],[125,-94]],[[53414,30787],[-92,-102]],[[53582,31038],[-157,-130],[-11,-121]],[[34813,51255],[1138,0],[793,0],[1377,0],[1825,0],[1458,0],[989,0],[1322,0]],[[43715,51255],[-7,-1026],[-42,-21],[-76,-356],[-15,-436],[113,-250],[1398,-2],[-152,-892],[-85,-124],[16,-203],[-325,-2],[0,-394],[-100,0],[-2,-835],[498,2],[-1,-818],[-683,-1],[-2,-660]],[[34813,45101],[0,3985],[0,2169]],[[47344,42550],[47,-169],[-220,3],[-29,201],[91,30],[111,-65]],[[54091,31469],[86,144],[-178,194],[-65,284]],[[53934,32091],[133,-3],[31,305],[-141,55],[23,155],[-203,-53]],[[53777,32550],[-3,-64]],[[53774,32486],[-124,43],[-45,-104],[36,-160],[120,-2]],[[53761,32263],[33,-197],[-30,-224],[109,-255]],[[49764,31995],[-5,832],[-23,124],[214,272],[104,247],[220,-51],[-17,-148],[133,-163],[141,37],[23,337],[-31,146],[127,219],[-50,304],[809,-17],[14,-91],[-133,-88],[31,-138],[196,-94],[-100,-253],[188,35],[-11,94],[220,384],[-31,78],[1,313],[269,-1],[-1,-117],[707,-3],[160,25],[530,2],[188,-213],[106,34],[42,230],[118,259],[264,-35],[259,13],[1169,-1],[77,-99],[170,40],[10,-127],[-161,-138],[-17,-106],[49,-232],[213,-22],[0,-422]],[[43715,51255],[840,0],[1602,1],[1200,0],[809,0],[1383,0],[1864,1],[1263,2],[1624,1]],[[60721,28054],[-95,44],[-91,-160],[-95,-24],[-164,-396]],[[60276,27518],[-17,91]],[[60259,27609],[-106,198],[-94,-57],[-2,-128]],[[60057,27622],[-544,-12],[-69,40],[-42,193],[-300,-6]],[[59102,27837],[-349,-6],[-4,284],[-296,45],[0,-185],[-128,-48],[-1,433],[-342,0],[2,217],[-745,-7]],[[51973,38175],[58,0],[0,339],[-325,0],[0,-339],[90,0],[0,-363],[157,0],[20,363]],[[53934,32091],[-106,114],[-51,345]],[[53774,32486],[-13,-223]],[[55718,23683],[-4,33]],[[55714,23716],[342,4],[364,-142]],[[56420,23578],[-100,-122],[-116,10]],[[56204,23466],[-361,132],[-104,-66]],[[55739,23532],[-21,151]],[[54131,22999],[271,-67],[158,-224],[-18,-83],[-152,-163],[-222,115],[-120,-17],[-171,56],[-305,-95],[-121,-102],[-9,-261],[-143,-51],[-159,-133],[-200,215],[-374,68],[-145,-171],[-63,45],[-229,0],[-177,-73],[-120,76],[-287,-81],[-161,232],[-105,13],[-153,248],[66,77],[51,291],[237,27],[187,114],[358,75],[260,18],[159,113],[135,15],[234,131],[431,-47],[285,-173],[-140,-171],[52,-64],[281,0],[154,-65],[-128,-138],[110,-82],[124,113],[149,219]],[[56236,24652],[109,-262],[-48,-203],[-237,53],[-81,144]],[[56527,24687],[85,-78],[0,-143],[199,-112],[-30,-634]],[[56781,23720],[-361,-142]],[[55714,23716],[-198,226],[-96,211]],[[55739,23532],[-270,-274]],[[55469,23258],[-47,318],[112,110],[184,-3]],[[55469,23258],[-592,-32],[-218,-57],[-150,108],[60,183],[361,258],[111,231],[220,146]],[[59442,16699],[55,106],[161,92],[-7,98],[173,-2],[46,143],[236,4],[-8,366]],[[60098,17506],[95,85],[157,-89],[391,-2]],[[60726,16208],[-268,43],[-390,-55],[-314,204],[-312,299]],[[60282,16754],[270,21],[-41,163],[-161,26]],[[60350,16964],[-1,115],[-164,-34],[-150,27],[-43,-178],[119,-104],[171,-36]],[[57921,21461],[814,-15]],[[58735,21446],[-1,-618],[835,0],[-1,-649]],[[59568,20179],[-388,1],[-1,-595],[-361,0],[-3,-819],[345,-1],[1,-421]],[[59161,18344],[-780,2],[-32,-56]],[[58349,18290],[-157,236],[-83,186],[78,140],[-25,146],[-82,62],[-4,147],[-156,190],[321,263],[69,130],[23,397],[-159,634],[-253,640]],[[59288,17624],[184,77],[82,-30],[5,-326],[-188,-47],[-222,282],[139,44]],[[60168,19300],[-78,36],[2,250],[152,-72],[151,39],[10,-181],[-237,-72]],[[59568,20179],[391,-8],[0,69],[773,0]],[[60738,18758],[-779,8],[-4,-424]],[[59955,18342],[-794,2]],[[60098,17506],[-145,-2],[2,838]],[[59619,22302],[0,429],[142,1],[0,188],[959,13]],[[58735,21446],[0,643],[884,-2],[0,215]],[[59442,16699],[-230,515],[-178,254],[-155,136],[34,98],[-150,169],[-171,51],[-243,368]],[[60282,16754],[68,210]],[[59102,27492],[0,345]],[[60057,27622],[-17,-358],[-55,-20]],[[59985,27244],[-55,-90]],[[59930,27154],[2,-96]],[[59932,27058],[-21,-198]],[[59911,26860],[-52,-163],[-93,-24]],[[59766,26673],[-105,229],[-93,-59],[-112,208],[39,190],[-149,304],[-77,-90],[-167,37]],[[59985,27244],[14,-97],[-69,7]],[[58111,26406],[343,61],[1,-141],[180,-1],[0,97],[138,81],[217,21]],[[58990,26524],[45,14],[6,-461],[-24,-99],[413,1],[-1,-510],[135,-1],[1,-433],[384,7],[210,81],[271,-46],[295,-10]],[[59619,22302],[-258,1],[-179,43],[0,859],[-318,-1],[-4,181],[62,83],[-68,207],[39,511],[-36,58],[-452,1],[0,210],[-594,1],[0,177]],[[57811,24633],[0,408]],[[57811,25041],[303,-82],[-3,1447]],[[59911,26860],[157,-9],[1,-353],[-380,26],[77,149]],[[59932,27058],[789,1]],[[58990,26524],[47,87],[1,478],[-100,-7],[0,367],[164,43]],[[56821,26586],[102,-49],[263,165],[62,-90],[859,0],[4,-206]],[[57811,25041],[0,146],[-295,0],[-4,106],[-251,6],[-186,-122],[-262,71],[-95,64],[-174,-14]],[[56885,24713],[-54,120],[295,-3],[94,-126],[-108,-145],[-227,154]],[[57811,24633],[-213,-1],[-1,-73],[-353,0],[213,-264],[-147,-87],[-1,-124],[-131,-206],[-397,-158]],[[60276,27518],[-47,-79],[-30,32],[60,138]],[[57921,21461],[-174,349],[-231,375],[-332,434],[-257,279],[-237,217],[-328,257],[-158,94]],[[4569,28507],[563,17],[163,-30],[57,70],[537,-2],[49,-17]],[[5938,28545],[-277,-275],[-75,-127],[0,-366],[-155,13],[-213,-59],[-1,-649]],[[5217,27082],[-161,24],[-326,-79],[-187,224],[30,162],[-77,348],[-16,220]],[[4480,27981],[208,18],[31,138],[-168,153],[18,217]],[[4884,29037],[1,-141],[131,-111],[228,-12],[38,104]],[[5282,28877],[174,-8],[-20,194]],[[5436,29063],[314,34],[11,-129],[280,8]],[[6041,28976],[107,-109],[-8,-279]],[[6140,28588],[-202,-43]],[[4569,28507],[-87,17]],[[4482,28524],[-49,338],[116,199],[-52,302],[183,-112],[74,-160],[130,-54]],[[4480,27981],[-29,364],[31,179]],[[5469,29217],[-33,-154]],[[5282,28877],[-55,153]],[[5227,29030],[98,36],[144,151]],[[4884,29037],[175,-42],[168,35]],[[5967,30330],[133,-47],[22,-240]],[[6122,30043],[-29,-9]],[[6093,30034],[-109,-14]],[[5984,30020],[-45,4]],[[5939,30024],[28,306]],[[5911,29782],[36,0]],[[5947,29782],[63,-52]],[[6010,29730],[76,-139],[85,-3],[0,-199]],[[6171,29389],[-107,-74],[-23,-339]],[[5469,29217],[232,335]],[[5701,29552],[160,-62],[59,79],[-9,213]],[[5908,29906],[19,-17]],[[5927,29889],[20,-107]],[[5911,29782],[-29,1]],[[5882,29783],[-4,78]],[[5878,29861],[30,45]],[[7106,30816],[163,0],[271,104],[6,-265]],[[7546,30655],[0,-317],[-64,-432],[-1,-328],[-221,-132],[41,-148]],[[7301,29298],[-222,114]],[[7079,29412],[-138,77],[-149,6],[-88,129]],[[6704,29624],[-31,92],[-195,88]],[[6478,29804],[-1,257],[59,196],[431,-27],[4,428],[135,-1],[0,159]],[[6704,29624],[0,-189],[-339,1],[-112,-107],[-82,60]],[[6010,29730],[-19,128]],[[5991,29858],[9,92]],[[6000,29950],[93,84]],[[6122,30043],[320,-90],[36,-149]],[[5927,29889],[64,-31]],[[6000,29950],[-16,70]],[[5913,31099],[229,32],[381,-55],[485,21],[35,-27]],[[7043,31070],[63,-254]],[[5967,30330],[12,224],[-66,545]],[[5900,29975],[39,49]],[[5908,29906],[-8,69]],[[6010,31536],[21,27]],[[6031,31563],[288,-73],[224,21],[111,72]],[[6654,31583],[172,11],[74,-77],[139,-1],[4,-446]],[[5913,31099],[-64,406]],[[5849,31505],[161,31]],[[5808,29796],[74,-13]],[[5882,29783],[-122,-133]],[[5760,29650],[48,146]],[[5701,29552],[59,98]],[[5878,29861],[-56,-6]],[[5822,29855],[78,120]],[[5808,29796],[14,59]],[[7301,29298],[231,-90],[200,-220],[165,-24],[172,-94],[166,45]],[[8235,28915],[125,-115],[-38,-392],[13,-185],[-123,-79],[130,-471],[135,-84],[-3,-322],[-321,-9]],[[8153,27258],[-55,86],[-331,-4],[19,206],[-225,-13],[0,-122],[-212,0],[-16,72],[-190,140],[-467,-20],[-67,146],[0,255],[-73,98]],[[6536,28102],[121,201],[-4,272],[180,0],[37,60],[255,28],[-45,519],[-1,230]],[[6536,28102],[-22,193],[-214,176],[1,134],[-161,-17]],[[6814,27336],[60,95],[238,16],[217,-277],[-9,-148],[-354,-20],[-76,85],[-140,-84],[-9,169],[73,164]],[[8153,27258],[11,-336],[-62,-143],[205,-73],[88,-93],[-40,-220],[54,-81]],[[8409,26312],[-41,-252],[116,-11],[-6,-241]],[[8478,25808],[-93,-131],[2,-106],[-155,-130],[202,-239],[-24,-110],[-159,-88]],[[8251,25004],[-172,-61],[-272,135],[-117,1],[-447,347],[-299,117],[-231,21],[-146,220],[-14,98],[-333,411],[-281,304],[-546,406],[-176,79]],[[5856,32064],[29,-21]],[[5885,32043],[59,-348],[66,-159]],[[5849,31505],[-47,317],[54,242]],[[5933,32167],[35,-18]],[[5968,32149],[-83,-106]],[[5856,32064],[77,103]],[[6095,32326],[86,-2]],[[6181,32324],[-33,-89]],[[6148,32235],[-47,14]],[[6101,32249],[-6,77]],[[5933,32167],[60,118],[41,-91],[-66,-45]],[[6090,32366],[5,-40]],[[6101,32249],[-56,6]],[[6045,32255],[45,111]],[[6181,32324],[7,8]],[[6188,32332],[64,-284],[-90,-25]],[[6162,32023],[-29,117]],[[6133,32140],[15,95]],[[6107,32487],[30,0]],[[6137,32487],[93,7]],[[6230,32494],[-42,-162]],[[6090,32366],[17,121]],[[6133,32140],[-88,115]],[[6230,32494],[115,25]],[[6345,32519],[114,-72],[234,-21]],[[6693,32426],[-109,-481],[70,-362]],[[6031,31563],[31,54],[-92,295],[192,111]],[[6147,34078],[28,-66]],[[6175,34012],[5,-50]],[[6180,33962],[-60,-10]],[[6120,33952],[3,126]],[[6123,34078],[24,0]],[[6201,33884],[-9,-48]],[[6192,33836],[-31,-6]],[[6161,33830],[-14,0]],[[6147,33830],[7,30]],[[6154,33860],[47,24]],[[6118,33863],[36,-3]],[[6147,33830],[-33,-66]],[[6114,33764],[4,99]],[[6175,34012],[54,-5]],[[6229,34007],[0,-27]],[[6229,33980],[-27,-17]],[[6202,33963],[-22,-1]],[[6161,33830],[-30,-89],[-17,7],[0,16]],[[6201,33884],[32,30]],[[6233,33914],[27,0]],[[6260,33914],[19,-24]],[[6279,33890],[-87,-54]],[[6118,33863],[2,89]],[[6202,33963],[31,-49]],[[6260,33914],[33,41]],[[6293,33955],[25,-35]],[[6318,33920],[-39,-30]],[[6270,34057],[13,3]],[[6283,34060],[33,1]],[[6316,34061],[5,-65]],[[6321,33996],[-6,-15]],[[6315,33981],[-45,76]],[[6377,34080],[18,-3]],[[6395,34077],[27,-32]],[[6422,34045],[-9,-50]],[[6413,33995],[-15,-14]],[[6398,33981],[-9,1]],[[6389,33982],[-34,14]],[[6355,33996],[4,26]],[[6359,34022],[18,58]],[[6322,34064],[37,-42]],[[6355,33996],[-34,0]],[[6316,34061],[6,3]],[[6310,33975],[-17,-20]],[[6229,33980],[81,-5]],[[6229,34007],[0,9]],[[6229,34016],[21,36]],[[6250,34052],[20,5]],[[6315,33981],[-5,-6]],[[6369,33957],[20,25]],[[6398,33981],[-40,-58]],[[6358,33923],[11,34]],[[6369,33957],[-54,24]],[[6358,33923],[-40,-3]],[[6506,34117],[3,21]],[[6509,34138],[56,-20]],[[6565,34118],[-45,-87]],[[6520,34031],[-14,86]],[[6413,34103],[93,14]],[[6520,34031],[-61,-27]],[[6459,34004],[-37,41]],[[6395,34077],[18,26]],[[6459,34004],[-46,-9]],[[6474,34183],[35,-10]],[[6509,34173],[0,-35]],[[6413,34103],[0,35]],[[6413,34138],[-20,22]],[[6393,34160],[81,23]],[[6390,34195],[82,2]],[[6472,34197],[2,-14]],[[6393,34160],[-3,35]],[[7403,34082],[-79,64],[-153,-15]],[[7171,34131],[-11,183]],[[7160,34314],[104,21],[35,329]],[[7299,34664],[108,-8]],[[7407,34656],[-11,-270],[33,-50],[-26,-254]],[[6878,34281],[59,-73],[-15,-215]],[[6922,33993],[-123,6]],[[6799,33999],[-1,1]],[[6798,34000],[0,56]],[[6798,34056],[8,140]],[[6806,34196],[72,85]],[[6736,34096],[62,-40]],[[6798,34000],[-51,6]],[[6747,34006],[-59,80]],[[6688,34086],[48,10]],[[7403,34082],[149,-7]],[[7552,34075],[-13,-300],[-185,-32],[-75,-113]],[[7279,33630],[-84,124],[-239,17],[41,167]],[[6997,33938],[174,193]],[[6878,34281],[11,0]],[[6889,34281],[271,33]],[[6997,33938],[-75,55]],[[6703,34161],[12,11]],[[6715,34172],[91,24]],[[6736,34096],[-33,65]],[[6939,34973],[41,0]],[[6980,34973],[189,1],[0,-206]],[[7169,34768],[-211,-6]],[[6958,34762],[-19,211]],[[6387,34331],[12,74]],[[6399,34405],[37,0]],[[6436,34405],[40,0]],[[6476,34405],[-3,-174]],[[6473,34231],[-85,28]],[[6388,34259],[-1,72]],[[6651,34215],[-142,-42]],[[6472,34197],[1,34]],[[6476,34405],[84,0]],[[6560,34405],[12,0]],[[6572,34405],[92,-96]],[[6664,34309],[-13,-94]],[[6958,34762],[-90,-67]],[[6868,34695],[-102,-135]],[[6766,34560],[-150,1]],[[6616,34561],[-56,0]],[[6560,34561],[-4,171],[-155,112]],[[6401,34844],[0,50]],[[6401,34894],[220,-1],[0,72],[318,8]],[[6857,34560],[11,135]],[[7169,34768],[130,-104]],[[6889,34281],[-70,108]],[[6819,34389],[38,171]],[[6747,34006],[-54,4]],[[6693,34010],[-52,12]],[[6641,34022],[-82,9]],[[6559,34031],[-5,13]],[[6554,34044],[24,45]],[[6578,34089],[110,-3]],[[6651,34215],[-17,-66]],[[6634,34149],[-38,-29]],[[6596,34120],[-31,-2]],[[6388,34245],[0,14]],[[6390,34195],[0,1]],[[6390,34196],[-2,49]],[[6400,34717],[1,127]],[[6560,34561],[0,-156]],[[6436,34405],[-36,117]],[[6400,34522],[0,195]],[[6664,34309],[0,43]],[[6664,34352],[114,-6]],[[6778,34346],[-63,-174]],[[6703,34161],[-69,-12]],[[6578,34089],[18,31]],[[6778,34346],[41,43]],[[6766,34560],[91,0]],[[6664,34352],[-8,65]],[[6656,34417],[-33,80]],[[6623,34497],[-7,64]],[[6656,34417],[-48,-12]],[[6608,34405],[15,92]],[[6572,34405],[36,0]],[[6115,34479],[1,0]],[[6116,34479],[60,-14]],[[6176,34465],[4,0]],[[6180,34465],[7,-67]],[[6187,34398],[-11,-1]],[[6176,34397],[-57,9]],[[6119,34406],[-4,73]],[[6055,34648],[52,0]],[[6107,34648],[4,-30]],[[6111,34618],[16,-51]],[[6127,34567],[-41,-10]],[[6086,34557],[-31,91]],[[6134,34343],[46,-1]],[[6180,34342],[32,-83]],[[6212,34259],[-74,0]],[[6138,34259],[-4,84]],[[6180,34342],[85,-8]],[[6265,34334],[2,-41]],[[6267,34293],[4,-24]],[[6271,34269],[-1,0]],[[6270,34269],[-57,-10]],[[6213,34259],[-1,0]],[[6127,34567],[49,-102]],[[6116,34479],[-30,78]],[[6070,34395],[49,11]],[[6119,34406],[15,-63]],[[6134,34343],[-39,-28]],[[6095,34315],[-25,80]],[[6018,34648],[37,0]],[[6086,34557],[-33,0]],[[6053,34557],[-35,91]],[[6111,34618],[52,15]],[[6163,34633],[49,-173]],[[6212,34460],[-32,5]],[[6187,34398],[69,-5]],[[6256,34393],[9,-59]],[[6180,34342],[-4,55]],[[6073,34463],[42,16]],[[6070,34395],[3,68]],[[6073,34463],[-20,94]],[[6138,34259],[-24,-1]],[[6114,34258],[-19,57]],[[6212,34460],[27,-19]],[[6239,34441],[3,-1]],[[6242,34440],[14,-47]],[[6223,34195],[-10,64]],[[6270,34269],[7,-49]],[[6277,34220],[24,-86]],[[6301,34134],[-20,-4]],[[6281,34130],[-58,65]],[[6271,34269],[69,-18]],[[6340,34251],[48,-6]],[[6390,34196],[-51,5]],[[6339,34201],[-62,19]],[[6221,34075],[29,-23]],[[6229,34016],[-8,59]],[[6168,34145],[53,7]],[[6221,34152],[7,-31]],[[6228,34121],[-4,-32]],[[6224,34089],[-56,-8]],[[6168,34081],[0,64]],[[6223,34195],[-2,-43]],[[6168,34145],[-35,5]],[[6133,34150],[5,109]],[[6339,34201],[-4,-68]],[[6335,34133],[-5,1]],[[6330,34134],[-29,0]],[[6228,34121],[42,-64]],[[6221,34075],[3,14]],[[6120,34139],[13,11]],[[6168,34081],[-21,-3]],[[6123,34078],[-3,61]],[[6281,34130],[2,-70]],[[6120,34139],[-6,119]],[[6301,34134],[21,-70]],[[6330,34134],[47,-54]],[[6413,34138],[-78,-5]],[[6338,34331],[49,0]],[[6340,34251],[-2,37]],[[6338,34288],[0,43]],[[5981,34883],[41,0]],[[6022,34883],[49,-114]],[[6071,34769],[-42,-17]],[[6029,34752],[-48,131]],[[6091,34783],[113,17],[50,-104]],[[6254,34696],[-76,-61]],[[6178,34635],[-87,148]],[[6071,34769],[36,-121]],[[6018,34648],[-2,19]],[[6016,34667],[13,85]],[[6267,34293],[71,-5]],[[6265,34334],[73,-3]],[[5935,34883],[46,0]],[[6016,34667],[-81,216]],[[6022,34883],[18,19]],[[6040,34902],[51,-119]],[[6178,34635],[-15,-2]],[[6254,34696],[146,21]],[[6400,34522],[-116,-1]],[[6284,34521],[-106,114]],[[5867,35065],[93,0]],[[5960,35065],[80,-163]],[[5935,34883],[-68,182]],[[5899,35395],[58,-64],[384,8]],[[6341,35339],[8,-444],[52,-1]],[[5960,35065],[-73,119]],[[5887,35184],[12,211]],[[5887,35184],[-69,-30]],[[5818,35154],[-116,241]],[[5702,35395],[197,0]],[[5867,35065],[-49,89]],[[6399,34405],[-54,5]],[[6345,34410],[-103,30]],[[6239,34441],[45,80]],[[6338,34331],[7,79]],[[6665,33422],[27,5]],[[6692,33427],[-5,-158]],[[6687,33269],[-93,-24]],[[6594,33245],[-23,44]],[[6571,33289],[22,94]],[[6593,33383],[72,39]],[[7067,33570],[203,0]],[[7270,33570],[60,-256],[99,-190]],[[7429,33124],[-289,1],[-76,-149]],[[7064,32976],[-166,6]],[[6898,32982],[-7,211]],[[6891,33193],[-39,173]],[[6852,33366],[72,15],[143,189]],[[6680,33528],[-37,-81]],[[6643,33447],[-45,-49]],[[6598,33398],[-25,32]],[[6573,33430],[45,46]],[[6618,33476],[62,52]],[[6680,33528],[7,12]],[[6687,33540],[71,-7]],[[6758,33533],[-18,-110]],[[6740,33423],[-48,4]],[[6665,33422],[-22,25]],[[6740,33423],[112,-57]],[[6891,33193],[-186,22]],[[6705,33215],[-18,54]],[[6758,33533],[89,31]],[[6847,33564],[220,6]],[[6593,33383],[5,15]],[[6472,33476],[31,44]],[[6503,33520],[41,-49]],[[6544,33471],[-72,5]],[[6544,33471],[29,-41]],[[6571,33289],[-137,-2]],[[6434,33287],[38,189]],[[6559,34031],[-4,-90]],[[6555,33941],[-53,-22]],[[6502,33919],[-31,36]],[[6471,33955],[83,89]],[[6470,33902],[9,-10]],[[6479,33892],[22,-26]],[[6501,33866],[-32,-37]],[[6469,33829],[-57,7]],[[6412,33836],[15,17]],[[6427,33853],[43,49]],[[6555,33904],[54,-39]],[[6609,33865],[-3,-20]],[[6606,33845],[-94,8]],[[6512,33853],[24,25]],[[6536,33878],[19,26]],[[6633,33979],[-24,-114]],[[6555,33904],[0,37]],[[6641,34022],[-8,-43]],[[6430,33949],[40,-47]],[[6427,33853],[-37,42]],[[6390,33895],[40,54]],[[6536,33878],[-34,40]],[[6502,33918],[0,1]],[[6512,33853],[-11,13]],[[6479,33892],[23,26]],[[6430,33949],[41,6]],[[6469,33829],[39,-25]],[[6508,33804],[-10,-52]],[[6498,33752],[-34,-30]],[[6464,33722],[-26,8]],[[6438,33730],[-7,27]],[[6431,33757],[-21,43]],[[6410,33800],[-2,16]],[[6408,33816],[4,20]],[[6487,33608],[-16,-130]],[[6471,33478],[-55,65]],[[6416,33543],[-6,42]],[[6410,33585],[77,23]],[[6502,33654],[13,-17]],[[6515,33637],[-28,-29]],[[6410,33585],[-7,8]],[[6403,33593],[12,17]],[[6415,33610],[32,35]],[[6447,33645],[55,9]],[[6508,33804],[93,-5]],[[6601,33799],[-75,-74]],[[6526,33725],[-28,27]],[[6526,33725],[-24,-71]],[[6447,33645],[-3,54]],[[6444,33699],[20,23]],[[6444,33699],[-66,-19]],[[6378,33680],[-25,-6]],[[6353,33674],[0,4]],[[6353,33678],[85,52]],[[6606,33845],[-2,-47]],[[6604,33798],[-3,1]],[[6415,33610],[-42,9]],[[6373,33619],[5,61]],[[6604,33798],[55,-56]],[[6659,33742],[-67,-76]],[[6592,33666],[-90,-12]],[[6515,33637],[33,-67]],[[6548,33570],[-45,-50]],[[6472,33476],[-1,2]],[[6593,33616],[12,17]],[[6605,33633],[82,-93]],[[6618,33476],[-25,140]],[[6548,33570],[45,46]],[[6659,33742],[41,12]],[[6700,33754],[147,-190]],[[6605,33633],[-13,33]],[[6633,33979],[35,-68]],[[6668,33911],[74,-64]],[[6742,33847],[-42,-93]],[[6693,34010],[-25,-99]],[[6799,33999],[-57,-152]],[[7279,33630],[-9,-60]],[[6705,33215],[-111,30]],[[6433,33287],[1,0]],[[6898,32982],[-186,-89],[-58,-79],[-321,-36]],[[6333,32778],[44,225]],[[6377,33003],[56,284]],[[7064,32976],[152,-298],[0,-200]],[[7216,32478],[-506,0],[-17,-52]],[[6345,32519],[-48,168]],[[6297,32687],[34,50]],[[6331,32737],[2,41]],[[6335,33844],[73,-28]],[[6410,33800],[-67,-38]],[[6343,33762],[-8,82]],[[6431,33757],[-88,5]],[[6335,33844],[55,51]],[[6349,33440],[67,103]],[[6433,33287],[-89,-1]],[[6344,33286],[5,154]],[[6274,33515],[2,-13]],[[6276,33502],[-67,-30]],[[6209,33472],[8,67]],[[6217,33539],[39,9]],[[6256,33548],[18,-33]],[[6264,33591],[35,-12]],[[6299,33579],[-25,-64]],[[6256,33548],[8,43]],[[6139,33486],[9,16]],[[6148,33502],[61,-30]],[[6209,33472],[-14,-32]],[[6195,33440],[2,-53]],[[6197,33387],[-52,18]],[[6145,33405],[-6,81]],[[6203,33594],[24,0]],[[6227,33594],[37,-3]],[[6217,33539],[-14,55]],[[6217,33539],[-75,-3]],[[6142,33536],[-6,36]],[[6136,33572],[67,22]],[[6197,33387],[9,-102]],[[6206,33285],[-1,0]],[[6205,33285],[-39,-1]],[[6166,33284],[-21,121]],[[6114,33584],[22,-12]],[[6142,33536],[6,-34]],[[6139,33486],[-25,98]],[[6299,33579],[28,3]],[[6327,33582],[-1,-20]],[[6326,33562],[23,-122]],[[6349,33440],[-38,2]],[[6311,33442],[-13,6]],[[6298,33448],[-22,54]],[[6344,33286],[-21,0]],[[6323,33286],[-12,156]],[[6298,33448],[-103,-8]],[[6323,33286],[-49,-1]],[[6274,33285],[-68,0]],[[6326,33562],[77,31]],[[6168,33727],[1,-53]],[[6169,33674],[-40,17]],[[6129,33691],[39,36]],[[6169,33674],[7,-23]],[[6176,33651],[0,-13]],[[6176,33638],[-67,-13]],[[6109,33625],[20,66]],[[5659,33828],[22,-53],[-135,-21],[49,93],[64,-19]],[[6176,33638],[51,-8]],[[6227,33630],[0,-36]],[[6114,33584],[-5,41]],[[6176,33651],[30,0]],[[6206,33651],[21,-4]],[[6227,33647],[0,-17]],[[6244,33071],[70,64]],[[6314,33135],[13,15]],[[6327,33150],[-12,-131]],[[6315,33019],[-68,-43]],[[6247,32976],[-3,95]],[[6193,33154],[47,-3]],[[6240,33151],[4,-80]],[[6247,32976],[-35,5]],[[6212,32981],[-17,25]],[[6195,33006],[-7,81]],[[6188,33087],[5,67]],[[6274,33285],[53,-135]],[[6314,33135],[-74,16]],[[6193,33154],[12,131]],[[6188,33087],[-66,-7]],[[6122,33080],[44,204]],[[6377,33003],[-62,16]],[[6334,33778],[-61,-64]],[[6273,33714],[-9,21]],[[6264,33735],[70,43]],[[6313,33677],[25,-1]],[[6338,33676],[-8,-56]],[[6330,33620],[-20,20]],[[6310,33640],[3,37]],[[6168,33727],[38,43]],[[6206,33770],[1,-101]],[[6207,33669],[-1,-18]],[[6334,33778],[19,-100]],[[6353,33674],[-15,2]],[[6313,33677],[-45,0]],[[6268,33677],[5,37]],[[6373,33619],[-43,1]],[[6327,33582],[3,38]],[[6206,33770],[58,-35]],[[6268,33677],[-14,0]],[[6254,33677],[-47,-8]],[[6227,33647],[28,0]],[[6255,33647],[55,-7]],[[6254,33677],[1,-30]],[[6161,33006],[-10,-70]],[[6151,32936],[-43,-13]],[[6108,32923],[-9,25]],[[6099,32948],[62,58]],[[6097,32802],[60,-15]],[[6157,32787],[16,-72]],[[6173,32715],[-3,-17]],[[6170,32698],[-11,-36]],[[6159,32662],[-74,-1]],[[6085,32661],[12,141]],[[6195,33006],[-34,0]],[[6099,32948],[-89,31]],[[6010,32979],[112,101]],[[6212,32981],[-11,-116]],[[6201,32865],[-28,-150]],[[6157,32787],[-9,77]],[[6148,32864],[3,72]],[[6108,32923],[-20,-42]],[[6088,32881],[-78,98]],[[6159,32662],[-22,-175]],[[6107,32487],[-22,174]],[[6148,32864],[-53,-5]],[[6095,32859],[-7,22]],[[6097,32802],[-2,57]],[[6331,32737],[-130,128]],[[6297,32687],[-127,11]],[[10717,25133],[137,5]],[[10854,25138],[-76,-159],[-97,34]],[[10681,25013],[3,46]],[[10684,25059],[33,74]],[[10285,24962],[-152,-209],[-178,122],[-96,-2],[-111,154],[75,149]],[[9823,25176],[53,407]],[[9876,25583],[792,-49],[120,86],[0,150],[94,58],[37,146],[133,146],[131,-52],[254,0],[0,338],[242,51],[6,127]],[[11685,26584],[65,152],[85,337]],[[11835,27073],[95,83],[158,-48],[206,-148],[162,59],[110,-207],[273,-164],[104,-13]],[[12943,26635],[-3,-96],[-209,-31],[-144,-179],[82,-100],[-286,-240],[-195,-41],[-172,-90],[-112,-121],[-62,-192],[-11,-187],[-130,33],[-328,-120],[-23,-169],[-144,29],[-112,-83],[-192,5],[11,188]],[[10913,25241],[-76,38]],[[10837,25279],[-63,137],[-203,-58],[-4,-300]],[[10567,25058],[-235,40],[-47,-136]],[[10913,25241],[-59,-103]],[[10717,25133],[120,146]],[[8478,25808],[1040,-1],[116,-47],[242,18],[0,-195]],[[9823,25176],[-204,4],[-99,-216],[-256,77],[-127,-114],[-390,108],[-177,-83],[-235,95],[-84,-43]],[[10784,29551],[131,279],[600,5],[48,125],[190,-22],[222,24],[39,-58],[267,15],[74,151],[102,-131],[147,168],[130,-167],[203,83],[506,-57],[0,-632],[645,0],[24,42]],[[14112,29376],[208,-149],[-215,-388],[17,-269],[106,-1],[0,-272],[-325,0],[-202,-250],[-153,2],[292,-412],[0,-716],[177,-68]],[[14017,26853],[-2,-193],[-248,16],[-57,-186],[-168,95],[-242,79],[-183,23],[-174,-52]],[[11835,27073],[-874,9]],[[10961,27082],[-1,766],[-190,103],[1,133],[-94,98],[-8,130],[123,32],[-6,303]],[[10786,28647],[82,0],[11,440],[-17,365],[-78,99]],[[8790,29064],[-9,392],[300,-57],[291,33],[0,69],[162,140],[185,3],[118,106],[353,-14]],[[10190,29736],[126,-93],[-30,-143],[387,14],[111,37]],[[10786,28647],[-640,4],[-328,-35],[-80,45],[-167,-31],[-31,390],[-201,-19],[-323,63],[-226,0]],[[8235,28915],[172,32],[383,11],[0,106]],[[10961,27082],[-147,-46],[-233,11],[-49,44],[-228,-22],[0,-249]],[[10304,26820],[-386,10],[-73,-177],[-262,-40],[0,77],[-188,27],[-167,-70],[-82,46],[-406,-10],[-152,23],[0,-116],[-179,-278]],[[10567,25058],[117,1]],[[10681,25013],[107,-167],[-36,-103],[-305,198],[-162,21]],[[10304,26820],[149,-215],[966,1],[155,-83],[111,61]],[[6758,36459],[374,0],[52,-411]],[[7184,36048],[1,-360],[-174,0],[1,-504],[-32,-211]],[[6341,35339],[310,-1],[0,230],[61,206],[63,454],[-17,231]],[[8505,35295],[240,106],[252,189],[274,34],[49,-72],[190,13],[35,-117],[218,-7],[69,193],[334,11],[70,-27]],[[10236,35618],[198,-40],[202,169],[382,0]],[[11018,35747],[-13,-383],[69,-68],[-5,-213],[-151,-89],[1,-314],[48,-22],[1,-349],[-245,50],[-338,4],[-97,-53],[0,-302],[47,-220],[5,-252],[-58,-196]],[[10282,33340],[-286,-119],[-249,5],[-36,-58],[-373,-21]],[[9338,33147],[16,143],[-42,408],[-181,165],[-96,1],[-7,149],[134,215],[-75,165],[-223,45],[-147,236]],[[8717,34674],[19,58],[-164,355],[-67,208]],[[10018,39025],[108,0],[0,-1422],[-16,-767],[54,-135],[-25,-322],[-11,-589],[82,0],[26,-172]],[[8505,35295],[-200,-42],[-243,46],[-109,-58]],[[7953,35241],[-5,328],[60,353]],[[8008,35922],[25,153],[-45,176],[-7,358],[-88,225],[-68,0],[0,214],[-160,0],[-55,131],[25,350],[195,1],[-1,352],[-68,4],[-1,257],[419,22],[330,-27],[179,81],[303,10],[124,86],[245,-36],[3,687],[310,1],[61,58],[284,0]],[[4496,39205],[167,110],[285,0],[47,-193],[534,0],[107,-104],[253,52],[320,162],[0,-204],[176,28]],[[6385,39056],[0,-356],[49,0],[18,-981],[59,-158],[-1,-644],[40,-141],[0,-234],[202,0],[6,-83]],[[5702,35395],[-23,80],[-238,438],[-129,463],[-120,342],[-161,368],[-136,259],[-123,383],[-163,431],[-41,729],[-83,86],[11,231]],[[11018,35747],[227,43],[-17,121],[146,41],[223,0],[80,101],[70,226],[332,38],[8,-565],[-15,-211],[216,-383],[160,-55],[172,0],[0,-183],[107,0],[0,-224],[-142,0],[393,-639],[128,-153],[336,-10],[90,-123],[20,-252],[-212,0],[198,-299]],[[13538,33220],[-38,-33],[-535,3],[-118,-80],[-136,33],[-114,-47],[-280,-17],[-313,-97],[-597,17]],[[11407,32999],[29,141],[-282,8],[9,108],[-344,98],[-255,22],[-282,-36]],[[6385,39056],[0,57],[528,-5],[142,-39],[364,14],[6,651],[-74,105],[399,19],[34,45],[485,-9],[203,205],[-74,53],[-29,219],[138,-88],[531,0]],[[9038,40283],[0,-81],[868,0]],[[9906,40202],[16,-242],[285,107],[53,-62],[-21,-190],[-78,-51],[-143,26],[-68,-146],[10,-470],[58,-149]],[[8008,35922],[-123,-110],[-151,39],[-209,-27],[-91,206],[-250,18]],[[9906,40202],[142,179],[-31,166],[49,188],[202,-159],[57,175],[1750,0]],[[12075,40751],[1251,-605],[992,-488],[1029,-502]],[[15347,39156],[-5,-1691],[-4,-1383],[-1,-1222],[1,-1641]],[[15338,33219],[-1800,1]],[[8717,34674],[-273,-155],[-171,81],[-379,-223],[-137,-38],[102,-196],[-77,-80],[-230,12]],[[7407,34656],[369,68],[-59,208],[207,123],[29,186]],[[9338,33147],[-105,-85],[-774,-2],[-32,-103],[-204,-159],[-127,-24],[-612,-2],[1,352],[-56,0]],[[11407,32999],[-56,-229],[-154,-163],[-11,-177],[-160,-34],[-8,-227],[-235,-8],[0,-99],[-297,27],[-42,42],[-238,-30],[-14,96],[-130,41],[-47,-223],[-356,30],[-54,-42]],[[9605,32003],[-178,83],[-420,-1],[-175,-116],[-200,-74],[65,-296],[-246,-14],[-128,-80],[-242,-66]],[[8081,31439],[-11,100],[-138,29],[-325,574],[-175,221],[-216,0],[0,115]],[[15338,33219],[0,-1632],[1178,0]],[[16516,31587],[-277,-330],[-370,-339],[-82,-231],[-411,-16],[73,-113],[-193,-141],[66,-251],[-503,-394],[-199,176],[-508,-572]],[[10190,29736],[30,149],[-57,107],[61,141],[-17,162],[102,483],[-260,27],[9,428],[-185,39],[-272,202],[-7,186],[96,69],[-85,274]],[[8081,31439],[-20,-267],[-70,0],[-1,-215],[-84,-78],[-23,-152],[-214,-3],[-123,-69]],[[8727,31198],[286,88],[383,-6],[1,-242],[108,20],[-11,-170],[-437,-7],[-2,-144],[-225,9],[-67,157],[18,167],[-54,128]],[[20103,74802],[94,-36],[-9,-123]],[[20188,74643],[-100,7],[15,152]],[[25239,80323],[114,0],[9,0]],[[25362,80323],[1276,0],[1676,0],[-25,-239],[0,-1068],[-59,0],[0,-796],[84,0],[0,-812],[482,0],[0,-207],[244,0]],[[29040,77201],[55,0],[0,-267],[104,0],[0,-154],[799,0],[0,-254],[-468,0],[0,-376],[-292,0],[0,-153],[-283,0],[-90,79],[-58,-175],[-101,-111],[274,-65],[0,-153],[181,0],[0,-424],[499,0],[0,-924],[-736,0],[0,-224],[91,0],[-20,-240],[0,-407],[-132,0],[-155,213],[-185,-77],[-134,39],[-5,-451],[-283,-356],[117,-177],[117,-99],[33,-136],[118,9],[88,-151],[-1,-559],[140,-23],[859,-17],[0,-685],[-167,0],[0,-516],[-1089,1],[-1,-219]],[[28315,70149],[-1083,0],[-1083,0],[-1083,0],[-1083,0],[-942,9]],[[23041,70158],[-39,1444],[4,711],[-316,0],[0,264],[262,0],[-31,480],[-357,0],[5,657],[-433,0],[-1,819],[212,0],[0,511],[-175,-1],[0,1032],[52,0],[-48,540],[-299,-1],[0,120],[759,-3]],[[22636,76731],[29,-239],[144,-99],[187,-348],[76,-49],[-15,348],[45,29],[66,470],[-81,299],[-9,173],[131,102],[35,-121],[94,-8],[125,-131],[100,-237],[48,100],[-72,380],[65,132],[271,265],[-13,64],[-321,-194],[-56,60],[-117,310],[-179,259],[-256,157],[212,256],[-310,35],[64,160],[148,-86],[160,-40],[-74,219],[137,58],[-72,169],[169,14],[-124,168],[-138,-12],[4,186],[-52,233],[208,68],[218,-58],[41,-180],[-85,-114],[174,-154],[325,-66],[-102,146],[190,115],[224,-67],[112,-92],[67,-238],[56,-73],[197,3],[137,211],[139,-185],[545,23],[-64,148],[-222,61],[-304,-87],[-73,82],[23,234],[-53,68],[144,310],[171,-122],[131,143],[-17,334]],[[29040,77201],[4,418],[1017,1],[0,-522],[198,0],[1,-364],[925,1],[0,48],[515,-2],[0,-43],[557,0],[0,179],[82,110],[598,1],[0,243],[145,0],[0,123],[92,29],[507,0],[0,211],[474,0],[32,-163],[623,1]],[[34810,77472],[0,-1527],[0,-2140],[0,-1284]],[[34810,72521],[0,-1920],[0,-4812],[0,-679]],[[34810,65110],[-5413,0],[-1082,0],[0,325],[0,3261],[0,1453]],[[25362,80323],[-86,90],[16,203],[109,126],[121,50],[-27,165],[-69,9],[-143,-118],[-198,-496],[-67,184],[-5,179],[-147,-1],[-36,391],[42,183],[73,-4],[-35,310],[102,242],[88,27],[80,-97],[149,0],[77,70],[54,250],[-51,159],[91,233],[202,-115],[128,-158],[213,-103],[158,-282],[78,64],[64,309],[-35,114],[-105,45],[-230,-163],[-95,149],[13,132],[-88,296],[111,127],[201,-7],[159,257],[225,-358],[134,138],[76,1],[119,-148],[147,33],[7,322],[-49,77],[-174,33],[-56,140],[107,64],[-3,125],[-231,129],[-21,152],[-83,28],[278,395],[-29,144],[171,113],[241,-143],[21,148],[68,94],[238,5],[-26,148],[55,147],[-84,284],[84,236],[225,-221],[-108,-144],[-32,-237],[63,-150],[230,78],[89,-166],[-10,-150],[56,-111],[154,-93],[-57,222],[149,135],[66,-91],[91,49],[7,188],[-93,209],[184,204],[-67,217],[153,65],[63,159],[-12,155],[-109,146],[-145,-59],[-89,79],[156,232],[47,196],[242,-248],[-20,-180],[18,-316],[77,1],[52,-179],[209,154],[-114,127],[88,279],[119,89],[194,57],[28,-393],[139,-108],[26,-178],[151,127],[33,211],[130,-8],[75,213],[-116,58],[100,127],[135,-34],[138,105],[-139,108],[-144,363],[125,42],[121,-56],[55,138],[226,-100],[182,-151],[70,-142],[25,-225],[98,87],[142,-34],[84,122],[110,-170],[71,155],[255,-256],[-35,-172],[193,-98],[128,-170],[158,-132],[89,-188],[148,-224],[18,-159],[145,-286],[192,-104],[42,-198],[153,20],[116,-182],[95,-53],[115,-146],[-19,-219],[-146,-457],[-11,-343],[-60,-122],[51,-173],[-71,-423],[51,-227],[-72,-243],[67,-9],[68,178],[21,360],[-37,242],[34,72],[138,-137],[64,79],[2,212],[-58,99],[78,279],[129,76],[134,5],[10,253],[128,-83],[134,8],[-83,174],[-3,120],[239,116],[315,-84],[97,-115],[207,-58],[165,7],[199,-67]],[[34813,83575],[-3,-1609],[0,-1239],[0,-1752],[0,-1503]],[[25071,82107],[-66,86],[68,214],[138,42],[40,-150],[147,-236],[-179,-123],[-36,140],[-112,27]],[[26437,84253],[-72,39],[-12,235],[126,286],[133,-127],[-27,-267],[-148,-166]],[[26530,83079],[108,-43],[-24,-116],[-98,-43],[14,202]],[[32919,82769],[-26,129],[105,44],[80,-99],[-62,-130],[-97,56]],[[23041,70158],[-1,-868],[-4048,11],[0,-182],[-420,0],[-4,76],[-169,0],[0,94],[-670,-1],[0,-325],[-709,0],[0,92],[-220,0],[-39,-567],[-1306,0],[0,420]],[[15455,68908],[286,34],[275,111],[531,260],[136,47],[412,242],[304,159],[238,191],[301,291],[285,392],[367,690],[55,193],[184,494],[103,403],[152,57],[118,133],[-63,293],[59,205],[102,112],[150,-51],[236,206],[100,188],[160,70],[167,284],[226,112],[95,108],[39,168],[-18,223],[-267,120]],[[20103,74802],[-22,619],[-118,362],[10,596],[50,267],[116,224],[113,117],[-49,97],[104,152],[88,50],[41,123],[264,185],[143,-66],[39,165],[-69,209],[86,149],[101,-52],[245,68],[83,114],[-73,151],[83,304],[138,86],[134,185],[-13,131],[265,220],[-24,-254],[-89,-317],[53,-169],[122,-207],[93,-52],[37,-219],[102,-68],[-21,-328],[189,-147],[93,-189],[27,-209],[116,-160],[76,-208]],[[34810,65110],[0,-1844],[0,-1105],[0,-2250],[0,-1219]],[[34810,58692],[-1119,-4],[-1446,4],[-3930,-26],[-1110,8],[-1778,18]],[[25427,58692],[-1228,-9],[-1492,-2],[-900,3],[-1111,8],[-986,-3],[-1134,3],[-1083,0],[0,-836],[-723,0],[196,345],[65,491],[-1547,-8],[-1091,1],[-1494,6],[-991,0]],[[11908,58691],[329,803],[558,1358],[625,0],[0,440],[-242,0],[0,233],[-326,0],[0,98],[-224,0],[0,199],[224,0],[0,-79],[568,0],[0,79],[655,-6],[-103,461],[-431,0],[111,92],[0,317],[-528,0],[0,30],[-565,16],[-64,42],[0,220],[-236,-1],[0,438],[-81,119],[0,211],[-105,112],[-287,0],[0,-78],[-252,0],[0,222],[-118,0],[13,643],[-106,0],[0,-268],[-153,0],[55,182],[0,208],[77,141],[-167,0]],[[11135,64923],[0,167],[-116,0],[0,461],[408,0],[17,597],[-57,206],[-88,0],[-117,-99],[-177,38],[0,90],[-173,0],[0,349],[-257,2]],[[10575,66734],[-70,48],[177,154],[29,133],[117,51],[25,172],[101,22],[405,358],[-14,-100],[285,97],[117,-18],[145,51],[196,2],[107,130],[11,-46],[23,-100]],[[12229,67688],[33,-114]],[[12262,67574],[-34,-108],[123,-9],[-6,93]],[[12345,67550],[128,26],[-15,160]],[[12458,67736],[197,138],[109,-1],[163,331],[100,71],[114,316],[126,33],[93,182],[155,-91],[12,100],[641,-156],[227,-188],[364,183],[5,135],[207,-7],[287,104],[197,22]],[[14761,58968],[-43,-112],[95,19],[-52,93]],[[12345,67550],[-83,24]],[[12229,67688],[87,115],[142,-67]],[[11908,58691],[0,365],[-560,0],[-192,63],[0,-238],[-189,-54],[-328,0],[-269,45],[0,-173],[-172,0],[47,-277],[185,0],[0,-247],[-64,-176],[0,-179],[-191,0],[0,-153]],[[10175,57667],[-1241,13],[-18,-47],[-404,-1],[0,674],[-564,-4],[1,188],[-223,-1],[-2,-258],[-427,-2],[0,-162],[-231,0],[-116,153],[-132,72],[-209,0],[0,-901],[-233,0],[-316,131],[3,290],[-52,197],[-214,-1],[0,291],[-171,0],[0,257],[-103,6],[0,270],[-612,0],[0,-175],[-993,0],[1,182],[-229,0],[0,493],[90,0],[-1,263],[-277,0],[0,162],[-142,0],[0,161],[256,0],[0,144],[102,0],[123,489],[113,277],[0,108],[-253,0],[0,475],[-170,0],[1,660],[-275,-1]],[[3257,62070],[120,226],[-17,133],[82,129],[78,241],[128,123],[60,196],[7,199],[172,147],[101,10],[315,305],[118,44],[186,-14],[118,139],[270,124],[157,-6],[209,111],[194,196],[135,222],[85,0],[5,0]],[[5780,64595],[630,0],[0,-91],[158,-100],[0,-305],[103,0],[0,142],[226,0],[0,404],[135,0],[0,218],[603,0],[0,-57],[746,0],[0,363],[477,0],[0,143],[152,-84],[0,-177],[130,0],[0,198],[314,0],[0,-198],[-157,0],[0,-161],[706,0],[0,455],[336,0],[0,-640],[481,0],[0,-322],[128,0],[0,-713],[274,0],[0,227],[-87,0],[0,1026]],[[5184,66342],[247,415],[68,-41],[21,-157],[-64,-277],[-67,-111],[-235,-4],[30,175]],[[8413,66664],[187,-77]],[[8600,66587],[3,-125],[-168,-94],[-116,17],[-32,239],[126,40]],[[5780,64595],[-19,80],[142,194],[56,3],[267,201],[103,154],[147,329],[154,112],[324,135],[107,75],[32,385],[190,-123],[150,102],[224,61],[135,200],[139,36],[334,292],[138,320],[31,-142],[-62,-248],[41,-97]],[[8600,66587],[194,191],[209,66],[62,-57],[112,150],[39,-230],[432,-198],[312,107],[225,146],[35,-85],[266,78],[89,-21]],[[19687,28473],[-250,-31],[-33,-103],[-219,-75],[-197,137]],[[18988,28401],[-67,185],[3,188],[135,-49],[202,-1],[59,47],[288,26],[228,-24],[-150,-206],[1,-94]],[[16516,31587],[0,570],[970,12],[673,-12],[1280,0],[212,13],[1083,0],[1253,0],[881,-1],[0,-387],[-74,0],[0,-551],[1648,3],[1,-445]],[[24443,30789],[-196,-277],[-269,-839],[-41,-367],[-233,-244],[-135,-90],[-115,-169],[-28,-247],[-334,-213],[-94,-156],[-291,119],[-117,-15],[-142,-218],[-273,-123],[-12,205],[-75,140],[-131,96],[-347,-71],[-163,-60],[-136,93],[-71,-41],[-292,-25],[-92,-105],[-430,63],[-154,-99],[-83,-162],[-295,-36],[12,108],[-73,224],[-146,193]],[[18988,28401],[-71,-66],[-283,169],[-462,13],[-107,-85],[-149,19],[-415,-78],[-303,42],[-133,-95],[-446,9],[-290,-234],[-79,-12],[-434,111],[-255,-36],[-149,63],[-118,-41],[-95,-114],[-206,19],[-150,-166],[-308,-200],[-125,-166],[-168,-393],[8,-207],[-203,-43],[-30,-57]],[[1612,54409],[-42,157]],[[1570,54566],[140,-20],[-98,-137]],[[10175,57667],[0,-284],[395,0],[47,-238],[-24,-1170],[-333,0],[0,-409],[-101,-55],[0,-465],[373,0],[174,-37],[0,-221],[-325,0],[0,-208],[157,0],[0,-1046],[-125,0],[46,-172],[0,-344],[-173,73],[-663,1],[4,-631],[-170,0],[-103,-154],[-719,0],[0,155],[-895,-1],[-78,-121],[0,-171],[-1649,0],[0,-143],[-194,0],[0,-274],[-311,-111],[0,-411],[70,0],[0,-574],[26,-210],[-236,0],[0,-1478],[-206,0],[1,-549],[-29,0],[0,-645],[-184,-58],[0,-253]],[[4950,47463],[-312,-2],[-691,60],[-635,0],[0,160],[-379,0],[-112,78],[0,259],[-353,0],[0,-342],[-222,0]],[[2246,47676],[-495,1057],[-330,567],[-175,240],[-449,551],[8,165],[-222,490],[175,-59],[87,-131],[140,111],[9,269],[124,-168],[77,-305],[-1,-114],[163,-120],[13,-321],[35,-127],[133,9],[-7,-322],[67,-91],[101,109],[162,7],[212,298],[-4,469],[-177,250],[-226,97],[-32,125],[-150,235],[-66,7],[-51,433],[-90,78],[-11,196],[-108,119],[34,81],[-139,170],[38,288],[145,288],[84,-288],[103,-6],[27,-207],[163,-213],[106,-61],[6,-208],[81,-40],[-66,-206],[6,-186],[-74,-91],[16,-305],[38,-159],[141,-9],[195,397],[-32,342],[106,-88],[-44,-125],[29,-252],[86,-83],[-29,-139],[53,-150],[37,-308],[170,-209],[70,-143],[174,228],[110,76],[45,232],[-74,114],[-27,222],[135,38],[-31,240],[-66,119],[78,114],[-25,340],[-245,346],[-2,82],[-161,172],[-119,230],[-8,102],[-175,412],[-31,221],[-66,120],[-52,249],[-77,155],[-224,204],[-69,186],[14,317]],[[1570,54566],[-77,358],[-276,467],[-180,266],[-16,212],[13,341],[-31,195],[113,132],[-52,268],[112,357],[-2,195],[105,198],[31,168],[74,62],[100,353],[308,305],[52,161],[27,543],[-61,304],[14,148],[91,132],[37,151],[-26,353],[-100,361],[-66,135],[-151,110],[34,90],[-71,251],[93,133],[104,249],[10,127],[100,161],[81,228],[73,359],[145,517],[133,284],[181,173],[177,86],[66,-82],[-91,-151],[-18,-222],[-131,-620],[10,-102],[105,-204],[-15,-152],[121,-86],[-128,-202],[-2,-179],[58,-126],[151,60],[94,164],[102,17],[21,-157],[135,23],[62,454],[48,136]],[[183,52656],[-8,-120],[147,-612],[171,-347],[-63,-100],[22,-160],[123,-69],[93,-262],[-122,-83],[-53,197],[-203,312],[-85,245],[-106,194],[12,129],[-108,322],[-3,320],[94,139],[89,-105]],[[2142,51661],[-80,-81],[-53,222],[117,-22],[16,-119]],[[18544,37409],[85,-124]],[[18629,37285],[-83,12]],[[18546,37297],[-58,64]],[[18488,37361],[56,48]],[[18537,37532],[65,-62]],[[18602,37470],[-58,-61]],[[18488,37361],[-56,-55]],[[18432,37306],[-31,56]],[[18401,37362],[136,170]],[[18401,37362],[2,133],[134,37]],[[18546,37297],[-114,9]],[[15347,39156],[1097,-5],[704,6],[732,49],[1427,-4],[1225,9],[886,0],[1482,0],[2166,0],[2364,-33],[885,2],[2921,28],[0,-471],[1013,-7],[2564,7]],[[34813,34721],[-228,-88],[-202,-118],[-348,-271],[-784,-406],[-490,-215],[-755,-209],[-485,-232],[-337,-117],[-244,-57],[-338,-22],[-242,-42],[-375,17],[-216,-46],[-590,82],[-427,139],[-279,-129],[-81,23],[-186,-64],[-325,-221],[-529,-492],[-298,-150],[-110,-14],[-279,-135],[-297,-222],[-165,-40],[-213,-189],[-60,-100],[-329,-204],[-628,-107],[-225,-72],[-305,-231]],[[18629,37285],[72,80],[-99,105]],[[34810,58692],[0,-2027]],[[34810,56665],[1,-4429],[2,-981]],[[12075,40751],[-146,968],[0,507],[616,-6],[0,-538],[1040,3],[312,524],[690,-6],[244,575],[58,196],[0,1115],[525,0],[0,503],[327,0],[0,709],[-90,-2],[7,1265],[-180,0],[-35,321],[0,616],[1012,-5],[1035,-1],[1680,6],[0,1405],[620,0],[0,-63],[857,0],[0,336],[494,0],[0,169],[595,0],[0,-79],[179,0],[0,-185],[796,-3],[1391,-1],[1325,6],[0,3865],[0,2907],[0,2834]],[[3664,43323],[56,-31]],[[3720,43292],[-44,-136]],[[3676,43156],[-41,-19]],[[3635,43137],[29,186]],[[3720,43292],[94,-93]],[[3814,43199],[46,-202],[-83,-122]],[[3777,42875],[-101,281]],[[3557,43790],[106,5],[184,-343],[-33,-253]],[[3664,43323],[-39,298],[-68,169]],[[3777,42875],[-18,-70]],[[3759,42805],[-67,101],[-57,231]],[[4112,42352],[124,123],[556,8],[90,64],[178,-47]],[[5060,42500],[0,-406],[-24,-265],[1,-1141],[-19,-160],[-77,-24],[-469,-13],[-74,38]],[[4398,40529],[81,585],[-81,246],[0,109],[-96,256],[9,81],[-101,386],[-98,160]],[[9038,40283],[1,963],[-157,0],[0,523],[269,0],[0,220],[-263,0],[71,188],[-28,175],[-256,-27],[0,321],[-205,-1],[-1,276],[-460,-2],[2,-120],[-175,-1],[1,-504],[-356,-36],[0,227],[-79,0],[0,185],[-240,0],[-51,178],[-118,128],[-150,0],[-8,144]],[[6835,43120],[317,2],[0,236],[-134,0],[0,326],[198,22],[-1,303],[-71,0],[0,464],[-124,0],[0,229],[-265,0],[0,-100],[-193,0],[0,-135],[82,-79],[0,-211],[-406,15],[0,1181],[98,-127],[124,0],[0,214],[-40,159],[-708,25],[-67,-28],[-338,2],[0,349],[-107,0],[1,365],[150,0],[10,371],[-214,5],[-164,70],[-57,128],[24,557]],[[5060,42500],[165,30],[0,152],[72,90],[476,0],[92,165],[380,26],[158,36],[231,240],[132,88],[69,-207]],[[4496,39205],[-97,276],[50,375],[-38,326],[-13,347]],[[4112,42352],[-353,453]],[[3557,43790],[-172,350],[-122,146],[-74,194],[-172,288],[-177,127],[-151,272],[-62,397],[-78,311],[46,234],[75,196],[-125,588],[-299,783]],[[74081,2506],[-88,141]],[[73993,2647],[37,16]],[[74030,2663],[156,55]],[[74186,2718],[177,-97]],[[74363,2621],[-137,15],[-145,-130]],[[74370,2597],[15,3]],[[74385,2600],[-13,-53]],[[74372,2547],[-2,50]],[[74630,2754],[-125,-157]],[[74505,2597],[-120,3]],[[74370,2597],[-7,24]],[[74186,2718],[266,121],[178,-85]],[[74505,2597],[-6,-97]],[[74499,2500],[-32,-125]],[[74467,2375],[-95,172]],[[74556,2234],[44,9]],[[74600,2243],[41,-25]],[[74641,2218],[-7,-38]],[[74634,2180],[-78,54]],[[74699,2201],[-12,23]],[[74687,2224],[-48,84]],[[74639,2308],[-15,48]],[[74624,2356],[37,129]],[[74661,2485],[74,5]],[[74735,2490],[191,-153],[-21,-263]],[[74905,2074],[-46,-25]],[[74859,2049],[-71,45]],[[74788,2094],[-89,107]],[[74489,2366],[114,-17]],[[74603,2349],[-75,-55]],[[74528,2294],[-39,72]],[[74641,2218],[46,6]],[[74699,2201],[-5,-185]],[[74694,2016],[-60,164]],[[74603,2349],[21,7]],[[74639,2308],[-39,-65]],[[74556,2234],[-28,60]],[[74489,2366],[-22,9]],[[74499,2500],[162,-15]],[[74788,2094],[-94,-78]],[[74905,2074],[23,-289],[-157,162],[88,102]],[[74342,2464],[-166,13]],[[74176,2477],[-92,24]],[[74084,2501],[141,91],[117,-128]],[[74355,2416],[-3,-43]],[[74352,2373],[-62,-50]],[[74290,2323],[-170,-75]],[[74120,2248],[62,128]],[[74182,2376],[39,38]],[[74221,2414],[134,2]],[[74342,2464],[13,-48]],[[74221,2414],[-45,63]],[[74421,2361],[52,-86]],[[74473,2275],[-1,-1]],[[74472,2274],[-62,36]],[[74410,2310],[11,51]],[[74385,2348],[36,13]],[[74410,2310],[-10,-11]],[[74400,2299],[-11,-44]],[[74389,2255],[-39,-38]],[[74350,2217],[-26,83]],[[74324,2300],[61,48]],[[74352,2373],[33,-25]],[[74324,2300],[-34,23]],[[74472,2274],[-49,-26]],[[74423,2248],[-7,1]],[[74416,2249],[-16,50]],[[74081,2506],[3,-5]],[[74182,2376],[-327,126],[138,145]],[[74416,2249],[-27,6]],[[74225,1961],[82,75]],[[74307,2036],[149,15]],[[74456,2051],[61,-13]],[[74517,2038],[-20,-126]],[[74497,1912],[-18,-4]],[[74479,1908],[-59,-85]],[[74420,1823],[-195,138]],[[74479,1908],[62,-211],[-66,-33],[-63,149]],[[74412,1813],[8,10]],[[74135,2012],[90,-51]],[[74412,1813],[-60,-286]],[[74352,1527],[-157,-41]],[[74195,1486],[-55,89]],[[74140,1575],[81,141],[-157,51],[71,245]],[[74350,2217],[22,-45]],[[74372,2172],[-65,-136]],[[74135,2012],[-15,77]],[[74120,2089],[0,159]],[[74517,2038],[39,2]],[[74556,2040],[20,-4]],[[74576,2036],[-79,-124]],[[74469,2205],[-4,17]],[[74465,2222],[23,35]],[[74488,2257],[30,-113]],[[74518,2144],[-26,6]],[[74492,2150],[-3,3]],[[74489,2153],[-8,2]],[[74481,2155],[-12,50]],[[74423,2248],[42,-26]],[[74469,2205],[-48,-32]],[[74421,2173],[-49,-1]],[[74492,2150],[64,-110]],[[74456,2051],[33,102]],[[74473,2275],[15,-18]],[[74518,2144],[58,-108]],[[74421,2173],[60,-18]],[[75101,2424],[308,61],[88,191]],[[75497,2676],[285,-21],[42,-48]],[[75824,2607],[-80,-25],[-185,-421],[-291,-34],[-152,100],[-15,197]],[[74630,2754],[91,27],[206,-72],[246,78]],[[75173,2787],[274,-59],[50,-52]],[[75101,2424],[-366,66]],[[74072,6453],[36,-16]],[[74108,6437],[-11,-38],[-46,25],[21,29]],[[74144,6325],[17,5]],[[74161,6330],[26,-62]],[[74187,6268],[-65,-24]],[[74122,6244],[-18,50]],[[74104,6294],[40,31]],[[74143,6409],[-22,-55]],[[74121,6354],[-26,-13]],[[74095,6341],[-25,29]],[[74070,6370],[73,39]],[[73858,6648],[97,-113]],[[73955,6535],[-127,-29]],[[73828,6506],[30,142]],[[74056,6473],[125,2]],[[74181,6475],[-45,-38]],[[74136,6437],[-28,0]],[[74072,6453],[-16,20]],[[73997,6532],[102,53],[130,-88]],[[74229,6497],[-48,-22]],[[74056,6473],[-59,59]],[[74143,6409],[25,-27]],[[74168,6382],[2,-24]],[[74170,6358],[-9,-28]],[[74144,6325],[-23,29]],[[74170,6358],[37,-51]],[[74207,6307],[-20,-39]],[[73935,6318],[32,40]],[[73967,6358],[50,-58]],[[74017,6300],[58,-85]],[[74075,6215],[-36,-25]],[[74039,6190],[-104,128]],[[74229,6497],[12,-23]],[[74241,6474],[-72,-92]],[[74169,6382],[-33,55]],[[73955,6535],[83,-110]],[[74038,6425],[-71,-67]],[[73935,6318],[-201,85]],[[73734,6403],[1,2]],[[73735,6405],[93,101]],[[74104,6294],[0,11]],[[74104,6305],[-9,36]],[[74122,6244],[33,-31]],[[74155,6213],[-65,-20]],[[74090,6193],[-15,22]],[[74017,6300],[18,13]],[[74035,6313],[69,-8]],[[74038,6425],[19,-64]],[[74057,6361],[-22,-48]],[[74168,6382],[1,0]],[[74241,6474],[119,-91],[-84,-167]],[[74276,6216],[-69,91]],[[74057,6361],[13,9]],[[74276,6216],[-121,-3]],[[73574,7071],[-114,-71],[-88,-254],[-119,44]],[[73253,6790],[26,26],[-218,555]],[[73061,7371],[125,75],[122,-35],[102,-254],[120,58],[44,-144]],[[72736,6570],[323,124]],[[73059,6694],[94,-10]],[[73153,6684],[42,-173],[98,-12]],[[73293,6499],[72,-186],[-100,-249],[-153,-91],[-41,-183],[118,-214]],[[73189,5576],[-230,-107],[-392,57],[-180,-131],[86,-148],[-94,-230],[-70,-58],[-571,-141]],[[71738,4818],[-215,842]],[[71523,5660],[164,313],[329,-74],[43,232],[67,101],[198,-49],[375,-29],[-96,142],[40,176],[93,98]],[[73574,7071],[164,-326],[120,-97]],[[73735,6405],[-99,117],[-259,64],[-84,-87]],[[73153,6684],[100,106]],[[74039,6190],[-46,-117],[-270,-189]],[[73723,5884],[1,163],[-94,198],[104,158]],[[73723,5884],[4,-113]],[[73727,5771],[-14,-174],[-187,40],[-63,-82]],[[73463,5555],[-274,21]],[[75143,6600],[125,-402]],[[75268,6198],[-82,43],[-137,-83],[-223,-13],[-151,-111]],[[74675,6034],[-129,128],[-106,-68],[-164,122]],[[73997,6532],[-46,155],[-157,44],[26,124]],[[73820,6855],[521,395]],[[74341,7250],[105,-357],[189,18],[31,-111],[401,-37],[76,-163]],[[74236,7627],[109,-83],[-4,-294]],[[73820,6855],[-143,130],[1,153],[-135,130],[-143,23],[-27,175],[166,127],[149,-14],[156,126],[277,-92],[115,14]],[[74090,6193],[-17,-166],[149,-157],[78,-176]],[[74300,5694],[-172,-69],[-161,137],[-240,9]],[[74300,5694],[375,340]],[[75268,6198],[158,-158],[87,-280],[-22,-321],[351,19],[191,63],[58,191],[81,72],[139,-96],[40,-172],[-112,-15],[38,-248]],[[76277,5253],[-566,-150],[-97,-498],[107,-277],[-15,-205],[-155,-197]],[[75551,3926],[-214,24],[-84,97],[-228,28],[-46,143],[-212,186],[-53,-63],[-195,44],[-162,-122]],[[74357,4263],[-7,127],[-200,597],[-178,-68],[-178,120],[-51,157],[-264,93],[-73,135],[57,131]],[[76383,8124],[59,-26],[255,-431],[-90,-116],[-57,-235],[1,-262],[58,-131],[-87,-215],[79,-137],[-59,-237],[38,-289],[74,-201],[-58,-107],[-9,-272],[-51,-190]],[[76536,5275],[-67,-76],[-192,54]],[[75143,6600],[480,77],[98,494],[98,-10],[404,138],[-12,170],[202,238],[-75,141],[45,276]],[[76212,9067],[125,44],[133,-99],[-124,-179],[-140,84],[6,150]],[[76009,9346],[-79,76],[202,139],[249,-31],[329,145],[203,-217],[16,-170],[-220,-160],[-129,185],[-308,-73],[-212,13],[-51,93]],[[75458,10945],[410,403],[404,-553],[266,-144],[58,-417],[88,-286],[-110,-63],[-158,60],[-56,-115],[-139,-67],[-139,75],[-81,217],[-24,193],[-112,75],[-114,258],[-4,125],[-89,149],[-121,-55],[-79,145]],[[74236,7627],[100,150],[208,49],[109,-190],[205,75],[243,384],[126,64],[105,-106],[273,-74],[105,49],[192,374],[238,-92],[68,-168],[175,-18]],[[74357,4263],[22,-211],[-130,-28],[55,-426],[-108,12],[-40,-179],[-89,7],[-120,-164],[-47,-193],[-80,-102],[33,-153]],[[73853,2826],[-662,-56],[-143,148],[-281,96],[-83,-322],[-59,-62]],[[72625,2630],[-9,-98],[-203,-139],[0,265],[108,62],[35,146],[-102,214],[118,294],[93,146],[-83,221],[-292,30],[-265,190],[13,105],[-222,434],[-136,129]],[[71680,4629],[58,189]],[[73853,2826],[177,-163]],[[74120,2089],[-106,-70],[-199,143],[-156,-117],[-178,-31],[-19,90],[-309,147]],[[73153,2251],[-209,61],[-150,-67],[-97,89],[-72,296]],[[75551,3926],[-41,-179],[-73,-46],[-62,-266],[-126,-83],[-1,-128],[-184,-264],[109,-173]],[[71500,1400],[85,64],[-3,322],[32,113],[-326,737],[243,173],[82,195],[210,316],[87,240],[-66,109],[17,187],[-69,276],[-164,417]],[[71628,4549],[52,80]],[[73153,2251],[-24,-356],[182,-88],[35,-140]],[[73346,1667],[-38,-125],[48,-309],[133,-400],[-162,-244],[192,-70],[-137,-146],[140,-245]],[[73522,128],[18,5],[46,27],[-87,-160],[-131,86],[-228,-64],[-265,292],[-251,-54],[-542,153],[-374,-177],[-10,240],[-132,287],[70,71],[-92,147],[32,171],[-103,90],[27,158]],[[74352,1527],[-39,-205],[46,-113],[-44,-144],[-158,-51]],[[74157,1014],[126,229],[-81,63],[-7,180]],[[74446,1340],[56,249],[161,-121],[-15,-109],[84,-173],[-174,-127],[-69,-125],[61,-275],[-61,-202],[-88,-86],[-114,267],[-103,116],[256,289],[123,34],[-117,263]],[[73850,1585],[290,-10]],[[74157,1014],[-386,272],[79,299]],[[73346,1667],[324,-57],[110,-146]],[[73780,1464],[-48,-216],[229,-199],[-75,-120],[23,-131],[-87,-184],[-79,-34],[-185,-300],[-36,-152]],[[73850,1585],[-70,-121]],[[75561,2129],[5,12],[304,70],[88,-125],[2,-145],[-157,-145],[120,-353],[-38,-138],[-242,5],[-164,-96],[-145,70],[-46,152],[-134,190],[-20,187],[139,61],[197,-195],[145,-18],[-54,468]],[[76536,5275],[98,-163],[-59,-467],[130,-260],[-58,-135],[84,-68],[-72,-141],[-156,369],[-91,109],[-109,5],[-186,-115],[-13,-223],[-114,-139],[-27,-201],[51,-97],[-95,-188],[64,-100],[-29,-175],[-132,-296],[58,-192],[-56,-191]],[[76105,2783],[-82,146],[84,156],[114,-42],[83,-189],[-199,-71]],[[71385,7462],[42,-10]],[[71427,7452],[-41,-33]],[[71386,7419],[-1,43]],[[71892,7177],[8,-6]],[[71900,7171],[152,-106]],[[72052,7065],[90,-70],[20,-153]],[[72162,6842],[-200,-230],[-85,-40],[-55,-249],[-180,-97],[-43,149],[-289,-79]],[[71310,6296],[-2,320],[-413,-1],[-86,148],[85,236],[339,390]],[[71233,7389],[10,51]],[[71243,7440],[140,-21]],[[71383,7419],[46,-72],[37,74]],[[71466,7421],[106,-26]],[[71572,7395],[2,0]],[[71574,7395],[23,-110],[172,-134]],[[71769,7151],[123,26]],[[71460,7446],[-33,6]],[[71385,7462],[31,52]],[[71416,7514],[44,-68]],[[71466,7421],[-3,3]],[[71463,7424],[109,-29]],[[71386,7419],[-3,0]],[[71243,7440],[31,45]],[[71274,7485],[142,29]],[[71889,7296],[-120,-145]],[[71574,7395],[315,-99]],[[71460,7446],[3,-22]],[[71233,7389],[-123,128]],[[71110,7517],[86,59]],[[71196,7576],[78,-91]],[[72121,7186],[-69,-121]],[[71900,7171],[221,15]],[[71889,7296],[3,-119]],[[71110,7517],[-156,11],[17,196]],[[70971,7724],[225,-148]],[[72333,7137],[67,43],[23,-90]],[[72423,7090],[-90,47]],[[72520,7159],[-25,-83]],[[72495,7076],[-51,-40]],[[72444,7036],[76,123]],[[72495,7076],[89,-83],[432,-171],[43,-128]],[[72736,6570],[-145,215],[-185,39],[9,81]],[[72415,6905],[54,55]],[[72469,6960],[2,5],[-27,71]],[[72286,7186],[47,-49]],[[72423,7090],[-30,-22]],[[72393,7068],[-110,-67]],[[72283,7001],[3,185]],[[72520,7159],[288,123],[74,-62],[179,151]],[[72393,7068],[76,-108]],[[72415,6905],[-86,5]],[[72329,6910],[-46,91]],[[71523,5660],[-212,296]],[[71311,5956],[-1,340]],[[72162,6842],[167,68]],[[72121,7186],[165,0]],[[66978,11277],[-7,121],[168,142],[0,203],[67,18],[203,-116],[124,-126],[-10,-314],[51,-130],[-48,-136],[65,-163],[-71,-351],[-162,-131],[-277,-126],[-46,485],[-95,188],[55,133],[-17,303]],[[69107,9266],[228,135],[63,-83],[-167,-166],[-124,114]],[[69178,8453],[93,220],[224,-98],[-166,-146],[-151,24]],[[69603,8177],[56,-72],[2,-12]],[[69661,8093],[-30,-155],[231,48],[-6,101],[128,106]],[[69984,8193],[406,-158],[155,25],[99,-139]],[[70644,7921],[-18,-144],[-213,-272],[-62,-242],[-637,-793],[-105,-668]],[[69609,5802],[-15,27],[-11,-1],[-44,29],[-63,2],[-53,-30],[-43,-33],[-16,-26],[-42,-19],[-27,-38],[-72,222],[-226,421],[-23,246],[-196,365],[-30,468],[-115,189],[-6,213],[156,88],[59,152],[-13,291],[75,164],[210,-72],[92,-82],[247,-16],[150,-185]],[[69661,8093],[173,127],[150,-27]],[[70644,7921],[391,-163],[-49,-29],[-15,-5]],[[71311,5956],[-294,-151],[-181,-211],[-796,86],[-357,93]],[[69683,5773],[-74,29]],[[71628,4549],[-201,99],[-202,-27],[-127,-189],[-141,55],[-147,-165],[-185,-50],[-63,-121],[-14,-199],[-231,5]],[[70317,3957],[-60,68],[-41,227],[-205,-48],[8,323],[-149,387],[-143,128],[-249,331],[-81,166],[-114,50],[17,125],[67,49],[44,56],[65,36],[65,-3],[32,-21],[20,-6],[13,-23],[2,-44],[75,15]],[[71500,1400],[-66,-123],[24,-297],[-117,-76],[-86,116],[-209,484],[-144,57],[46,116],[-164,134],[-41,99],[-196,-12],[-177,515],[-113,419],[-185,125],[44,127],[-142,290],[36,57],[-86,450],[210,-69],[440,-331],[70,126],[-60,149],[-117,48],[-150,153]],[[38859,90710],[-30,65]],[[38829,90775],[0,13]],[[38829,90788],[34,8]],[[38863,90796],[80,-27]],[[38943,90769],[0,-57]],[[38943,90712],[-84,-2]],[[38783,90621],[10,7]],[[38793,90628],[24,1]],[[38817,90629],[-37,-23]],[[38780,90606],[3,15]],[[38775,90731],[16,18]],[[38791,90749],[5,-26]],[[38796,90723],[-21,8]],[[38796,90723],[18,-20]],[[38814,90703],[-16,-14],[-2,-27]],[[38796,90662],[-3,-34]],[[38783,90621],[-15,18]],[[38768,90639],[7,92]],[[38780,90606],[-12,33]],[[38791,90749],[16,26]],[[38807,90775],[22,0]],[[38859,90710],[-32,-16]],[[38827,90694],[-13,9]],[[38827,90694],[-30,-26]],[[38797,90668],[-1,-6]],[[38797,90668],[17,-8]],[[38814,90660],[3,-31]],[[38943,90712],[-10,-43]],[[38933,90669],[-82,-4]],[[38851,90665],[-37,-5]],[[38850,90851],[36,-3]],[[38886,90848],[-6,-11]],[[38880,90837],[-6,-4]],[[38874,90833],[-22,-6]],[[38852,90827],[-2,24]],[[38896,90822],[2,5]],[[38898,90827],[20,-11]],[[38918,90816],[-30,-20]],[[38888,90796],[8,26]],[[38943,90769],[23,-9]],[[38966,90760],[8,-6]],[[38974,90754],[33,22]],[[39007,90776],[65,-63]],[[39072,90713],[-29,-65]],[[39043,90648],[-18,-29]],[[39025,90619],[-49,7]],[[38976,90626],[-43,43]],[[38852,90887],[35,-14]],[[38887,90873],[4,-22]],[[38891,90851],[-5,-3]],[[38850,90851],[-10,2]],[[38840,90853],[12,34]],[[38926,90882],[10,91]],[[38936,90973],[68,-25]],[[39004,90948],[3,-172]],[[38974,90754],[-25,56]],[[38949,90810],[-15,15]],[[38934,90825],[-2,2]],[[38932,90827],[-6,55]],[[38976,90626],[-18,-10]],[[38958,90616],[-107,49]],[[38812,90813],[17,5]],[[38829,90818],[0,-4]],[[38829,90814],[0,-26]],[[38807,90775],[5,38]],[[39025,90619],[1,-115]],[[39026,90504],[-68,112]],[[38874,90833],[3,-37]],[[38877,90796],[-13,0]],[[38864,90796],[-14,30]],[[38850,90826],[2,1]],[[38966,90760],[-17,50]],[[38908,90880],[18,2]],[[38932,90827],[-28,21]],[[38904,90848],[4,32]],[[38880,90940],[56,33]],[[38908,90880],[-15,2]],[[38893,90882],[-13,58]],[[38918,90816],[16,9]],[[38863,90796],[1,0]],[[38877,90796],[11,0]],[[38829,90814],[21,12]],[[38880,90837],[16,-15]],[[38815,90851],[14,-33]],[[38812,90813],[3,38]],[[38815,90851],[25,2]],[[38852,90887],[28,53]],[[38893,90882],[-6,-9]],[[38891,90851],[13,-3]],[[38904,90848],[-6,-21]],[[39094,90585],[-51,63]],[[39072,90713],[166,-21],[95,65],[33,-254]],[[39366,90503],[-121,-85]],[[39245,90418],[-75,85]],[[39170,90503],[-14,42]],[[39156,90545],[-62,40]],[[39527,90502],[48,-84],[-16,-256],[-259,0]],[[39300,90162],[-55,256]],[[39366,90503],[96,-85],[65,84]],[[39962,90353],[-212,-5],[-12,108],[-127,-38],[-84,84]],[[39004,90948],[164,62],[41,242],[-80,153],[110,126],[243,-76],[138,-167],[59,11]],[[39679,91299],[58,-60],[39,-179],[-44,-70],[86,-250],[142,-222],[2,-165]],[[39300,90162],[-187,193]],[[39113,90355],[57,148]],[[39962,90353],[-1,-182],[-100,-189],[-114,-66],[5,-163],[-141,-160],[-30,-151],[-97,-2],[-52,108],[-207,26],[0,-130],[-324,3],[0,614]],[[38901,90061],[-9,371],[153,-39]],[[39045,90393],[68,-38]],[[39141,90517],[-2,-31]],[[39139,90486],[-29,5]],[[39110,90491],[2,9]],[[39112,90500],[1,9]],[[39113,90509],[28,8]],[[39101,90556],[6,-17]],[[39107,90539],[-20,-30]],[[39087,90509],[0,-6]],[[39087,90503],[-14,5]],[[39073,90508],[28,48]],[[39094,90585],[7,-29]],[[39073,90508],[0,-23]],[[39073,90485],[-55,-24]],[[39018,90461],[8,43]],[[39107,90539],[6,-30]],[[39112,90500],[-25,9]],[[39087,90503],[12,-43]],[[39099,90460],[-12,-16]],[[39087,90444],[-14,41]],[[39156,90545],[-15,-28]],[[39045,90393],[-27,68]],[[39087,90444],[52,42]],[[39099,90460],[11,31]],[[45416,58039],[-27,-113]],[[45389,57926],[-19,3]],[[45370,57929],[-16,5]],[[45354,57934],[62,105]],[[45416,58039],[48,0]],[[45464,58039],[46,-133]],[[45510,57906],[-121,20]],[[45370,57929],[-22,-66]],[[45348,57863],[-117,2]],[[45231,57865],[-1,84]],[[45230,57949],[124,-15]],[[45230,57949],[-1,190],[235,0],[0,-100]],[[45510,57906],[0,-79]],[[45510,57827],[-162,36]],[[34810,56665],[1085,2],[1083,0],[1083,0],[1083,0],[800,0],[1179,2],[796,3],[991,0],[0,-408],[343,0],[0,408],[606,0]],[[43859,56672],[0,-636],[418,0],[0,-423],[821,-3],[0,-766],[140,1],[0,-741],[1019,0],[0,1043],[513,-143],[629,143],[0,465],[1757,0],[0,-832],[817,0],[-8,1707],[1328,906],[506,0],[1814,49],[686,-5]],[[45510,57827],[0,-272],[-207,52],[-192,0],[-66,192],[186,66]],[[46264,63754],[1,303],[1422,-4],[-2,616],[845,0],[0,-257],[721,0],[134,170],[202,0],[-3,-380],[1447,0],[1,-1318],[1142,-2],[1438,1],[0,201],[685,0]],[[43859,56672],[0,1091],[-773,0],[0,2154]],[[43086,59917],[1505,-1],[691,1],[100,-235],[528,2],[-6,197],[-1,1339],[745,1],[5,793],[136,0],[28,422],[122,92],[19,220],[-182,290],[-215,288],[-120,-1],[3,426],[-180,3]],[[34810,72521],[950,0],[1483,0],[0,2143],[1108,0],[0,-1099],[1113,0],[1076,-3]],[[40540,73562],[814,1],[4,-2160],[1,-1716],[2,-1744],[344,-394]],[[41705,67549],[-348,-514],[755,-844],[0,-402],[-4091,0],[0,-1325],[0,-1184],[1225,0],[0,253],[337,0],[0,-417],[890,0],[0,-1424],[-1929,0],[-184,-595],[-3,-57],[801,0],[0,-126],[1010,0],[0,173],[1131,0],[753,-1],[0,-691],[-84,1],[0,-478],[1118,-1]],[[41705,67549],[1240,-1336],[-2,-653],[879,0],[0,-341],[358,0],[0,1371],[716,0],[7,-1990],[241,-2],[0,-465],[258,0],[-13,-86],[-202,-289],[1077,-4]],[[42439,78623],[465,0],[0,-609],[490,0],[-2,-212],[539,1],[0,-611],[104,0],[64,-137],[648,1],[0,744],[1850,0],[0,636]],[[46597,78436],[878,0],[0,423],[493,0],[0,-1800],[1103,2],[0,485],[415,0],[0,467],[355,-366],[-128,-101],[0,-907],[389,0],[2,-549],[1656,0],[0,-131],[1658,0],[0,-324],[874,0]],[[40540,73562],[1,1472],[1031,0],[0,644],[-64,0],[-1,844],[671,-1],[0,2102],[261,0]],[[46023,69577],[95,58],[-45,143],[-104,9],[54,-210]],[[39679,91299],[-34,79],[82,255],[107,53],[-13,-227],[30,-102],[148,-179],[165,-57],[453,-2],[158,30],[297,171],[104,-168],[177,-69],[109,17],[128,92],[92,138],[193,107],[35,-143],[162,73],[78,-109],[118,265],[260,152],[29,-37]],[[42557,91638],[265,-126],[130,22],[217,-318],[132,-50],[125,-238],[-12,-294],[57,-94],[0,-1873]],[[43471,88667],[-1,-803],[-1251,6],[0,-375],[130,0],[0,-807],[-251,1]],[[42098,86689],[9,122],[-89,126],[-4,144],[-216,197],[-202,15],[-240,305],[-14,104],[-113,142],[-60,346],[-124,338],[-53,-210],[-1088,0],[0,-557],[-236,265],[1,-408],[-499,0],[-43,133],[-131,92],[-62,-262],[-90,-105],[-108,52],[-42,197],[-85,135],[-4,163],[-103,200],[-1009,-4]],[[37493,88219],[-171,311],[-95,32],[8,219],[43,239],[3,212],[75,67],[101,-113],[83,21],[155,137],[56,255],[-13,398],[232,92],[132,-189],[192,-56],[70,31],[-206,240],[130,72],[-87,111],[49,190],[-2,220],[64,112],[323,-152],[7,-255],[158,-117],[101,-235]],[[42035,91673],[141,51],[45,-129],[-75,-53],[-111,131]],[[42098,86689],[-745,0],[0,-656],[-163,0],[92,-145],[23,-162],[85,-171]],[[41390,85555],[-132,24],[-220,-228],[-61,-125],[-127,-126],[-125,-9],[-153,-128],[29,-297],[72,-165],[-3,-269],[49,-30]],[[40719,84202],[-1576,-1],[-774,0],[-1,-455],[-349,-93],[-236,-20],[-54,-59],[-220,-18],[-233,287],[-110,10],[-180,-61],[-220,80]],[[36766,83872],[-178,-119],[-145,45],[-162,104],[-32,119],[-181,247],[9,80],[232,3],[182,220]],[[36491,84571],[16,496],[109,72],[67,149],[163,-183],[182,134],[58,104],[-419,610],[195,348],[-250,564],[112,84],[40,158],[-41,145],[-149,-1]],[[36574,87251],[26,289],[105,52],[187,-111],[125,20],[189,211],[76,-2],[106,183],[105,326]],[[36491,84571],[-232,-126],[-320,97],[-104,154],[-86,50],[-59,128],[-110,41],[39,186],[88,210],[17,144],[109,165],[90,307],[175,-60],[36,109],[232,113],[59,115],[3,163],[-70,75],[16,132],[155,202],[-8,324],[53,151]],[[38406,93679],[75,-183],[154,-52],[-134,287],[313,90],[132,127],[265,-163],[18,141],[131,80],[50,107],[88,-28],[86,78],[205,96],[159,-169],[147,-32],[-16,-109],[107,-255],[121,-50],[7,-127],[-90,-24],[-97,-232],[36,-172],[-186,52],[-116,-273],[-111,-167],[-79,-2],[-133,-147],[-219,-129],[-75,-135],[-140,-134],[-130,73],[-151,153],[-109,15],[-253,144],[-30,96],[-249,257],[-140,56],[-34,100],[36,157],[-134,196],[-11,209],[-88,233],[53,119],[-98,140],[19,259],[60,10],[209,-301],[122,8],[106,-161],[-105,-117],[67,-113],[162,-8]],[[38307,92714],[57,-56],[-77,-210],[-205,-10],[-257,86],[-176,87],[-385,-152],[-182,-2],[43,400],[189,-54],[87,147],[10,198],[-57,81],[53,144],[-92,52],[47,166],[112,80],[73,187],[158,69],[144,-380],[-59,-170],[192,-203],[9,-260],[261,-141],[55,-59]],[[47294,91958],[1,-268],[90,-61],[-1,-178],[-85,-184],[-1,-1019],[-38,-156],[-76,-85],[-98,-302],[-43,-308],[309,-19],[452,0],[0,-344]],[[47804,89034],[-141,5],[-201,-394],[-1380,12],[-555,-1],[-2056,11]],[[42557,91638],[112,55],[-23,198],[67,464],[-28,110],[-121,98],[27,167],[-118,36],[-76,101],[5,134],[92,79],[14,158],[-203,280],[-229,51],[-111,-71],[-143,29],[-93,-102],[-192,-117],[-139,116],[40,160],[-106,15],[-155,99],[-29,174],[-119,118],[-92,184],[108,139],[115,-170],[120,69],[-13,259],[118,-174],[67,-3],[70,-333],[124,-46],[-22,-104],[45,-162],[86,-1],[66,215],[-98,119],[18,218],[-121,262],[84,17],[184,-400],[30,97],[-36,164],[200,76],[54,-169],[115,-11],[153,-175],[27,-212],[62,7],[153,-191],[89,-296],[162,-23],[250,365],[72,-108],[74,284],[119,-257],[81,-44],[206,-569],[114,-229],[156,-67],[230,114],[-30,-224],[199,34],[102,-126],[160,121],[151,-228],[130,58],[59,104],[104,2],[119,167],[282,-125],[-73,-129],[-146,-82],[119,-204],[81,-28],[139,67],[128,124],[140,-174],[152,-133],[-40,-92],[156,-142],[126,170],[135,-165],[155,-76],[234,-7],[167,52],[114,101],[66,142],[181,25],[-15,-109]],[[44251,93001],[106,150],[140,-37],[-225,-245],[-21,132]],[[44320,93412],[161,89],[58,-146],[-203,-23],[-16,80]],[[42575,94433],[60,-231],[14,-184],[-60,-129],[-81,64],[-21,158],[-148,278],[68,50],[12,149],[143,249],[40,-208],[-27,-196]],[[50886,86536],[37,88],[117,-22],[298,142],[-90,306],[201,-135],[100,-257],[171,-109],[68,49],[12,263],[131,-43],[15,-127],[-119,-300],[-97,20],[-95,-156],[20,-196],[-169,-251],[10,-156],[127,-92],[86,132],[111,-166],[90,20],[123,-121],[-38,-161],[-126,-13],[-48,70],[-247,57],[-189,-104],[-61,88],[-289,79],[-203,174],[98,182],[-76,404],[61,240],[-29,95]],[[50386,86745],[-52,-132],[-84,-5],[-35,305],[104,-56],[65,232],[130,-15],[43,-177],[-35,-277],[-136,125]],[[51050,86954],[87,-63],[-42,-154],[-108,129],[63,88]],[[49799,87927],[-909,-531],[2,-2202],[-1088,938]],[[47804,86132],[0,2902]],[[47294,91958],[74,-156],[97,-35],[-3,-153],[147,-112],[132,-18],[184,-301],[256,106],[200,3],[6,130],[79,161],[199,122],[43,-94],[113,14],[108,139],[109,-111],[341,264],[190,87],[-86,-187],[-266,-359],[-1,-99],[125,-175],[146,2],[5,106],[96,113],[157,-2],[228,199],[-157,-299],[80,-150],[78,13],[43,-137],[-58,-133],[3,-229],[75,-101],[134,48],[283,-12],[175,180],[129,416],[-53,152],[-213,-28],[-94,152],[151,259],[140,39],[180,294],[126,-6],[-38,-132],[87,-44],[79,79],[48,-202],[75,-86],[-25,-153],[49,-167],[100,-94],[37,-135],[167,25],[47,116],[-128,135],[171,82],[85,-156],[115,-25],[114,-174],[41,-257],[-90,-57],[-214,-331],[-57,154],[-86,-179],[-23,-212],[-109,-244],[-107,-94],[-102,-192],[-203,-101],[-22,-90],[175,-236],[165,-113],[-16,-61],[-260,-67],[60,-79],[24,-204],[-38,-154],[-107,-65],[-16,-134],[-153,-77],[-122,-240],[-55,85],[146,183],[-45,103],[-4,407],[-121,-46],[3,-272],[-145,-10],[-92,-226],[-105,1],[-96,217],[-128,-206],[-105,86],[-177,-164],[-84,-268],[89,-59]],[[49954,92772],[-85,105],[156,119],[64,-35],[-135,-189]],[[51047,93651],[155,204],[42,185],[139,260],[124,-52],[-165,-257],[-20,-97],[-194,-331],[-81,88]],[[50277,87516],[-39,149],[23,189],[93,-89],[-77,-249]],[[51624,91385],[61,17],[-50,65],[-11,-82]],[[49018,91839],[73,244],[80,-65],[100,122],[122,-18],[298,305],[32,122],[113,-31],[-158,-200],[-80,-167],[-202,-213],[-213,-46],[-140,-147],[-25,94]],[[50276,91816],[69,64],[105,-34],[184,170],[16,-90],[-293,-206],[-81,96]],[[47650,91663],[-131,-85],[-5,162],[136,-77]],[[47804,86132],[-714,-1],[-4,-834],[-828,-6],[0,-911],[88,59],[90,-112],[13,-182],[64,-28],[0,-365],[269,0],[0,-463],[-1113,0],[-10,167],[-323,77],[-1,-1518],[1006,0],[0,-1634],[0,-1945],[256,0]],[[42439,78623],[-5,1476],[-933,28],[5,606],[0,2160]],[[41506,82893],[1111,0],[0,1215],[68,144],[113,-99],[0,517],[-224,0],[-1,255],[-330,20],[-34,177],[-172,-99],[-125,30],[-130,-73],[-182,141],[-122,158],[-88,276]],[[49799,87927],[12,-103],[-149,-84],[18,-317],[-66,-102],[64,-91],[28,-227],[76,-129],[263,82],[-61,-218],[19,-115],[-126,-336],[-85,-91],[-78,-591],[-201,-147],[-127,-188],[-135,-298],[-107,-86],[-161,-349],[-54,-304],[-117,-65],[-103,-170],[-77,24],[59,-403],[132,-307],[230,-200],[137,-16],[483,-402],[135,-193],[519,-416],[162,-69],[4,-95],[105,-358],[67,-87],[198,-71],[274,-305],[100,18],[128,153],[170,-69],[-112,-285],[91,-177],[-46,-122],[82,-103],[205,95],[209,-104],[-15,109],[139,137],[152,-208],[439,-254],[125,-233],[218,-158],[417,-118],[278,-138],[286,-553],[287,-336]],[[49298,83498],[151,170],[18,-137],[-169,-33]],[[52025,81085],[-28,154],[140,181],[175,-126],[-6,-207],[41,-216],[-92,-91],[-230,305]],[[51307,81611],[-60,-262],[-164,-21],[-4,318],[212,59],[16,-94]],[[51595,81345],[94,5],[86,-99],[-133,-194],[-62,83],[15,205]],[[41506,82893],[1,136],[-435,-1],[0,1176],[-353,-2]],[[34813,83575],[139,-33],[265,-278],[-41,-189],[101,-295],[68,167],[-23,81],[2,665],[251,-109],[30,-77],[233,-98],[108,-265],[171,-233],[82,84],[-38,358],[-87,41],[-116,285],[679,2],[129,191]],[[78288,24354],[3,9]],[[78291,24363],[29,-19]],[[78320,24344],[-7,-23]],[[78313,24321],[-26,4]],[[78287,24325],[1,29]],[[78252,24405],[10,41]],[[78262,24446],[17,-3]],[[78279,24443],[8,-9]],[[78287,24434],[13,-15]],[[78300,24419],[-9,-56]],[[78291,24363],[-43,19]],[[78248,24382],[4,23]],[[78300,24419],[26,-11]],[[78326,24408],[47,-26]],[[78373,24382],[-53,-38]],[[78197,24528],[19,-4]],[[78216,24524],[-16,-36]],[[78200,24488],[-15,6]],[[78185,24494],[-8,5]],[[78177,24499],[20,29]],[[78287,24325],[-43,18]],[[78244,24343],[44,11]],[[78165,24552],[29,2]],[[78194,24554],[3,-26]],[[78177,24499],[-34,16]],[[78143,24515],[-1,19]],[[78286,24510],[19,-27]],[[78305,24483],[-26,-40]],[[78262,24446],[-18,5]],[[78244,24451],[24,36]],[[78268,24487],[18,23]],[[78220,24458],[24,-7]],[[78252,24405],[-20,13]],[[78232,24418],[-30,10]],[[78202,24428],[18,30]],[[78220,24458],[-20,30]],[[78216,24524],[26,-18]],[[78242,24506],[-22,-48]],[[78194,24554],[58,-15]],[[78252,24539],[2,-32]],[[78254,24507],[-12,-1]],[[78332,24506],[30,-25]],[[78362,24481],[-23,-28]],[[78339,24453],[-30,9]],[[78309,24462],[6,9]],[[78315,24471],[17,35]],[[78226,24601],[59,-36]],[[78285,24565],[5,-9]],[[78290,24556],[42,-50]],[[78315,24471],[-10,12]],[[78286,24510],[-34,29]],[[78192,24394],[23,-4]],[[78215,24390],[10,-4]],[[78225,24386],[-1,-36]],[[78224,24350],[-36,37]],[[78188,24387],[4,7]],[[78193,24439],[9,-11]],[[78202,24428],[-10,-34]],[[78188,24387],[-25,29]],[[78163,24416],[30,23]],[[78122,24445],[4,15]],[[78126,24460],[43,-7]],[[78169,24453],[24,-14]],[[78163,24416],[-31,6]],[[78132,24422],[-10,23]],[[78362,24481],[3,-2]],[[78365,24479],[32,-61]],[[78397,24418],[-24,-36]],[[78326,24408],[13,45]],[[78169,24453],[16,41]],[[78287,24434],[22,28]],[[78126,24460],[17,55]],[[78244,24343],[4,39]],[[78254,24507],[14,-20]],[[78248,24382],[-23,4]],[[78215,24390],[17,28]],[[78244,24343],[-20,7]],[[78174,24276],[-2,0]],[[78172,24276],[-99,117]],[[78073,24393],[59,29]],[[78313,24321],[1,-46]],[[78314,24275],[-22,12]],[[78292,24287],[-55,21]],[[78237,24308],[-63,-32]],[[78089,24492],[18,-40]],[[78107,24452],[-48,-33]],[[78059,24419],[-16,37]],[[78073,24393],[-14,26]],[[78107,24452],[15,-7]],[[78446,23938],[94,81]],[[78457,23897],[-15,19]],[[78442,23916],[4,22]],[[78649,24112],[46,228]],[[78446,23938],[-63,42]],[[78383,23980],[1,66]],[[78384,24046],[12,34]],[[78396,24080],[31,10]],[[78427,24090],[49,41]],[[78476,24131],[63,-28]],[[78539,24103],[89,-7]],[[78556,24183],[-28,20],[15,47],[44,-52],[-31,-15]],[[78454,24301],[18,34]],[[78472,24335],[23,47]],[[78495,24382],[5,62]],[[78500,24444],[32,26]],[[78532,24470],[29,23]],[[78539,24103],[-35,108]],[[78504,24211],[-19,44]],[[78485,24255],[-31,46]],[[78376,24603],[23,27]],[[78399,24630],[11,-15]],[[78410,24615],[15,-9]],[[78425,24606],[4,-20]],[[78429,24586],[-30,-16]],[[78399,24570],[-23,33]],[[78434,24657],[32,-14]],[[78466,24643],[-41,-37]],[[78410,24615],[24,42]],[[78334,24645],[20,-8]],[[78354,24637],[-1,-1]],[[78353,24636],[-11,-56]],[[78342,24580],[-33,-3]],[[78309,24577],[25,68]],[[78361,24522],[16,-13]],[[78377,24509],[-12,-30]],[[78332,24506],[29,16]],[[78466,24643],[-30,-75]],[[78436,24568],[-7,18]],[[78453,24541],[-7,-57]],[[78446,24484],[-33,21]],[[78413,24505],[40,36]],[[78436,24568],[12,-6]],[[78448,24562],[16,-8]],[[78464,24554],[-11,-13]],[[78413,24505],[-3,12]],[[78410,24517],[-25,33]],[[78385,24550],[14,20]],[[78262,24628],[23,-63]],[[78464,24554],[20,-45]],[[78484,24509],[-38,-25]],[[78377,24509],[33,8]],[[78446,24484],[-8,-49]],[[78438,24435],[-41,-17]],[[78353,24636],[23,-33]],[[78385,24550],[-43,30]],[[78290,24556],[19,21]],[[78385,24550],[-24,-28]],[[78466,24643],[14,6]],[[78532,24470],[-44,35]],[[78488,24505],[3,37],[-43,20]],[[78434,24657],[-47,18]],[[78387,24675],[-53,-30]],[[78399,24630],[-8,14]],[[78391,24644],[-4,31]],[[78484,24509],[4,-4]],[[78500,24444],[-46,-25]],[[78454,24419],[-16,16]],[[78354,24637],[37,7]],[[78339,24261],[28,58]],[[78367,24319],[5,-10]],[[78372,24309],[25,-18]],[[78397,24291],[6,-32]],[[78403,24259],[-2,-16]],[[78401,24243],[-62,18]],[[78463,24363],[9,-28]],[[78454,24301],[-17,-13]],[[78437,24288],[-15,44]],[[78422,24332],[41,31]],[[78413,24334],[9,-2]],[[78437,24288],[-17,-9]],[[78420,24279],[-12,10]],[[78408,24289],[5,45]],[[78397,24291],[11,-2]],[[78420,24279],[-1,-19]],[[78419,24260],[-16,-1]],[[78417,24369],[43,4]],[[78460,24373],[3,-10]],[[78413,24334],[4,35]],[[78438,24404],[22,-31]],[[78417,24369],[21,35]],[[78460,24373],[35,9]],[[78454,24419],[-16,-15]],[[78413,24334],[-4,0]],[[78409,24334],[-36,48]],[[78409,24334],[-37,-25]],[[78367,24319],[-47,25]],[[78339,24261],[-58,-40]],[[78281,24221],[33,54]],[[78485,24255],[-25,-28]],[[78460,24227],[-16,13]],[[78444,24240],[-12,10]],[[78432,24250],[5,38]],[[78504,24211],[-46,-6]],[[78458,24205],[-2,0]],[[78456,24205],[1,7]],[[78457,24212],[3,15]],[[78419,24260],[13,-10]],[[78444,24240],[13,-28]],[[78456,24205],[-55,38]],[[78385,24191],[4,-6]],[[78389,24185],[-13,-21]],[[78376,24164],[-28,-27]],[[78348,24137],[-32,5]],[[78316,24142],[8,33]],[[78324,24175],[61,16]],[[78389,24185],[16,3]],[[78405,24188],[15,-16]],[[78420,24172],[-19,-19]],[[78401,24153],[-25,11]],[[78456,24157],[-1,-10]],[[78455,24147],[-34,-35]],[[78421,24112],[-20,41]],[[78420,24172],[3,-2]],[[78423,24170],[33,-13]],[[78284,24219],[-1,1]],[[78283,24220],[-2,1]],[[78458,24205],[-9,-16]],[[78449,24189],[-13,2]],[[78436,24191],[-7,22]],[[78429,24213],[-28,22]],[[78401,24235],[-117,-16]],[[78455,24147],[21,-16]],[[78427,24090],[-6,22]],[[78429,24213],[-24,-25]],[[78385,24191],[16,44]],[[78353,24117],[-5,20]],[[78396,24080],[-43,37]],[[78324,24175],[-18,6]],[[78306,24181],[-22,38]],[[78436,24191],[-13,-21]],[[78456,24157],[-7,32]],[[78323,23742],[44,-21]],[[78367,23721],[-44,-11]],[[78323,23710],[0,32]],[[78296,23859],[28,-40]],[[78324,23819],[-26,-26]],[[78298,23793],[-21,38]],[[78277,23831],[19,28]],[[78357,23832],[39,-9]],[[78396,23823],[-36,-49]],[[78360,23774],[-31,28]],[[78329,23802],[-5,17]],[[78324,23819],[33,13]],[[78408,23893],[21,-38]],[[78429,23855],[-21,-19]],[[78408,23836],[-34,45]],[[78374,23881],[34,12]],[[78360,23774],[32,-9]],[[78392,23765],[-25,-44]],[[78323,23742],[6,60]],[[78398,23932],[10,-39]],[[78374,23881],[-17,39]],[[78357,23920],[-2,24]],[[78355,23944],[43,-12]],[[78434,23912],[6,1]],[[78440,23913],[-11,-58]],[[78408,23893],[26,19]],[[78323,23710],[-25,83]],[[78348,23908],[9,12]],[[78374,23881],[-24,-13]],[[78350,23868],[-2,40]],[[78267,23918],[16,21]],[[78283,23939],[6,-19]],[[78289,23920],[-1,-37]],[[78288,23883],[8,-24]],[[78277,23831],[-5,-3]],[[78272,23828],[-28,60]],[[78244,23888],[23,30]],[[78350,23868],[7,-36]],[[78296,23859],[54,9]],[[78211,24006],[117,-32]],[[78328,23974],[-45,-35]],[[78267,23918],[-56,88]],[[78398,23932],[36,-20]],[[78314,23898],[34,10]],[[78288,23883],[26,15]],[[78211,24006],[-10,2]],[[78201,24008],[-3,34]],[[78198,24042],[36,-8]],[[78234,24034],[42,13]],[[78276,24047],[9,-3]],[[78285,24044],[16,-30]],[[78301,24014],[27,-20]],[[78328,23994],[51,-15]],[[78379,23979],[4,1]],[[78442,23916],[-2,-3]],[[78355,23944],[-27,30]],[[78289,23920],[25,-22]],[[78408,23836],[-12,-13]],[[78396,23823],[-4,-58]],[[78361,23393],[-69,186]],[[78292,23579],[-20,249]],[[78244,23888],[-43,120]],[[78180,24090],[9,1]],[[78189,24091],[28,-28]],[[78217,24063],[17,-8]],[[78234,24055],[0,-21]],[[78198,24042],[-18,48]],[[78192,24143],[30,3]],[[78222,24146],[1,-1]],[[78223,24145],[-7,-49]],[[78216,24096],[-27,-5]],[[78180,24090],[12,53]],[[78234,24055],[5,7]],[[78239,24062],[37,-15]],[[78223,24145],[15,-5]],[[78238,24140],[-6,-44]],[[78232,24096],[-16,0]],[[78232,24096],[-15,-33]],[[78232,24096],[19,-9]],[[78251,24087],[-12,-25]],[[78251,24087],[26,-9]],[[78277,24078],[-1,-31]],[[78238,24140],[3,27]],[[78241,24167],[21,12]],[[78262,24179],[1,-19]],[[78263,24160],[1,-39]],[[78264,24121],[13,-43]],[[78306,24181],[-43,-21]],[[78262,24179],[21,41]],[[78309,24077],[5,-20]],[[78314,24057],[-29,-13]],[[78277,24078],[32,-1]],[[78316,24142],[-1,-30]],[[78315,24112],[-8,-5]],[[78307,24107],[-43,14]],[[78362,24020],[17,-41]],[[78328,23994],[0,16]],[[78328,24010],[34,10]],[[78326,24104],[27,13]],[[78396,24080],[-52,-9]],[[78344,24071],[-18,33]],[[78326,24104],[-11,8]],[[78362,24020],[-7,18]],[[78355,24038],[29,8]],[[78307,24107],[2,-30]],[[78325,24052],[19,7]],[[78344,24059],[11,-21]],[[78328,24010],[-1,22]],[[78327,24032],[-2,20]],[[78344,24059],[0,12]],[[78314,24057],[11,-5]],[[78327,24032],[-26,-18]],[[78241,24167],[-12,16]],[[78229,24183],[63,104]],[[78194,24193],[13,0]],[[78207,24193],[22,-10]],[[78222,24146],[-28,47]],[[78174,24276],[38,-17]],[[78212,24259],[2,-6]],[[78214,24253],[-20,-60]],[[78194,24193],[-19,-6]],[[78175,24187],[-3,89]],[[78214,24253],[-7,-60]],[[78192,24143],[-17,44]],[[78212,24259],[25,49]],[[78292,23579],[-299,36],[-114,-44],[-36,229],[123,200],[-94,160],[-157,37]]],"transform":{"scale":[0.0004617108271082711,0.0003440308503085031],"translate":[112.928174,-43.632014]},"objects":{"sa2":{"type":"GeometryCollection","geometries":[{"arcs":[[0,1,2,3,4,5]],"type":"Polygon","properties":{"code":"101021007","name":"Braidwood","state":"New South Wales"}},{"arcs":[[6,7,8,9]],"type":"Polygon","properties":{"code":"101021008","name":"Karabar","state":"New South Wales"}},{"arcs":[[10,-7,11,12]],"type":"Polygon","properties":{"code":"101021009","name":"Queanbeyan","state":"New South Wales"}},{"arcs":[[13,14,15,-8,-11]],"type":"Polygon","properties":{"code":"101021010","name":"Queanbeyan - East","state":"New South Wales"}},{"arcs":[[-12,-10,16,17,18]],"type":"Polygon","properties":{"code":"101021012","name":"Queanbeyan West - Jerrabomberra","state":"New South Wales"}},{"arcs":[[19]],"type":"Polygon","properties":{"code":"101021610","name":"Googong","state":"New South Wales"}},{"arcs":[[20,21,22,23,24,-6,25,26,27,28,-17,-9,-16],[-20]],"type":"Polygon","properties":{"code":"101021611","name":"Queanbeyan Surrounds","state":"New South Wales"}},{"arcs":[[29,30,31,32,33]],"type":"Polygon","properties":{"code":"101031013","name":"Bombala","state":"New South Wales"}},{"arcs":[[34]],"type":"Polygon","properties":{"code":"101031014","name":"Cooma","state":"New South Wales"}},{"arcs":[[35,36,37,-26,-5,38,-31,39],[-35]],"type":"Polygon","properties":{"code":"101031015","name":"Cooma Surrounds","state":"New South Wales"}},{"arcs":[[-40,-30,40,41,42]],"type":"Polygon","properties":{"code":"101031016","name":"Jindabyne - Berridale","state":"New South Wales"}},{"arcs":[[43,44,45]],"type":"Polygon","properties":{"code":"101041017","name":"Batemans Bay","state":"New South Wales"}},{"arcs":[[-45,46,47,48]],"type":"Polygon","properties":{"code":"101041018","name":"Batemans Bay - South","state":"New South Wales"}},{"arcs":[[49,50,51]],"type":"Polygon","properties":{"code":"101041019","name":"Bega - Tathra","state":"New South Wales"}},{"arcs":[[52,53,-52,54,55,56,57,-33,58]],"type":"Polygon","properties":{"code":"101041020","name":"Bega-Eden Hinterland","state":"New South Wales"}},{"arcs":[[-48,59,60,61]],"type":"Polygon","properties":{"code":"101041021","name":"Broulee - Tomakin","state":"New South Wales"}},{"arcs":[[-4,62,63,-59,-32,-39]],"type":"Polygon","properties":{"code":"101041022","name":"Deua - Wadbilliga","state":"New South Wales"}},{"arcs":[[-56,64,65]],"type":"Polygon","properties":{"code":"101041023","name":"Eden","state":"New South Wales"}},{"arcs":[[-46,-49,-62,66,67,68,-63,-3,69,70,71]],"type":"Polygon","properties":{"code":"101041024","name":"Eurobodalla Hinterland","state":"New South Wales"}},{"arcs":[[72,-65,-55,-51]],"type":"Polygon","properties":{"code":"101041025","name":"Merimbula - Tura Beach","state":"New South Wales"}},{"arcs":[[-61,73,-67]],"type":"Polygon","properties":{"code":"101041026","name":"Moruya - Tuross Head","state":"New South Wales"}},{"arcs":[[-69,74,-53,-64]],"type":"Polygon","properties":{"code":"101041027","name":"Narooma - Bermagui","state":"New South Wales"}},{"arcs":[[75]],"type":"Polygon","properties":{"code":"101051539","name":"Goulburn","state":"New South Wales"}},{"arcs":[[76,77,78,79,80,81,82,83,-1,-25,84],[-76]],"type":"Polygon","properties":{"code":"101051540","name":"Goulburn Surrounds","state":"New South Wales"}},{"arcs":[[85]],"type":"Polygon","properties":{"code":"101061541","name":"Yass","state":"New South Wales"}},{"arcs":[[86,87,-85,-24,88,89,90,91,92,93,94,95,96,97,98],[-86]],"type":"Polygon","properties":{"code":"101061542","name":"Yass Surrounds","state":"New South Wales"}},{"arcs":[[99]],"type":"Polygon","properties":{"code":"101061543","name":"Young","state":"New South Wales"}},{"arcs":[[100,101,102,103,-77,-88,104],[-100]],"type":"Polygon","properties":{"code":"101061544","name":"Young Surrounds","state":"New South Wales"}},{"arcs":[[105,106,107,108]],"type":"Polygon","properties":{"code":"102011028","name":"Avoca Beach - Copacabana","state":"New South Wales"}},{"arcs":[[109,-108,110]],"type":"Polygon","properties":{"code":"102011029","name":"Box Head - MacMasters Beach","state":"New South Wales"}},{"arcs":[[111,112,113,114,115,116,117,118,119,120,121,122,123]],"type":"Polygon","properties":{"code":"102011030","name":"Calga - Kulnura","state":"New South Wales"}},{"arcs":[[124,125,126,127,128,129,130,131,132]],"type":"Polygon","properties":{"code":"102011031","name":"Erina - Green Point","state":"New South Wales"}},{"arcs":[[133,134,-117,135,136,-133,137]],"type":"Polygon","properties":{"code":"102011032","name":"Gosford - Springfield","state":"New South Wales"}},{"arcs":[[-135,138,139,-118]],"type":"Polygon","properties":{"code":"102011033","name":"Kariong","state":"New South Wales"}},{"arcs":[[-130,140,-109,-110,141,142]],"type":"Polygon","properties":{"code":"102011034","name":"Kincumber - Picketts Valley","state":"New South Wales"}},{"arcs":[[143,144,-136,-116]],"type":"Polygon","properties":{"code":"102011035","name":"Narara","state":"New South Wales"}},{"arcs":[[-115,145,146,-126,147,-144]],"type":"Polygon","properties":{"code":"102011036","name":"Niagara Park - Lisarow","state":"New South Wales"}},{"arcs":[[-134,148,149,-139]],"type":"Polygon","properties":{"code":"102011037","name":"Point Clare - Koolewong","state":"New South Wales"}},{"arcs":[[-131,-143,150]],"type":"Polygon","properties":{"code":"102011038","name":"Saratoga - Davistown","state":"New South Wales"}},{"arcs":[[151,152,-106,-141,-129]],"type":"Polygon","properties":{"code":"102011039","name":"Terrigal - North Avoca","state":"New South Wales"}},{"arcs":[[153,-120,154]],"type":"Polygon","properties":{"code":"102011040","name":"Umina - Booker Bay - Patonga","state":"New South Wales"}},{"arcs":[[155,156,157,-152,-128]],"type":"Polygon","properties":{"code":"102011041","name":"Wamberal - Forresters Beach","state":"New South Wales"}},{"arcs":[[-140,-150,158,-155,-119]],"type":"Polygon","properties":{"code":"102011042","name":"Woy Woy - Blackwall","state":"New South Wales"}},{"arcs":[[-148,-125,-137,-145]],"type":"Polygon","properties":{"code":"102011043","name":"Wyoming","state":"New South Wales"}},{"arcs":[[159,-157,160]],"type":"Polygon","properties":{"code":"102021044","name":"Bateau Bay - Killarney Vale","state":"New South Wales"}},{"arcs":[[161,162,163,164,165,166]],"type":"Polygon","properties":{"code":"102021045","name":"Blue Haven - San Remo","state":"New South Wales"}},{"arcs":[[167,168,169,170]],"type":"Polygon","properties":{"code":"102021046","name":"Budgewoi - Buff Point - Halekulani","state":"New South Wales"}},{"arcs":[[171,172,-161,-156,-127,-147,173]],"type":"Polygon","properties":{"code":"102021047","name":"Chittaway Bay - Tumbi Umbi","state":"New South Wales"}},{"arcs":[[-166,174,175,176]],"type":"Polygon","properties":{"code":"102021048","name":"Gorokan - Kanwal - Charmhaven","state":"New South Wales"}},{"arcs":[[177,178,-162,179,180,181,182,-113]],"type":"Polygon","properties":{"code":"102021049","name":"Jilliby - Yarramalong","state":"New South Wales"}},{"arcs":[[183,184,185,186,-168,187,-164,188,189]],"type":"Polygon","properties":{"code":"102021050","name":"Lake Munmorah - Mannering Park","state":"New South Wales"}},{"arcs":[[-183,190,-174,-146,-114]],"type":"Polygon","properties":{"code":"102021051","name":"Ourimbah - Fountaindale","state":"New South Wales"}},{"arcs":[[-184,191]],"type":"Polygon","properties":{"code":"102021052","name":"Summerland Point - Gwandalan","state":"New South Wales"}},{"arcs":[[192,193]],"type":"Polygon","properties":{"code":"102021053","name":"The Entrance","state":"New South Wales"}},{"arcs":[[-170,194,-193,195]],"type":"Polygon","properties":{"code":"102021054","name":"Toukley - Norah Head","state":"New South Wales"}},{"arcs":[[-172,-191,-182,196,197]],"type":"Polygon","properties":{"code":"102021055","name":"Tuggerah - Kangy Angy","state":"New South Wales"}},{"arcs":[[-167,-177,198,-180]],"type":"Polygon","properties":{"code":"102021056","name":"Warnervale - Wadalba","state":"New South Wales"}},{"arcs":[[-176,199,-197,-181,-199]],"type":"Polygon","properties":{"code":"102021057","name":"Wyong","state":"New South Wales"}},{"arcs":[[200,201,202]],"type":"Polygon","properties":{"code":"103011059","name":"Bathurst - East","state":"New South Wales"}},{"arcs":[[203,204,205,206,-79,207,208,209],[-201,210,211]],"type":"Polygon","properties":{"code":"103011060","name":"Bathurst Surrounds","state":"New South Wales"}},{"arcs":[[212,213,214,-80,-207]],"type":"Polygon","properties":{"code":"103011061","name":"Oberon","state":"New South Wales"}},{"arcs":[[-202,-212,215]],"type":"Polygon","properties":{"code":"103011612","name":"Bathurst - South","state":"New South Wales"}},{"arcs":[[-203,-216,-211]],"type":"Polygon","properties":{"code":"103011613","name":"Bathurst - West","state":"New South Wales"}},{"arcs":[[216,217,218,219,220,221,222]],"type":"Polygon","properties":{"code":"103021062","name":"Condobolin","state":"New South Wales"}},{"arcs":[[223]],"type":"Polygon","properties":{"code":"103021063","name":"Cowra","state":"New South Wales"}},{"arcs":[[224,225,-208,-78,-104,226,227],[-224]],"type":"Polygon","properties":{"code":"103021064","name":"Cowra Surrounds","state":"New South Wales"}},{"arcs":[[228,229,230,231,-228,232,233,-219]],"type":"Polygon","properties":{"code":"103021065","name":"Forbes","state":"New South Wales"}},{"arcs":[[-233,-227,-103,234]],"type":"Polygon","properties":{"code":"103021066","name":"Grenfell","state":"New South Wales"}},{"arcs":[[-230,235]],"type":"Polygon","properties":{"code":"103021067","name":"Parkes (NSW)","state":"New South Wales"}},{"arcs":[[236,237,238,-231,-236,-229,-218]],"type":"Polygon","properties":{"code":"103021068","name":"Parkes Surrounds","state":"New South Wales"}},{"arcs":[[-220,-234,-235,-102,239,240,241]],"type":"Polygon","properties":{"code":"103021069","name":"West Wyalong","state":"New South Wales"}},{"arcs":[[242,243]],"type":"Polygon","properties":{"code":"103031070","name":"Lithgow","state":"New South Wales"}},{"arcs":[[244,245,-244,246,247,-213,-206]],"type":"Polygon","properties":{"code":"103031071","name":"Lithgow Surrounds","state":"New South Wales"}},{"arcs":[[248]],"type":"Polygon","properties":{"code":"103031072","name":"Mudgee","state":"New South Wales"}},{"arcs":[[249,250,251,-245,-205,252]],"type":"Polygon","properties":{"code":"103031073","name":"Mudgee Surrounds - East","state":"New South Wales"}},{"arcs":[[253,254,255,-253,-204,256,257],[-249]],"type":"Polygon","properties":{"code":"103031074","name":"Mudgee Surrounds - West","state":"New South Wales"}},{"arcs":[[-252,258,259,260,261,262,-247,-243,-246]],"type":"Polygon","properties":{"code":"103031075","name":"Wollangambe - Wollemi","state":"New South Wales"}},{"arcs":[[-209,-226,263]],"type":"Polygon","properties":{"code":"103041076","name":"Blayney","state":"New South Wales"}},{"arcs":[[264,265]],"type":"Polygon","properties":{"code":"103041077","name":"Orange","state":"New South Wales"}},{"arcs":[[-265,266]],"type":"Polygon","properties":{"code":"103041078","name":"Orange - North","state":"New South Wales"}},{"arcs":[[267,268,-257,-210,-264,-225,-232,-239],[-267,-266]],"type":"Polygon","properties":{"code":"103041079","name":"Orange Surrounds","state":"New South Wales"}},{"arcs":[[269]],"type":"Polygon","properties":{"code":"104011080","name":"Grafton","state":"New South Wales"}},{"arcs":[[270,271,272,273,274,275,276,277,278],[-270]],"type":"Polygon","properties":{"code":"104011081","name":"Grafton Surrounds","state":"New South Wales"}},{"arcs":[[279,280,281,-273]],"type":"Polygon","properties":{"code":"104011082","name":"Maclean - Yamba - Iluka","state":"New South Wales"}},{"arcs":[[282,283,284,285,286,287,288]],"type":"Polygon","properties":{"code":"104021083","name":"Bellingen","state":"New South Wales"}},{"arcs":[[289,290,291,292]],"type":"Polygon","properties":{"code":"104021084","name":"Coffs Harbour - North","state":"New South Wales"}},{"arcs":[[293,294,295,-292]],"type":"Polygon","properties":{"code":"104021085","name":"Coffs Harbour - South","state":"New South Wales"}},{"arcs":[[-276,296,297,-293,-296,298,-283,299]],"type":"Polygon","properties":{"code":"104021086","name":"Coramba - Nana Glen - Bucca","state":"New South Wales"}},{"arcs":[[-300,-289,300,-277]],"type":"Polygon","properties":{"code":"104021087","name":"Dorrigo","state":"New South Wales"}},{"arcs":[[301,302,-290,-298]],"type":"Polygon","properties":{"code":"104021088","name":"Korora - Emerald Beach","state":"New South Wales"}},{"arcs":[[-295,303,304,-284,-299]],"type":"Polygon","properties":{"code":"104021089","name":"Sawtell - Boambee","state":"New South Wales"}},{"arcs":[[-305,305,306,-285]],"type":"Polygon","properties":{"code":"104021090","name":"Urunga","state":"New South Wales"}},{"arcs":[[307,-302,-297,-275]],"type":"Polygon","properties":{"code":"104021091","name":"Woolgoolga - Arrawarra","state":"New South Wales"}},{"arcs":[[308,309,310,311,312,313]],"type":"Polygon","properties":{"code":"105011092","name":"Bourke - Brewarrina","state":"New South Wales"}},{"arcs":[[-313,314,-222,315,316]],"type":"Polygon","properties":{"code":"105011093","name":"Cobar","state":"New South Wales"}},{"arcs":[[317,318,319,320,321,322]],"type":"Polygon","properties":{"code":"105011094","name":"Coonamble","state":"New South Wales"}},{"arcs":[[-312,323,-323,324,-223,-315]],"type":"Polygon","properties":{"code":"105011095","name":"Nyngan - Warren","state":"New South Wales"}},{"arcs":[[325,326,327,-318,-324,-311]],"type":"Polygon","properties":{"code":"105011096","name":"Walgett - Lightning Ridge","state":"New South Wales"}},{"arcs":[[328]],"type":"Polygon","properties":{"code":"105021097","name":"Broken Hill","state":"New South Wales"}},{"arcs":[[329,-314,-317,330,331,332,333],[-329]],"type":"Polygon","properties":{"code":"105021098","name":"Far West","state":"New South Wales"}},{"arcs":[[334,335,336,337,-255,338,339,-320]],"type":"Polygon","properties":{"code":"105031099","name":"Coonabarabran","state":"New South Wales"}},{"arcs":[[340,341,342]],"type":"Polygon","properties":{"code":"105031100","name":"Dubbo - East","state":"New South Wales"}},{"arcs":[[-342,343,344]],"type":"Polygon","properties":{"code":"105031101","name":"Dubbo - South","state":"New South Wales"}},{"arcs":[[-343,-345,345]],"type":"Polygon","properties":{"code":"105031102","name":"Dubbo - West","state":"New South Wales"}},{"arcs":[[346,-339,-254,347,-268,-238,348],[-344,-341,-346]],"type":"Polygon","properties":{"code":"105031103","name":"Dubbo Surrounds","state":"New South Wales"}},{"arcs":[[-340,-347,349,-321]],"type":"Polygon","properties":{"code":"105031104","name":"Gilgandra","state":"New South Wales"}},{"arcs":[[-325,-322,-350,-349,-237,-217]],"type":"Polygon","properties":{"code":"105031105","name":"Narromine","state":"New South Wales"}},{"arcs":[[-258,-269,-348]],"type":"Polygon","properties":{"code":"105031106","name":"Wellington","state":"New South Wales"}},{"arcs":[[350,351,352,353,354,355,356,357]],"type":"Polygon","properties":{"code":"106011107","name":"Branxton - Greta - Pokolbin","state":"New South Wales"}},{"arcs":[[358,359,-355]],"type":"Polygon","properties":{"code":"106011108","name":"Cessnock","state":"New South Wales"}},{"arcs":[[-356,-360,360,361,362,363,364,365,366,367,-178,-112,368,369]],"type":"Polygon","properties":{"code":"106011109","name":"Cessnock Surrounds","state":"New South Wales"}},{"arcs":[[370,371,372,373,374,375,376,377]],"type":"Polygon","properties":{"code":"106011110","name":"Dungog","state":"New South Wales"}},{"arcs":[[-354,378,379,-361,-359]],"type":"Polygon","properties":{"code":"106011111","name":"Kurri Kurri - Abermain","state":"New South Wales"}},{"arcs":[[-358,380]],"type":"Polygon","properties":{"code":"106011112","name":"Singleton","state":"New South Wales"}},{"arcs":[[381,-351,-381,-357,-370,382,-260,383,384,385,386,-378]],"type":"Polygon","properties":{"code":"106011113","name":"Singleton Surrounds","state":"New South Wales"}},{"arcs":[[387,388,389,390,-362,-380,391]],"type":"Polygon","properties":{"code":"106021114","name":"Maitland","state":"New South Wales"}},{"arcs":[[-376,392,393,-389,394]],"type":"Polygon","properties":{"code":"106021116","name":"Maitland - North","state":"New South Wales"}},{"arcs":[[395,396,-363,-391]],"type":"Polygon","properties":{"code":"106021614","name":"East Maitland - Metford","state":"New South Wales"}},{"arcs":[[-388,397,-352,-382,-377,-395]],"type":"Polygon","properties":{"code":"106021615","name":"Rutherford (North) - Aberglasslyn","state":"New South Wales"}},{"arcs":[[-392,-379,-353,-398]],"type":"Polygon","properties":{"code":"106021616","name":"Rutherford (South) - Telarah","state":"New South Wales"}},{"arcs":[[-390,-394,398,399,-396]],"type":"Polygon","properties":{"code":"106021617","name":"Tenambit - East Maitland","state":"New South Wales"}},{"arcs":[[-400,400,401,402,-364,-397]],"type":"Polygon","properties":{"code":"106021618","name":"Thornton - Millers Forest","state":"New South Wales"}},{"arcs":[[403,404,405,406]],"type":"Polygon","properties":{"code":"106031119","name":"Anna Bay","state":"New South Wales"}},{"arcs":[[407,-405,408,409]],"type":"Polygon","properties":{"code":"106031120","name":"Lemon Tree Passage - Tanilba Bay","state":"New South Wales"}},{"arcs":[[-406,-408,410]],"type":"Polygon","properties":{"code":"106031121","name":"Nelson Bay Peninsula","state":"New South Wales"}},{"arcs":[[411,412,413,414,-402]],"type":"Polygon","properties":{"code":"106031122","name":"Raymond Terrace","state":"New South Wales"}},{"arcs":[[-375,415,-412,-401,-399,-393]],"type":"Polygon","properties":{"code":"106031123","name":"Seaham - Woodville","state":"New South Wales"}},{"arcs":[[416,417,418]],"type":"Polygon","properties":{"code":"106031124","name":"Tea Gardens - Hawks Nest","state":"New South Wales"}},{"arcs":[[-409,-404,419,420,421,-413,-416,-374,422,-417,423]],"type":"Polygon","properties":{"code":"106031125","name":"Williamtown - Medowie - Karuah","state":"New South Wales"}},{"arcs":[[-385,424]],"type":"Polygon","properties":{"code":"106041126","name":"Muswellbrook","state":"New South Wales"}},{"arcs":[[-386,-425,-384,-259,-251,425]],"type":"Polygon","properties":{"code":"106041127","name":"Muswellbrook Surrounds","state":"New South Wales"}},{"arcs":[[426]],"type":"Polygon","properties":{"code":"106041128","name":"Scone","state":"New South Wales"}},{"arcs":[[427,428,-371,-387,-426,-250,-256,-338,429,430],[-427]],"type":"Polygon","properties":{"code":"106041129","name":"Scone Surrounds","state":"New South Wales"}},{"arcs":[[431,432,433,434,435,436]],"type":"Polygon","properties":{"code":"107011131","name":"Dapto - Avondale","state":"New South Wales"}},{"arcs":[[437,438,-437,439]],"type":"Polygon","properties":{"code":"107011132","name":"Horsley - Kembla Grange","state":"New South Wales"}},{"arcs":[[440,441,442,443,444,445]],"type":"Polygon","properties":{"code":"107011133","name":"Port Kembla Industrial","state":"New South Wales"}},{"arcs":[[446,-443,447,-438,448]],"type":"Polygon","properties":{"code":"107011134","name":"Unanderra - Mount Kembla","state":"New South Wales"}},{"arcs":[[-439,-448,-442,449,450,-432]],"type":"Polygon","properties":{"code":"107011545","name":"Berkeley - Lake Heights - Cringila","state":"New South Wales"}},{"arcs":[[-441,451,452,453,-450]],"type":"Polygon","properties":{"code":"107011546","name":"Port Kembla - Warrawong","state":"New South Wales"}},{"arcs":[[-453,454]],"type":"Polygon","properties":{"code":"107011547","name":"Windang - Primbee","state":"New South Wales"}},{"arcs":[[455,456,457,458,459,460,-449,-440,-436,461,462,463,464,465,466]],"type":"Polygon","properties":{"code":"107021135","name":"Illawarra Catchment Reserve","state":"New South Wales"}},{"arcs":[[-462,-435,467,468,469,470]],"type":"Polygon","properties":{"code":"107031136","name":"Albion Park - Macquarie Pass","state":"New South Wales"}},{"arcs":[[471,-468,-434,472,473]],"type":"Polygon","properties":{"code":"107031137","name":"Albion Park Rail","state":"New South Wales"}},{"arcs":[[474,475,476]],"type":"Polygon","properties":{"code":"107031138","name":"Kiama","state":"New South Wales"}},{"arcs":[[477,-475,478,479]],"type":"Polygon","properties":{"code":"107031139","name":"Kiama Downs - Minnamurra","state":"New South Wales"}},{"arcs":[[-470,480,-479,-477,481,482,483]],"type":"Polygon","properties":{"code":"107031140","name":"Kiama Hinterland - Gerringong","state":"New South Wales"}},{"arcs":[[-472,484,485,486,-480,-481,-469]],"type":"Polygon","properties":{"code":"107031141","name":"Shellharbour - Flinders","state":"New South Wales"}},{"arcs":[[487,-485,-474,488]],"type":"Polygon","properties":{"code":"107031142","name":"Shellharbour - Oak Flats","state":"New South Wales"}},{"arcs":[[-486,-488,489]],"type":"Polygon","properties":{"code":"107031143","name":"Warilla","state":"New South Wales"}},{"arcs":[[490,491,492,493,494,-460]],"type":"Polygon","properties":{"code":"107041144","name":"Balgownie - Fairy Meadow","state":"New South Wales"}},{"arcs":[[495,496,-491,-459]],"type":"Polygon","properties":{"code":"107041145","name":"Corrimal - Tarrawanna - Bellambi","state":"New South Wales"}},{"arcs":[[-461,-495,497,-447]],"type":"Polygon","properties":{"code":"107041146","name":"Figtree - Keiraville","state":"New South Wales"}},{"arcs":[[498,499,500,501,-456,502,503]],"type":"Polygon","properties":{"code":"107041147","name":"Helensburgh","state":"New South Wales"}},{"arcs":[[-502,504,505,-457]],"type":"Polygon","properties":{"code":"107041148","name":"Thirroul - Austinmer - Coalcliff","state":"New South Wales"}},{"arcs":[[-506,506,-496,-458]],"type":"Polygon","properties":{"code":"107041150","name":"Woonona - Bulli - Russell Vale","state":"New South Wales"}},{"arcs":[[-493,507,-445,508]],"type":"Polygon","properties":{"code":"107041548","name":"Wollongong - East","state":"New South Wales"}},{"arcs":[[-494,-509,-444,-498]],"type":"Polygon","properties":{"code":"107041549","name":"Wollongong - West","state":"New South Wales"}},{"arcs":[[509,510,511,512,-418,-423,-373]],"type":"Polygon","properties":{"code":"108011151","name":"Bulahdelah - Stroud","state":"New South Wales"}},{"arcs":[[513,514,515]],"type":"Polygon","properties":{"code":"108011152","name":"Forster","state":"New South Wales"}},{"arcs":[[516,517,518,519,-516,520,-512]],"type":"Polygon","properties":{"code":"108011153","name":"Forster-Tuncurry Surrounds","state":"New South Wales"}},{"arcs":[[521,-514,-520]],"type":"Polygon","properties":{"code":"108011154","name":"Tuncurry","state":"New South Wales"}},{"arcs":[[522]],"type":"Polygon","properties":{"code":"108021155","name":"Kempsey","state":"New South Wales"}},{"arcs":[[523,524,525,526,527,528,529,-287,530],[-523]],"type":"Polygon","properties":{"code":"108021156","name":"Kempsey Surrounds","state":"New South Wales"}},{"arcs":[[531,-524,532,533]],"type":"Polygon","properties":{"code":"108021157","name":"Macksville - Scotts Head","state":"New South Wales"}},{"arcs":[[534,-534,535]],"type":"Polygon","properties":{"code":"108021158","name":"Nambucca Heads","state":"New South Wales"}},{"arcs":[[-286,-307,536,-536,-533,-531]],"type":"Polygon","properties":{"code":"108021159","name":"Nambucca Heads Surrounds","state":"New South Wales"}},{"arcs":[[537,-526]],"type":"Polygon","properties":{"code":"108021160","name":"South West Rocks","state":"New South Wales"}},{"arcs":[[538]],"type":"Polygon","properties":{"code":"108031161","name":"Lord Howe Island","state":"New South Wales"}},{"arcs":[[539,540,541,542,543]],"type":"Polygon","properties":{"code":"108041162","name":"Laurieton - Bonny Hills","state":"New South Wales"}},{"arcs":[[544,545,546,547,548]],"type":"Polygon","properties":{"code":"108041164","name":"Port Macquarie - West","state":"New South Wales"}},{"arcs":[[-528,549,-545,550,-544,551,552]],"type":"Polygon","properties":{"code":"108041165","name":"Port Macquarie Surrounds","state":"New South Wales"}},{"arcs":[[-549,553,-540,-551]],"type":"Polygon","properties":{"code":"108041166","name":"Wauchope","state":"New South Wales"}},{"arcs":[[-547,554,555]],"type":"Polygon","properties":{"code":"108041619","name":"Port Macquarie - East","state":"New South Wales"}},{"arcs":[[-556,556,-541,-554,-548]],"type":"Polygon","properties":{"code":"108041620","name":"Port Macquarie - South","state":"New South Wales"}},{"arcs":[[557,558,-510,-372,-429]],"type":"Polygon","properties":{"code":"108051167","name":"Gloucester","state":"New South Wales"}},{"arcs":[[559,560,561,-518,562]],"type":"Polygon","properties":{"code":"108051168","name":"Old Bar - Manning Point - Red Head","state":"New South Wales"}},{"arcs":[[563,564,-560,565]],"type":"Polygon","properties":{"code":"108051169","name":"Taree","state":"New South Wales"}},{"arcs":[[-552,-543,566,-561,-565,567,-566,-563,-517,-511,-559,568]],"type":"Polygon","properties":{"code":"108051170","name":"Taree Surrounds","state":"New South Wales"}},{"arcs":[[-564,-568]],"type":"Polygon","properties":{"code":"108051171","name":"Wingham","state":"New South Wales"}},{"arcs":[[569,570,571,572,573,574]],"type":"Polygon","properties":{"code":"109011172","name":"Albury - East","state":"New South Wales"}},{"arcs":[[575,576,-575,577]],"type":"Polygon","properties":{"code":"109011173","name":"Albury - North","state":"New South Wales"}},{"arcs":[[578,-578,-574,579,580,581]],"type":"Polygon","properties":{"code":"109011174","name":"Albury - South","state":"New South Wales"}},{"arcs":[[582,583,584,-571,585,-576,-579,586,587,588]],"type":"Polygon","properties":{"code":"109011175","name":"Albury Surrounds","state":"New South Wales"}},{"arcs":[[-586,-570,-577]],"type":"Polygon","properties":{"code":"109011176","name":"Lavington","state":"New South Wales"}},{"arcs":[[-332,589,590,591]],"type":"Polygon","properties":{"code":"109021177","name":"Hay","state":"New South Wales"}},{"arcs":[[592,593,594,595,596,597]],"type":"Polygon","properties":{"code":"109021178","name":"Wentworth - Buronga","state":"New South Wales"}},{"arcs":[[-333,-592,598,599,600,601,602,603,604,-594,605,606]],"type":"Polygon","properties":{"code":"109021179","name":"Wentworth-Balranald Region","state":"New South Wales"}},{"arcs":[[607,608]],"type":"Polygon","properties":{"code":"109031180","name":"Corowa","state":"New South Wales"}},{"arcs":[[609,610,-589,611,612,-609,613,614,615,616,617]],"type":"Polygon","properties":{"code":"109031181","name":"Corowa Surrounds","state":"New South Wales"}},{"arcs":[[618]],"type":"Polygon","properties":{"code":"109031182","name":"Deniliquin","state":"New South Wales"}},{"arcs":[[619,620,621,-599,-591,622,623,624,625,626,627,628],[-619]],"type":"Polygon","properties":{"code":"109031183","name":"Deniliquin Surrounds","state":"New South Wales"}},{"arcs":[[-626,629,630]],"type":"Polygon","properties":{"code":"109031184","name":"Moama","state":"New South Wales"}},{"arcs":[[631,632,-618,633,634,635,-624]],"type":"Polygon","properties":{"code":"109031185","name":"Tocumwal - Finley - Jerilderie","state":"New South Wales"}},{"arcs":[[636,637]],"type":"Polygon","properties":{"code":"110011186","name":"Armidale","state":"New South Wales"}},{"arcs":[[638,-278,-301,-288,-530,639,640,-637,641,642]],"type":"Polygon","properties":{"code":"110011187","name":"Armidale Surrounds - North","state":"New South Wales"}},{"arcs":[[643,-642,-638,-641,644,645]],"type":"Polygon","properties":{"code":"110011188","name":"Armidale Surrounds - South","state":"New South Wales"}},{"arcs":[[-645,-640,-529,-553,-569,-558,-428,646]],"type":"Polygon","properties":{"code":"110011189","name":"Walcha","state":"New South Wales"}},{"arcs":[[647,-279,-639,648]],"type":"Polygon","properties":{"code":"110021190","name":"Glen Innes","state":"New South Wales"}},{"arcs":[[649,650]],"type":"Polygon","properties":{"code":"110021191","name":"Inverell","state":"New South Wales"}},{"arcs":[[651,652,653,-649,-643,-644,654,655,-650,656]],"type":"Polygon","properties":{"code":"110021192","name":"Inverell Surrounds - East","state":"New South Wales"}},{"arcs":[[-657,-651,-656,657,658,659]],"type":"Polygon","properties":{"code":"110021193","name":"Inverell Surrounds - West","state":"New South Wales"}},{"arcs":[[660,661,662,663,664,-271,-648,-654,665,666]],"type":"Polygon","properties":{"code":"110021194","name":"Tenterfield","state":"New South Wales"}},{"arcs":[[667]],"type":"Polygon","properties":{"code":"110031195","name":"Moree","state":"New South Wales"}},{"arcs":[[668,669,670,-652,-660,671,-327,672],[-668]],"type":"Polygon","properties":{"code":"110031196","name":"Moree Surrounds","state":"New South Wales"}},{"arcs":[[673]],"type":"Polygon","properties":{"code":"110031197","name":"Narrabri","state":"New South Wales"}},{"arcs":[[-672,-659,674,675,-335,-319,-328],[-674]],"type":"Polygon","properties":{"code":"110031198","name":"Narrabri Surrounds","state":"New South Wales"}},{"arcs":[[676]],"type":"Polygon","properties":{"code":"110041199","name":"Gunnedah","state":"New South Wales"}},{"arcs":[[-676,677,678,-336],[-677]],"type":"Polygon","properties":{"code":"110041200","name":"Gunnedah Surrounds","state":"New South Wales"}},{"arcs":[[679,-430,-337,-679]],"type":"Polygon","properties":{"code":"110041201","name":"Quirindi","state":"New South Wales"}},{"arcs":[[680,681,682]],"type":"Polygon","properties":{"code":"110041202","name":"Tamworth - East","state":"New South Wales"}},{"arcs":[[683,-681,684]],"type":"Polygon","properties":{"code":"110041203","name":"Tamworth - North","state":"New South Wales"}},{"arcs":[[-685,-683,685]],"type":"Polygon","properties":{"code":"110041204","name":"Tamworth - West","state":"New South Wales"}},{"arcs":[[-675,-658,-655,-646,-647,-431,-680,-678],[-682,-684,-686]],"type":"Polygon","properties":{"code":"110041205","name":"Tamworth Surrounds","state":"New South Wales"}},{"arcs":[[686,687,688,689,690,691,692]],"type":"Polygon","properties":{"code":"111011206","name":"Belmont - Bennetts Green","state":"New South Wales"}},{"arcs":[[-691,693]],"type":"Polygon","properties":{"code":"111011207","name":"Belmont South - Blacksmiths","state":"New South Wales"}},{"arcs":[[694,695,696,697,-688,698,699]],"type":"Polygon","properties":{"code":"111011208","name":"Charlestown - Dudley","state":"New South Wales"}},{"arcs":[[700,701,702,-700,703,704,705,706]],"type":"Polygon","properties":{"code":"111011209","name":"Glendale - Cardiff - Hillsborough","state":"New South Wales"}},{"arcs":[[707,-704,-699,-687,708]],"type":"Polygon","properties":{"code":"111011210","name":"Mount Hutton - Windale","state":"New South Wales"}},{"arcs":[[-698,709,-689]],"type":"Polygon","properties":{"code":"111011211","name":"Redhead","state":"New South Wales"}},{"arcs":[[-186,710]],"type":"Polygon","properties":{"code":"111011212","name":"Swansea - Caves Beach","state":"New South Wales"}},{"arcs":[[711,-709,-693,712]],"type":"Polygon","properties":{"code":"111011213","name":"Valentine - Eleebana","state":"New South Wales"}},{"arcs":[[713,-705,-708,-712,714]],"type":"Polygon","properties":{"code":"111011214","name":"Warners Bay - Boolaroo","state":"New South Wales"}},{"arcs":[[715,-706,-714,716,717,718]],"type":"Polygon","properties":{"code":"111021215","name":"Bolton Point - Teralba","state":"New South Wales"}},{"arcs":[[719,720]],"type":"Polygon","properties":{"code":"111021216","name":"Bonnells Bay - Silverwater","state":"New South Wales"}},{"arcs":[[721,722,-707,-716,723]],"type":"Polygon","properties":{"code":"111021217","name":"Edgeworth - Cameron Park","state":"New South Wales"}},{"arcs":[[724,725,726,727,-720,728,-189,-163,-179,-368]],"type":"Polygon","properties":{"code":"111021218","name":"Morisset - Cooranbong","state":"New South Wales"}},{"arcs":[[729,-718,730,731,-726]],"type":"Polygon","properties":{"code":"111021219","name":"Toronto - Awaba","state":"New South Wales"}},{"arcs":[[732,-727,-732]],"type":"Polygon","properties":{"code":"111021220","name":"Wangi Wangi - Rathmines","state":"New South Wales"}},{"arcs":[[733,-724,-719,-730,-725,-367]],"type":"Polygon","properties":{"code":"111021221","name":"West Wallsend - Barnsley - Killingworth","state":"New South Wales"}},{"arcs":[[734,735,-695,-703,736]],"type":"Polygon","properties":{"code":"111031222","name":"Adamstown - Kotara","state":"New South Wales"}},{"arcs":[[-415,737,738,739,-365,-403]],"type":"Polygon","properties":{"code":"111031223","name":"Beresfield - Hexham","state":"New South Wales"}},{"arcs":[[740,741,742,743,-735,744]],"type":"Polygon","properties":{"code":"111031224","name":"Hamilton - Broadmeadow","state":"New South Wales"}},{"arcs":[[745,746,-745,-737,-702,747]],"type":"Polygon","properties":{"code":"111031225","name":"Lambton - New Lambton","state":"New South Wales"}},{"arcs":[[-722,-734,-366,-740,748,749]],"type":"Polygon","properties":{"code":"111031226","name":"Maryland - Fletcher - Minmi","state":"New South Wales"}},{"arcs":[[750,751,752,753,754]],"type":"Polygon","properties":{"code":"111031227","name":"Mayfield - Warabrook","state":"New South Wales"}},{"arcs":[[-744,755,756,-696,-736]],"type":"Polygon","properties":{"code":"111031228","name":"Merewether - The Junction","state":"New South Wales"}},{"arcs":[[757,758,-756,-743]],"type":"Polygon","properties":{"code":"111031229","name":"Newcastle - Cooks Hill","state":"New South Wales"}},{"arcs":[[-753,759,760]],"type":"Polygon","properties":{"code":"111031230","name":"Newcastle Port - Kooragang","state":"New South Wales"}},{"arcs":[[761,-751,762,-746,763,-749,-739]],"type":"Polygon","properties":{"code":"111031231","name":"Shortland - Jesmond","state":"New South Wales"}},{"arcs":[[-421,764]],"type":"Polygon","properties":{"code":"111031232","name":"Stockton - Fullerton Cove","state":"New South Wales"}},{"arcs":[[-764,-748,-701,-723,-750]],"type":"Polygon","properties":{"code":"111031233","name":"Wallsend - Elermore Vale","state":"New South Wales"}},{"arcs":[[-755,-741,-747,-763]],"type":"Polygon","properties":{"code":"111031234","name":"Waratah - North Lambton","state":"New South Wales"}},{"arcs":[[-761,765,-758,-742,-754]],"type":"Polygon","properties":{"code":"111031235","name":"Wickham - Carrington - Tighes Hill","state":"New South Wales"}},{"arcs":[[766,767,768]],"type":"Polygon","properties":{"code":"112011236","name":"Ballina","state":"New South Wales"}},{"arcs":[[769,770,771,-769,772,773,774]],"type":"Polygon","properties":{"code":"112011237","name":"Ballina Surrounds","state":"New South Wales"}},{"arcs":[[775,776,777,-770,778]],"type":"Polygon","properties":{"code":"112011238","name":"Bangalow","state":"New South Wales"}},{"arcs":[[779,780,781,-777,782]],"type":"Polygon","properties":{"code":"112011239","name":"Brunswick Heads - Ocean Shores","state":"New South Wales"}},{"arcs":[[-782,783,784,-771,-778]],"type":"Polygon","properties":{"code":"112011240","name":"Byron Bay","state":"New South Wales"}},{"arcs":[[-774,785,-281,786,787]],"type":"Polygon","properties":{"code":"112011241","name":"Evans Head","state":"New South Wales"}},{"arcs":[[-785,788,-767,-772]],"type":"Polygon","properties":{"code":"112011242","name":"Lennox Head - Skennars Head","state":"New South Wales"}},{"arcs":[[789,-783,-776,790,791]],"type":"Polygon","properties":{"code":"112011243","name":"Mullumbimby","state":"New South Wales"}},{"arcs":[[792]],"type":"Polygon","properties":{"code":"112021244","name":"Casino","state":"New South Wales"}},{"arcs":[[-665,793,794,-787,-280,-272],[-793]],"type":"Polygon","properties":{"code":"112021245","name":"Casino Surrounds","state":"New South Wales"}},{"arcs":[[795,796]],"type":"Polygon","properties":{"code":"112021246","name":"Goonellabah","state":"New South Wales"}},{"arcs":[[-664,797,798,799,800,801,-794]],"type":"Polygon","properties":{"code":"112021247","name":"Kyogle","state":"New South Wales"}},{"arcs":[[-797,802]],"type":"Polygon","properties":{"code":"112021248","name":"Lismore","state":"New South Wales"}},{"arcs":[[803,-791,-779,-775,-788,-795,-802],[-796,-803]],"type":"Polygon","properties":{"code":"112021249","name":"Lismore Surrounds","state":"New South Wales"}},{"arcs":[[804,805,806,807,808]],"type":"Polygon","properties":{"code":"112031250","name":"Kingscliff - Fingal Head","state":"New South Wales"}},{"arcs":[[809]],"type":"Polygon","properties":{"code":"112031251","name":"Murwillumbah","state":"New South Wales"}},{"arcs":[[810,811,812,813,-806,814,-792,-804,-801,815],[-810]],"type":"Polygon","properties":{"code":"112031252","name":"Murwillumbah Surrounds","state":"New South Wales"}},{"arcs":[[-805,816,-780,-790,-815]],"type":"Polygon","properties":{"code":"112031253","name":"Pottsville","state":"New South Wales"}},{"arcs":[[817,818,819,-813,820,821,822]],"type":"Polygon","properties":{"code":"112031254","name":"Tweed Heads","state":"New South Wales"}},{"arcs":[[823,824,-808,825,826]],"type":"Polygon","properties":{"code":"112031550","name":"Banora Point","state":"New South Wales"}},{"arcs":[[827,-826,-807,-814,-820]],"type":"Polygon","properties":{"code":"112031551","name":"Terranora - North Tumbulgum","state":"New South Wales"}},{"arcs":[[-824,828]],"type":"Polygon","properties":{"code":"112031552","name":"Tweed Heads South","state":"New South Wales"}},{"arcs":[[829]],"type":"Polygon","properties":{"code":"113011256","name":"Griffith (NSW)","state":"New South Wales"}},{"arcs":[[-331,-316,-221,-242,830,831,832,-632,-623,-590],[-830]],"type":"Polygon","properties":{"code":"113011257","name":"Griffith Surrounds","state":"New South Wales"}},{"arcs":[[833,-832]],"type":"Polygon","properties":{"code":"113011258","name":"Leeton","state":"New South Wales"}},{"arcs":[[-834,-831,-241,834,835,-610,-633,-833]],"type":"Polygon","properties":{"code":"113011259","name":"Narrandera","state":"New South Wales"}},{"arcs":[[836,837,-36,-43,838,839,-584]],"type":"Polygon","properties":{"code":"113021260","name":"Tumbarumba","state":"New South Wales"}},{"arcs":[[840]],"type":"Polygon","properties":{"code":"113021261","name":"Tumut","state":"New South Wales"}},{"arcs":[[841,-37,-838,842,843,-98],[-841]],"type":"Polygon","properties":{"code":"113021262","name":"Tumut Surrounds","state":"New South Wales"}},{"arcs":[[844,-105,-87,845,846]],"type":"Polygon","properties":{"code":"113031263","name":"Cootamundra","state":"New South Wales"}},{"arcs":[[-846,-99,-844,847,848]],"type":"Polygon","properties":{"code":"113031264","name":"Gundagai","state":"New South Wales"}},{"arcs":[[849,-847,-849,850]],"type":"Polygon","properties":{"code":"113031265","name":"Junee","state":"New South Wales"}},{"arcs":[[-835,-240,-101,-845,-850,851]],"type":"Polygon","properties":{"code":"113031266","name":"Temora","state":"New South Wales"}},{"arcs":[[852,853,854,855]],"type":"Polygon","properties":{"code":"113031267","name":"Wagga Wagga - East","state":"New South Wales"}},{"arcs":[[-854,856,857]],"type":"Polygon","properties":{"code":"113031268","name":"Wagga Wagga - North","state":"New South Wales"}},{"arcs":[[-856,858,859]],"type":"Polygon","properties":{"code":"113031269","name":"Wagga Wagga - South","state":"New South Wales"}},{"arcs":[[-857,-853,-860,860]],"type":"Polygon","properties":{"code":"113031270","name":"Wagga Wagga - West","state":"New South Wales"}},{"arcs":[[-852,-851,-848,-843,-837,-583,-611,-836],[-855,-858,-861,-859]],"type":"Polygon","properties":{"code":"113031271","name":"Wagga Wagga Surrounds","state":"New South Wales"}},{"arcs":[[861,-483,862,863,864,865,866]],"type":"Polygon","properties":{"code":"114011272","name":"Berry - Kangaroo Valley","state":"New South Wales"}},{"arcs":[[867,868,869,870,871]],"type":"Polygon","properties":{"code":"114011273","name":"Callala Bay - Currarong","state":"New South Wales"}},{"arcs":[[872,-864,873,-871,874]],"type":"Polygon","properties":{"code":"114011274","name":"Culburra Beach","state":"New South Wales"}},{"arcs":[[875,-867,876,877,-70,-2,-84]],"type":"Polygon","properties":{"code":"114011275","name":"Ettrema - Sassafras - Budawang","state":"New South Wales"}},{"arcs":[[878,-868,879,880]],"type":"Polygon","properties":{"code":"114011276","name":"Huskisson - Vincentia","state":"New South Wales"}},{"arcs":[[-873,881,882,-865]],"type":"Polygon","properties":{"code":"114011277","name":"North Nowra - Bomaderry","state":"New South Wales"}},{"arcs":[[-875,-870,883,-882]],"type":"Polygon","properties":{"code":"114011278","name":"Nowra","state":"New South Wales"}},{"arcs":[[-881,884,885,886]],"type":"Polygon","properties":{"code":"114011279","name":"St Georges Basin - Erowal Bay","state":"New South Wales"}},{"arcs":[[887,-886,888,889]],"type":"Polygon","properties":{"code":"114011280","name":"Sussex Inlet - Berrara","state":"New South Wales"}},{"arcs":[[-866,-883,-884,-869,-879,-887,-888,890,-877]],"type":"Polygon","properties":{"code":"114011281","name":"Tomerong - Wandandian - Woollamia","state":"New South Wales"}},{"arcs":[[891,892]],"type":"Polygon","properties":{"code":"114011282","name":"Ulladulla","state":"New South Wales"}},{"arcs":[[-891,-890,893,-893,894,-71,-878]],"type":"Polygon","properties":{"code":"114011283","name":"Ulladulla Surrounds","state":"New South Wales"}},{"arcs":[[895,896,897,898]],"type":"Polygon","properties":{"code":"114021284","name":"Bowral","state":"New South Wales"}},{"arcs":[[899,900,-465,901,902]],"type":"Polygon","properties":{"code":"114021285","name":"Hill Top - Colo Vale","state":"New South Wales"}},{"arcs":[[-902,-464,903,-897,904]],"type":"Polygon","properties":{"code":"114021286","name":"Mittagong","state":"New South Wales"}},{"arcs":[[-899,905,906]],"type":"Polygon","properties":{"code":"114021287","name":"Moss Vale - Berrima","state":"New South Wales"}},{"arcs":[[-898,-904,-463,-471,-484,-862,-876,-83,907,-906]],"type":"Polygon","properties":{"code":"114021288","name":"Robertson - Fitzroy Falls","state":"New South Wales"}},{"arcs":[[908,909,-903,-905,-896,-907,-908,-82]],"type":"Polygon","properties":{"code":"114021289","name":"Southern Highlands","state":"New South Wales"}},{"arcs":[[910,911,912,913,914,915,916]],"type":"Polygon","properties":{"code":"115011290","name":"Baulkham Hills - East","state":"New South Wales"}},{"arcs":[[917,918,919,-917,920,921,922]],"type":"Polygon","properties":{"code":"115011291","name":"Baulkham Hills (West) - Bella Vista","state":"New South Wales"}},{"arcs":[[923,924,925,926,927]],"type":"Polygon","properties":{"code":"115011294","name":"Glenhaven","state":"New South Wales"}},{"arcs":[[928,929,930,931,932,-913,933]],"type":"Polygon","properties":{"code":"115011296","name":"West Pennant Hills","state":"New South Wales"}},{"arcs":[[934,935,936,-911,-920]],"type":"Polygon","properties":{"code":"115011553","name":"Castle Hill - Central","state":"New South Wales"}},{"arcs":[[937,938,-929,939,940,-927]],"type":"Polygon","properties":{"code":"115011554","name":"Castle Hill - East","state":"New South Wales"}},{"arcs":[[-928,-941,941,-936,942,943]],"type":"Polygon","properties":{"code":"115011555","name":"Castle Hill - North","state":"New South Wales"}},{"arcs":[[-942,-940,-934,-912,-937]],"type":"Polygon","properties":{"code":"115011556","name":"Castle Hill - South","state":"New South Wales"}},{"arcs":[[-943,-935,-919,944,945]],"type":"Polygon","properties":{"code":"115011557","name":"Castle Hill - West","state":"New South Wales"}},{"arcs":[[946,947,-930,-939,948]],"type":"Polygon","properties":{"code":"115011558","name":"Cherrybrook","state":"New South Wales"}},{"arcs":[[949,-924,-944,-946,950,951]],"type":"Polygon","properties":{"code":"115011621","name":"Kellyville - East","state":"New South Wales"}},{"arcs":[[952,-951,-945,-918,953,954]],"type":"Polygon","properties":{"code":"115011622","name":"Kellyville - West","state":"New South Wales"}},{"arcs":[[955,956,957,-123,958,959,960,961,-949,-938,-926,962,963,964]],"type":"Polygon","properties":{"code":"115021297","name":"Dural - Kenthurst - Wisemans Ferry","state":"New South Wales"}},{"arcs":[[965,966,-959,-122,967]],"type":"Polygon","properties":{"code":"115021298","name":"Galston - Laughtondale","state":"New South Wales"}},{"arcs":[[968,969,-261,-383,-369,-124,-958]],"type":"Polygon","properties":{"code":"115031299","name":"Bilpin - Colo - St Albans","state":"New South Wales"}},{"arcs":[[-969,-957,970,971,972,973,974]],"type":"Polygon","properties":{"code":"115031300","name":"Kurrajong Heights - Ebenezer","state":"New South Wales"}},{"arcs":[[975,976,977,-971,-956]],"type":"Polygon","properties":{"code":"115041301","name":"Pitt Town - McGraths Hill","state":"New South Wales"}},{"arcs":[[-965,978,979,980,-976]],"type":"Polygon","properties":{"code":"115041623","name":"Box Hill - Nelson","state":"New South Wales"}},{"arcs":[[-963,-925,-950,981]],"type":"Polygon","properties":{"code":"115041624","name":"North Kellyville","state":"New South Wales"}},{"arcs":[[-979,-964,-982,-952,-953,982,983]],"type":"Polygon","properties":{"code":"115041625","name":"Rouse Hill - Beaumont Hills","state":"New South Wales"}},{"arcs":[[984,985,986,987,988,989,990,991]],"type":"Polygon","properties":{"code":"116011303","name":"Blacktown (East) - Kings Park","state":"New South Wales"}},{"arcs":[[992,993,-992,994,995]],"type":"Polygon","properties":{"code":"116011304","name":"Blacktown (North) - Marayong","state":"New South Wales"}},{"arcs":[[996,-996,997,998,999]],"type":"Polygon","properties":{"code":"116011306","name":"Doonside - Woodcroft","state":"New South Wales"}},{"arcs":[[1000,-922,1001,1002,1003,-988]],"type":"Polygon","properties":{"code":"116011307","name":"Lalor Park - Kings Langley","state":"New South Wales"}},{"arcs":[[-990,1004,1005,1006]],"type":"Polygon","properties":{"code":"116011560","name":"Blacktown - South","state":"New South Wales"}},{"arcs":[[-995,-991,-1007,1007,-998]],"type":"Polygon","properties":{"code":"116011561","name":"Blacktown - West","state":"New South Wales"}},{"arcs":[[-1004,1008,1009,1010,1011,-1005,-989]],"type":"Polygon","properties":{"code":"116011626","name":"Seven Hills - Prospect","state":"New South Wales"}},{"arcs":[[1012,1013,-1009]],"type":"Polygon","properties":{"code":"116011627","name":"Toongabbie - West","state":"New South Wales"}},{"arcs":[[-954,-923,-1001,-987,1014,1015]],"type":"Polygon","properties":{"code":"116021309","name":"Glenwood","state":"New South Wales"}},{"arcs":[[-1015,-986,1016,1017]],"type":"Polygon","properties":{"code":"116021562","name":"Acacia Gardens","state":"New South Wales"}},{"arcs":[[1018,1019,1020,-1017,-985,-994,1021]],"type":"Polygon","properties":{"code":"116021563","name":"Quakers Hill","state":"New South Wales"}},{"arcs":[[-983,1022,-1020,1023]],"type":"Polygon","properties":{"code":"116021628","name":"Kellyville Ridge - The Ponds","state":"New South Wales"}},{"arcs":[[1024,1025,1026,1027,1028,1029,1030]],"type":"Polygon","properties":{"code":"116021629","name":"Marsden Park - Shanes Park","state":"New South Wales"}},{"arcs":[[-981,1031,1032,-1025,1033,-977]],"type":"Polygon","properties":{"code":"116021630","name":"Riverstone","state":"New South Wales"}},{"arcs":[[1034,-1022,1035,1036,-1026,-1033]],"type":"Polygon","properties":{"code":"116021631","name":"Schofields (West) - Colebee","state":"New South Wales"}},{"arcs":[[-980,-984,-1024,-1019,-1035,-1032]],"type":"Polygon","properties":{"code":"116021632","name":"Schofields - East","state":"New South Wales"}},{"arcs":[[-955,-1016,-1018,-1021,-1023]],"type":"Polygon","properties":{"code":"116021633","name":"Stanhope Gardens - Parklea","state":"New South Wales"}},{"arcs":[[-1028,1037,1038,1039]],"type":"Polygon","properties":{"code":"116031313","name":"Bidwill - Hebersham - Emerton","state":"New South Wales"}},{"arcs":[[-1036,-993,-997,1040,1041]],"type":"Polygon","properties":{"code":"116031314","name":"Glendenning - Dean Park","state":"New South Wales"}},{"arcs":[[-1027,-1037,-1042,1042,1043,-1038]],"type":"Polygon","properties":{"code":"116031315","name":"Hassall Grove - Plumpton","state":"New South Wales"}},{"arcs":[[1044,-1029,-1040,1045,1046]],"type":"Polygon","properties":{"code":"116031316","name":"Lethbridge Park - Tregear","state":"New South Wales"}},{"arcs":[[-1046,-1039,-1044,1047,1048,1049]],"type":"Polygon","properties":{"code":"116031317","name":"Mount Druitt - Whalan","state":"New South Wales"}},{"arcs":[[-1008,-1006,-1012,1050,1051,1052,1053,1054,1055,-999]],"type":"Polygon","properties":{"code":"116031318","name":"Prospect Reservoir","state":"New South Wales"}},{"arcs":[[-1043,-1041,-1000,-1056,1056,-1048]],"type":"Polygon","properties":{"code":"116031319","name":"Rooty Hill - Minchinbury","state":"New South Wales"}},{"arcs":[[1057,1058,1059,1060,1061]],"type":"Polygon","properties":{"code":"117011320","name":"Banksmeadow","state":"New South Wales"}},{"arcs":[[1062,1063,1064,-1062,1065,1066]],"type":"Polygon","properties":{"code":"117011321","name":"Botany","state":"New South Wales"}},{"arcs":[[1067,1068,1069,-1058,-1065,1070]],"type":"Polygon","properties":{"code":"117011323","name":"Pagewood - Hillsdale - Daceyville","state":"New South Wales"}},{"arcs":[[-1060,1071,1072,1073]],"type":"Polygon","properties":{"code":"117011324","name":"Port Botany Industrial","state":"New South Wales"}},{"arcs":[[1074,-1067,1075,1076,1077,1078]],"type":"Polygon","properties":{"code":"117011325","name":"Sydney Airport","state":"New South Wales"}},{"arcs":[[1079,1080,1081,1082,-1071,-1064,1083]],"type":"Polygon","properties":{"code":"117011634","name":"Eastlakes","state":"New South Wales"}},{"arcs":[[1084,-1084,-1063,-1075,1085]],"type":"Polygon","properties":{"code":"117011635","name":"Mascot","state":"New South Wales"}},{"arcs":[[1086,1087,1088,1089,1090,1091]],"type":"Polygon","properties":{"code":"117021327","name":"Petersham - Stanmore","state":"New South Wales"}},{"arcs":[[1092,1093,1094,-1086,-1079,1095,1096,1097]],"type":"Polygon","properties":{"code":"117021328","name":"Sydenham - Tempe - St Peters","state":"New South Wales"}},{"arcs":[[-1090,1098,-1093,1099,1100]],"type":"Polygon","properties":{"code":"117021636","name":"Marrickville - North","state":"New South Wales"}},{"arcs":[[-1100,-1098,1101,1102,1103]],"type":"Polygon","properties":{"code":"117021637","name":"Marrickville - South","state":"New South Wales"}},{"arcs":[[1104,1105,1106,1107]],"type":"Polygon","properties":{"code":"117031329","name":"Darlinghurst","state":"New South Wales"}},{"arcs":[[1108,1109,1110,1111,-1080,-1085,-1095,1112]],"type":"Polygon","properties":{"code":"117031330","name":"Erskineville - Alexandria","state":"New South Wales"}},{"arcs":[[1113,1114,1115,1116,1117]],"type":"Polygon","properties":{"code":"117031331","name":"Glebe - Forest Lodge","state":"New South Wales"}},{"arcs":[[1118,1119,1120,-1105,1121]],"type":"Polygon","properties":{"code":"117031333","name":"Potts Point - Woolloomooloo","state":"New South Wales"}},{"arcs":[[-1107,1122,1123,1124,1125]],"type":"Polygon","properties":{"code":"117031336","name":"Surry Hills","state":"New South Wales"}},{"arcs":[[1126,-1117,1127,1128,1129,-1088]],"type":"Polygon","properties":{"code":"117031638","name":"Camperdown - Darlington","state":"New South Wales"}},{"arcs":[[1130,1131,-1125,1132,-1128]],"type":"Polygon","properties":{"code":"117031639","name":"Chippendale","state":"New South Wales"}},{"arcs":[[-1130,1133,-1113,-1094,-1099,-1089]],"type":"Polygon","properties":{"code":"117031640","name":"Newtown (NSW)","state":"New South Wales"}},{"arcs":[[1134,1135,-1115,1136]],"type":"Polygon","properties":{"code":"117031641","name":"Pyrmont","state":"New South Wales"}},{"arcs":[[-1133,-1124,1137,1138,-1109,-1134,-1129]],"type":"Polygon","properties":{"code":"117031642","name":"Redfern","state":"New South Wales"}},{"arcs":[[1139,1140,-1081,-1112]],"type":"Polygon","properties":{"code":"117031643","name":"Rosebery - Beaconsfield","state":"New South Wales"}},{"arcs":[[-1122,-1108,1141,1142]],"type":"Polygon","properties":{"code":"117031644","name":"Sydney (North) - Millers Point","state":"New South Wales"}},{"arcs":[[-1135,1143,-1142,-1126,-1132,1144]],"type":"Polygon","properties":{"code":"117031645","name":"Sydney (South) - Haymarket","state":"New South Wales"}},{"arcs":[[-1136,-1145,-1131,-1116]],"type":"Polygon","properties":{"code":"117031646","name":"Ultimo","state":"New South Wales"}},{"arcs":[[-1139,1145,1146,-1110]],"type":"Polygon","properties":{"code":"117031647","name":"Waterloo","state":"New South Wales"}},{"arcs":[[-1147,1147,-1140,-1111]],"type":"Polygon","properties":{"code":"117031648","name":"Zetland","state":"New South Wales"}},{"arcs":[[1148,1149,1150,1151,1152]],"type":"Polygon","properties":{"code":"118011339","name":"Bondi - Tamarama - Bronte","state":"New South Wales"}},{"arcs":[[1153,1154,-1150,1155,1156]],"type":"Polygon","properties":{"code":"118011340","name":"Bondi Beach - North Bondi","state":"New South Wales"}},{"arcs":[[1157,1158,-1153,1159,1160,1161]],"type":"Polygon","properties":{"code":"118011341","name":"Bondi Junction - Waverly","state":"New South Wales"}},{"arcs":[[-1162,1162,1163,1164,1165,1166]],"type":"Polygon","properties":{"code":"118011342","name":"Centennial Park","state":"New South Wales"}},{"arcs":[[1167,-1154,1168]],"type":"Polygon","properties":{"code":"118011344","name":"Dover Heights","state":"New South Wales"}},{"arcs":[[-1121,1169,1170,-1166,1171,-1146,-1138,-1123,-1106]],"type":"Polygon","properties":{"code":"118011345","name":"Paddington - Moore Park","state":"New South Wales"}},{"arcs":[[-1169,-1157,1172,1173]],"type":"Polygon","properties":{"code":"118011346","name":"Rose Bay - Vaucluse - Watsons Bay","state":"New South Wales"}},{"arcs":[[-1158,-1167,-1171,1174,1175]],"type":"Polygon","properties":{"code":"118011347","name":"Woollahra","state":"New South Wales"}},{"arcs":[[1176,-1173,-1156,-1149,-1159,-1176,1177]],"type":"Polygon","properties":{"code":"118011649","name":"Bellevue Hill","state":"New South Wales"}},{"arcs":[[-1178,-1175,-1170,-1120,1178]],"type":"Polygon","properties":{"code":"118011650","name":"Double Bay - Darling Point","state":"New South Wales"}},{"arcs":[[-1165,1179,1180,-1082,-1141,-1148,-1172]],"type":"Polygon","properties":{"code":"118021564","name":"Kensington (NSW)","state":"New South Wales"}},{"arcs":[[1181,1182,1183,-1068,-1083,-1181]],"type":"Polygon","properties":{"code":"118021565","name":"Kingsford","state":"New South Wales"}},{"arcs":[[-1183,1184,1185,1186,1187,1188]],"type":"Polygon","properties":{"code":"118021566","name":"Maroubra - North","state":"New South Wales"}},{"arcs":[[1189,1190,1191,1192,-1188]],"type":"Polygon","properties":{"code":"118021567","name":"Maroubra - South","state":"New South Wales"}},{"arcs":[[-1184,-1189,-1193,1193,-1069]],"type":"Polygon","properties":{"code":"118021568","name":"Maroubra - West","state":"New South Wales"}},{"arcs":[[-1163,-1161,1194,1195]],"type":"Polygon","properties":{"code":"118021569","name":"Randwick - North","state":"New South Wales"}},{"arcs":[[-1164,-1196,1196,1197,-1185,-1182,-1180]],"type":"Polygon","properties":{"code":"118021570","name":"Randwick - South","state":"New South Wales"}},{"arcs":[[-1160,-1152,1198,1199,-1197,-1195]],"type":"Polygon","properties":{"code":"118021651","name":"Coogee - Clovelly","state":"New South Wales"}},{"arcs":[[1200,-1191,1201,-1073]],"type":"Polygon","properties":{"code":"118021652","name":"Malabar - La Perouse","state":"New South Wales"}},{"arcs":[[-1059,-1070,-1194,-1192,-1201,-1072]],"type":"Polygon","properties":{"code":"118021653","name":"Matraville - Chifley","state":"New South Wales"}},{"arcs":[[-1200,1202,-1186,-1198]],"type":"Polygon","properties":{"code":"118021654","name":"South Coogee","state":"New South Wales"}},{"arcs":[[1203,1204,1205,1206,1207,1208,1209]],"type":"Polygon","properties":{"code":"119011354","name":"Bass Hill - Georges Hall","state":"New South Wales"}},{"arcs":[[1210,1211,1212,1213,1214,1215,1216,1217]],"type":"Polygon","properties":{"code":"119011355","name":"Chullora","state":"New South Wales"}},{"arcs":[[-1206,1218,1219,1220,1221,1222,1223]],"type":"Polygon","properties":{"code":"119011356","name":"Condell Park","state":"New South Wales"}},{"arcs":[[1224,1225,1226,1227,1228]],"type":"Polygon","properties":{"code":"119011358","name":"Padstow","state":"New South Wales"}},{"arcs":[[-1222,1229,-1229,1230,1231,1232]],"type":"Polygon","properties":{"code":"119011360","name":"Revesby","state":"New South Wales"}},{"arcs":[[1233,1234,-1218,1235,-1219,-1205]],"type":"Polygon","properties":{"code":"119011361","name":"Yagoona - Birrong","state":"New South Wales"}},{"arcs":[[-1217,1236,1237,1238,-1220,-1236]],"type":"Polygon","properties":{"code":"119011571","name":"Bankstown - North","state":"New South Wales"}},{"arcs":[[-1225,-1230,-1221,-1239,1239]],"type":"Polygon","properties":{"code":"119011572","name":"Bankstown - South","state":"New South Wales"}},{"arcs":[[1240,1241,1242,1243,1244,-1215]],"type":"Polygon","properties":{"code":"119011655","name":"Greenacre - North","state":"New South Wales"}},{"arcs":[[-1216,-1245,1245,1246,1247,-1237]],"type":"Polygon","properties":{"code":"119011656","name":"Greenacre - South","state":"New South Wales"}},{"arcs":[[-1233,1248,1249,1250,-1223]],"type":"Polygon","properties":{"code":"119011657","name":"Panania (North) - Milperra","state":"New South Wales"}},{"arcs":[[-1232,1251,1252,1253,-1249]],"type":"Polygon","properties":{"code":"119011658","name":"Panania (South) - Picnic Point","state":"New South Wales"}},{"arcs":[[-1243,1254,1255,1256,1257,1258,1259,1260,1261]],"type":"Polygon","properties":{"code":"119021362","name":"Belmore - Belfield","state":"New South Wales"}},{"arcs":[[-1238,-1248,1262,1263,1264,-1226,-1240]],"type":"Polygon","properties":{"code":"119021366","name":"Punchbowl","state":"New South Wales"}},{"arcs":[[1265,-1261,1266,1267,1268,-1264,1269]],"type":"Polygon","properties":{"code":"119021367","name":"Roselands","state":"New South Wales"}},{"arcs":[[-1246,-1244,-1262,-1266,1270]],"type":"Polygon","properties":{"code":"119021573","name":"Lakemba","state":"New South Wales"}},{"arcs":[[-1247,-1271,-1270,-1263]],"type":"Polygon","properties":{"code":"119021574","name":"Wiley Park","state":"New South Wales"}},{"arcs":[[1271,1272,1273,1274,-1257]],"type":"Polygon","properties":{"code":"119021659","name":"Campsie - North","state":"New South Wales"}},{"arcs":[[1275,-1258,-1275]],"type":"Polygon","properties":{"code":"119021660","name":"Campsie - South","state":"New South Wales"}},{"arcs":[[-1274,1276,1277,1278,-1259,-1276]],"type":"Polygon","properties":{"code":"119021661","name":"Canterbury - South","state":"New South Wales"}},{"arcs":[[1279,1280,-1103,1281,1282,1283,1284,-1278]],"type":"Polygon","properties":{"code":"119021662","name":"Earlwood","state":"New South Wales"}},{"arcs":[[-1279,-1285,1285,1286,-1267,-1260]],"type":"Polygon","properties":{"code":"119021663","name":"Kingsgrove - North","state":"New South Wales"}},{"arcs":[[-1268,-1287,1287,1288,1289,1290,1291]],"type":"Polygon","properties":{"code":"119031370","name":"Narwee - Beverly Hills","state":"New South Wales"}},{"arcs":[[1292,1293,1294,1295]],"type":"Polygon","properties":{"code":"119031371","name":"Oatley - Hurstville Grove","state":"New South Wales"}},{"arcs":[[1296,-1291,1297,1298,1299]],"type":"Polygon","properties":{"code":"119031372","name":"Peakhurst - Lugarno","state":"New South Wales"}},{"arcs":[[-1227,-1265,-1269,-1292,-1297,1300]],"type":"Polygon","properties":{"code":"119031373","name":"Riverwood","state":"New South Wales"}},{"arcs":[[1301,1302,1303,-1294]],"type":"Polygon","properties":{"code":"119031374","name":"South Hurstville - Blakehurst","state":"New South Wales"}},{"arcs":[[1304,1305,1306,-1302,1307,1308]],"type":"Polygon","properties":{"code":"119031664","name":"Hurstville - Central","state":"New South Wales"}},{"arcs":[[-1289,1309,1310,-1309,1311]],"type":"Polygon","properties":{"code":"119031665","name":"Hurstville - North","state":"New South Wales"}},{"arcs":[[1312,-1296,1313,-1299]],"type":"Polygon","properties":{"code":"119031666","name":"Mortdale - Oatley","state":"New South Wales"}},{"arcs":[[-1298,-1290,-1312,-1308,-1293,-1313]],"type":"Polygon","properties":{"code":"119031667","name":"Penshurst","state":"New South Wales"}},{"arcs":[[-1284,1314,1315,-1310,-1288,-1286]],"type":"Polygon","properties":{"code":"119041377","name":"Kingsgrove (South) - Bardwell Park","state":"New South Wales"}},{"arcs":[[1316,1317,1318,1319,1320]],"type":"Polygon","properties":{"code":"119041378","name":"Kogarah","state":"New South Wales"}},{"arcs":[[-1307,1321,-1320,1322,1323,-1303]],"type":"Polygon","properties":{"code":"119041379","name":"Kogarah Bay - Carlton - Allawah","state":"New South Wales"}},{"arcs":[[1324,-1077,1325,1326,-1318,1327]],"type":"Polygon","properties":{"code":"119041380","name":"Monterey - Brighton-le-Sands - Kyeemagh","state":"New South Wales"}},{"arcs":[[1328,1329,-1328,-1317,1330]],"type":"Polygon","properties":{"code":"119041381","name":"Rockdale - Banksia","state":"New South Wales"}},{"arcs":[[-1323,-1319,-1327,1331]],"type":"Polygon","properties":{"code":"119041382","name":"Sans Souci - Ramsgate","state":"New South Wales"}},{"arcs":[[-1283,1332,-1096,-1078,-1325,-1330,1333,-1315]],"type":"Polygon","properties":{"code":"119041668","name":"Arncliffe - Bardwell Valley","state":"New South Wales"}},{"arcs":[[-1334,-1329,1334,-1305,-1311,-1316]],"type":"Polygon","properties":{"code":"119041669","name":"Bexley - North","state":"New South Wales"}},{"arcs":[[-1331,-1321,-1322,-1306,-1335]],"type":"Polygon","properties":{"code":"119041670","name":"Bexley - South","state":"New South Wales"}},{"arcs":[[-1282,-1102,-1097,-1333]],"type":"Polygon","properties":{"code":"119041671","name":"Wolli Creek","state":"New South Wales"}},{"arcs":[[1335,1336,1337,1338,1339,1340]],"type":"Polygon","properties":{"code":"120011383","name":"Concord - Mortlake - Cabarita","state":"New South Wales"}},{"arcs":[[1341,1342]],"type":"Polygon","properties":{"code":"120011385","name":"Drummoyne - Rodd Point","state":"New South Wales"}},{"arcs":[[-1342,1343,1344,1345,1346,-1337,1347]],"type":"Polygon","properties":{"code":"120011386","name":"Five Dock - Abbotsford","state":"New South Wales"}},{"arcs":[[1348,1349,-1341,1350,1351,1352,1353]],"type":"Polygon","properties":{"code":"120011672","name":"Concord West - North Strathfield","state":"New South Wales"}},{"arcs":[[-1349,1354]],"type":"Polygon","properties":{"code":"120011673","name":"Rhodes","state":"New South Wales"}},{"arcs":[[1355,1356]],"type":"Polygon","properties":{"code":"120021387","name":"Balmain","state":"New South Wales"}},{"arcs":[[-1357,1357,1358,1359,1360,1361]],"type":"Polygon","properties":{"code":"120021389","name":"Lilyfield - Rozelle","state":"New South Wales"}},{"arcs":[[1362,-1118,-1127,-1087,1363,-1359]],"type":"Polygon","properties":{"code":"120021674","name":"Annandale (NSW)","state":"New South Wales"}},{"arcs":[[-1360,-1364,-1092,1364,1365]],"type":"Polygon","properties":{"code":"120021675","name":"Leichhardt","state":"New South Wales"}},{"arcs":[[1366,1367,-1280,-1277,-1273,1368]],"type":"Polygon","properties":{"code":"120031392","name":"Canterbury (North) - Ashbury","state":"New South Wales"}},{"arcs":[[1369,1370,1371,1372,-1369,-1272,-1256,1373]],"type":"Polygon","properties":{"code":"120031393","name":"Croydon Park - Enfield","state":"New South Wales"}},{"arcs":[[-1365,-1091,-1101,-1104,-1281,-1368,1374,1375]],"type":"Polygon","properties":{"code":"120031394","name":"Dulwich Hill - Lewisham","state":"New South Wales"}},{"arcs":[[-1345,1376,-1361,-1366,-1376,1377,1378]],"type":"Polygon","properties":{"code":"120031395","name":"Haberfield - Summer Hill","state":"New South Wales"}},{"arcs":[[1379,-1352,1380,1381,1382,1383]],"type":"Polygon","properties":{"code":"120031396","name":"Homebush","state":"New South Wales"}},{"arcs":[[1384,1385,-1374,-1255,-1242]],"type":"Polygon","properties":{"code":"120031576","name":"Strathfield South","state":"New South Wales"}},{"arcs":[[-1346,-1379,1386,1387]],"type":"Polygon","properties":{"code":"120031676","name":"Ashfield - North","state":"New South Wales"}},{"arcs":[[1388,-1387,-1378,-1375,-1367,-1373]],"type":"Polygon","properties":{"code":"120031677","name":"Ashfield - South","state":"New South Wales"}},{"arcs":[[-1339,1389,-1371,1390]],"type":"Polygon","properties":{"code":"120031678","name":"Burwood (NSW)","state":"New South Wales"}},{"arcs":[[-1338,-1347,-1388,-1389,-1372,-1390]],"type":"Polygon","properties":{"code":"120031679","name":"Croydon","state":"New South Wales"}},{"arcs":[[-1381,-1351,-1340,-1391,-1370,-1386,1391]],"type":"Polygon","properties":{"code":"120031680","name":"Strathfield - East","state":"New South Wales"}},{"arcs":[[-1382,-1392,-1385,-1241,-1214,1392]],"type":"Polygon","properties":{"code":"120031681","name":"Strathfield - West","state":"New South Wales"}},{"arcs":[[1393,1394,1395,1396,1397,1398]],"type":"Polygon","properties":{"code":"121011399","name":"Chatswood (West) - Lane Cove North","state":"New South Wales"}},{"arcs":[[1399,1400,1401,1402,1403,1404,1405]],"type":"Polygon","properties":{"code":"121011401","name":"St Leonards - Naremburn","state":"New South Wales"}},{"arcs":[[1406,1407,-1400,-1396]],"type":"Polygon","properties":{"code":"121011682","name":"Artarmon","state":"New South Wales"}},{"arcs":[[1408,1409,1410,1411,-1402,1412]],"type":"Polygon","properties":{"code":"121011683","name":"Castle Cove - Northbridge","state":"New South Wales"}},{"arcs":[[1413,-1409,1414,-1407,-1395]],"type":"Polygon","properties":{"code":"121011684","name":"Chatswood - East","state":"New South Wales"}},{"arcs":[[-1405,1415,1416,1417]],"type":"Polygon","properties":{"code":"121011685","name":"Greenwich - Riverview","state":"New South Wales"}},{"arcs":[[-1397,-1406,-1418,1418]],"type":"Polygon","properties":{"code":"121011686","name":"Lane Cove","state":"New South Wales"}},{"arcs":[[-1413,-1401,-1408,-1415]],"type":"Polygon","properties":{"code":"121011687","name":"Willoughby","state":"New South Wales"}},{"arcs":[[-967,1419,1420,1421,1422,1423,1424,-960]],"type":"Polygon","properties":{"code":"121021403","name":"Asquith - Mount Colah","state":"New South Wales"}},{"arcs":[[-1420,-966,1425]],"type":"Polygon","properties":{"code":"121021404","name":"Berowra - Brooklyn - Cowan","state":"New South Wales"}},{"arcs":[[1426,1427,-947,-962,1428,1429,1430]],"type":"Polygon","properties":{"code":"121021406","name":"Normanhurst - Thornleigh - Westleigh","state":"New South Wales"}},{"arcs":[[-1424,1431,1432,-1430,1433]],"type":"Polygon","properties":{"code":"121021577","name":"Hornsby - East","state":"New South Wales"}},{"arcs":[[-1425,-1434,-1429,-961]],"type":"Polygon","properties":{"code":"121021578","name":"Hornsby - West","state":"New South Wales"}},{"arcs":[[1434,-1431,-1433]],"type":"Polygon","properties":{"code":"121021579","name":"Wahroonga (West) - Waitara","state":"New South Wales"}},{"arcs":[[1435,1436,1437,1438,1439,1440]],"type":"Polygon","properties":{"code":"121031407","name":"Gordon - Killara","state":"New South Wales"}},{"arcs":[[1441,1442,-1410,-1414,-1394,1443,1444,-1439]],"type":"Polygon","properties":{"code":"121031408","name":"Lindfield - Roseville","state":"New South Wales"}},{"arcs":[[1445,-1441,1446,1447]],"type":"Polygon","properties":{"code":"121031409","name":"Pymble","state":"New South Wales"}},{"arcs":[[1448,1449,1450,-1436,-1446,1451]],"type":"Polygon","properties":{"code":"121031410","name":"St Ives","state":"New South Wales"}},{"arcs":[[-1422,1452,1453,-1452,-1448,1454,1455,1456,1457]],"type":"Polygon","properties":{"code":"121031411","name":"Turramurra","state":"New South Wales"}},{"arcs":[[-1432,-1423,-1458,1458,-1427,-1435]],"type":"Polygon","properties":{"code":"121031412","name":"Wahroonga (East) - Warrawee","state":"New South Wales"}},{"arcs":[[-1412,1459,1460,1461,1462,1463,1464,-1403]],"type":"Polygon","properties":{"code":"121041413","name":"Cremorne - Cammeray","state":"New South Wales"}},{"arcs":[[-1465,1465,1466,1467,-1416,-1404]],"type":"Polygon","properties":{"code":"121041414","name":"Crows Nest - Waverton","state":"New South Wales"}},{"arcs":[[-1466,-1464,1468,1469]],"type":"Polygon","properties":{"code":"121041416","name":"Neutral Bay - Kirribilli","state":"New South Wales"}},{"arcs":[[-1470,1470,-1467]],"type":"Polygon","properties":{"code":"121041417","name":"North Sydney - Lavender Bay","state":"New South Wales"}},{"arcs":[[1471,1472,-1461]],"type":"Polygon","properties":{"code":"121041688","name":"Mosman - North","state":"New South Wales"}},{"arcs":[[1473,-1462,-1473]],"type":"Polygon","properties":{"code":"121041689","name":"Mosman - South","state":"New South Wales"}},{"arcs":[[1474,1475,1476,1477]],"type":"Polygon","properties":{"code":"122011418","name":"Balgowlah - Clontarf - Seaforth","state":"New South Wales"}},{"arcs":[[1478,1479,1480,-1477]],"type":"Polygon","properties":{"code":"122011419","name":"Manly - Fairlight","state":"New South Wales"}},{"arcs":[[1481,1482]],"type":"Polygon","properties":{"code":"122021420","name":"Avalon - Palm Beach","state":"New South Wales"}},{"arcs":[[1483,1484,1485,1486,1487]],"type":"Polygon","properties":{"code":"122021421","name":"Bayview - Elanora Heights","state":"New South Wales"}},{"arcs":[[-1482,1488,1489,1490]],"type":"Polygon","properties":{"code":"122021422","name":"Newport - Bilgola","state":"New South Wales"}},{"arcs":[[1491,-1490,1492,1493,-1484]],"type":"Polygon","properties":{"code":"122021690","name":"Mona Vale - Warriewood (North)","state":"New South Wales"}},{"arcs":[[-1494,1494,-1485]],"type":"Polygon","properties":{"code":"122021691","name":"North Narrabeen - Warriewood (South)","state":"New South Wales"}},{"arcs":[[1495,1496,1497,1498,1499]],"type":"Polygon","properties":{"code":"122031424","name":"Beacon Hill - Narraweena","state":"New South Wales"}},{"arcs":[[1500,1501,1502,1503,1504,-1496,1505]],"type":"Polygon","properties":{"code":"122031425","name":"Cromer","state":"New South Wales"}},{"arcs":[[1506,1507,-1475,1508,-1442,-1438]],"type":"Polygon","properties":{"code":"122031427","name":"Forestville - Killarney Heights","state":"New South Wales"}},{"arcs":[[-1498,1509,1510,1511,-1480,1512]],"type":"Polygon","properties":{"code":"122031429","name":"Freshwater - Brookvale","state":"New South Wales"}},{"arcs":[[-1508,1513,-1499,-1513,-1479,-1476]],"type":"Polygon","properties":{"code":"122031430","name":"Manly Vale - Allambie Heights","state":"New South Wales"}},{"arcs":[[1514,-1487,1515,-1501,1516,1517,-1449,-1454]],"type":"Polygon","properties":{"code":"122031432","name":"Terrey Hills - Duffys Forest","state":"New South Wales"}},{"arcs":[[-1450,-1518,1518]],"type":"Polygon","properties":{"code":"122031692","name":"Belrose","state":"New South Wales"}},{"arcs":[[1519,1520,-1504,1521]],"type":"Polygon","properties":{"code":"122031693","name":"Collaroy - Collaroy Plateau","state":"New South Wales"}},{"arcs":[[1522,-1511,1523]],"type":"Polygon","properties":{"code":"122031694","name":"Dee Why (South) - North Curl Curl","state":"New South Wales"}},{"arcs":[[-1524,-1510,-1497,-1505,-1521,1524]],"type":"Polygon","properties":{"code":"122031695","name":"Dee Why - North","state":"New South Wales"}},{"arcs":[[-1451,-1519,-1517,-1506,-1500,-1514,-1507,-1437]],"type":"Polygon","properties":{"code":"122031696","name":"Frenchs Forest - Oxford Falls","state":"New South Wales"}},{"arcs":[[-1522,-1503,1525]],"type":"Polygon","properties":{"code":"122031697","name":"Narrabeen - Wheeler Heights","state":"New South Wales"}},{"arcs":[[1526,1527,1528,1529,1530]],"type":"Polygon","properties":{"code":"123011433","name":"Camden - Ellis Lane","state":"New South Wales"}},{"arcs":[[1531,1532,1533,1534,1535]],"type":"Polygon","properties":{"code":"123011698","name":"Currans Hill","state":"New South Wales"}},{"arcs":[[1536,-1535,1537,1538,-1528,1539]],"type":"Polygon","properties":{"code":"123011699","name":"Elderslie - Narellan","state":"New South Wales"}},{"arcs":[[1540,1541,1542,-1536,-1537]],"type":"Polygon","properties":{"code":"123011700","name":"Harrington Park","state":"New South Wales"}},{"arcs":[[-1534,1543,1544,1545,1546,1547,-1538]],"type":"Polygon","properties":{"code":"123011701","name":"Mount Annan","state":"New South Wales"}},{"arcs":[[-1548,1548,-1529,-1539]],"type":"Polygon","properties":{"code":"123011702","name":"Spring Farm","state":"New South Wales"}},{"arcs":[[1549,1550,1551,1552,1553]],"type":"Polygon","properties":{"code":"123021436","name":"Bradbury - Wedderburn","state":"New South Wales"}},{"arcs":[[1554,1555,-1550,1556,-1545,1557]],"type":"Polygon","properties":{"code":"123021437","name":"Campbelltown - Woodbine","state":"New South Wales"}},{"arcs":[[1558,1559,1560,1561,-1558,-1544,-1533,1562]],"type":"Polygon","properties":{"code":"123021438","name":"Claymore - Eagle Vale - Raby","state":"New South Wales"}},{"arcs":[[1563,1564,-504,1565,-1552,1566,1567]],"type":"Polygon","properties":{"code":"123021439","name":"Holsworthy Military Area","state":"New South Wales"}},{"arcs":[[1568,1569,1570,-1567,-1551,-1556]],"type":"Polygon","properties":{"code":"123021441","name":"Leumeah - Minto Heights","state":"New South Wales"}},{"arcs":[[1571,-1569,-1555,-1562]],"type":"Polygon","properties":{"code":"123021443","name":"Minto - St Andrews","state":"New South Wales"}},{"arcs":[[-1546,-1557,-1554,1572]],"type":"Polygon","properties":{"code":"123021444","name":"Rosemeadow - Glen Alpine","state":"New South Wales"}},{"arcs":[[1573,1574,-1560,1575,1576]],"type":"Polygon","properties":{"code":"123021703","name":"Denham Court - Bardia","state":"New South Wales"}},{"arcs":[[1577,1578,1579,1580,-1574]],"type":"Polygon","properties":{"code":"123021704","name":"Glenfield","state":"New South Wales"}},{"arcs":[[-1581,1581,1582,-1570,-1572,-1561,-1575]],"type":"Polygon","properties":{"code":"123021705","name":"Ingleburn","state":"New South Wales"}},{"arcs":[[-1580,1583,-1582]],"type":"Polygon","properties":{"code":"123021706","name":"Macquarie Fields","state":"New South Wales"}},{"arcs":[[1584,1585,-466,-901]],"type":"Polygon","properties":{"code":"123031445","name":"Bargo","state":"New South Wales"}},{"arcs":[[1586,-1530,-1549,-1547,-1573,-1553,-1566,-503,-467,-1586,1587]],"type":"Polygon","properties":{"code":"123031446","name":"Douglas Park - Appin","state":"New South Wales"}},{"arcs":[[1588,1589,-1588,-1585,-900,-910]],"type":"Polygon","properties":{"code":"123031447","name":"Picton - Tahmoor - Buxton","state":"New South Wales"}},{"arcs":[[1590,1591,1592,-1531,-1587,-1590,1593]],"type":"Polygon","properties":{"code":"123031448","name":"The Oaks - Oakdale","state":"New South Wales"}},{"arcs":[[-263,1594,1595,1596,-214,-248]],"type":"Polygon","properties":{"code":"124011449","name":"Blackheath - Megalong Valley","state":"New South Wales"}},{"arcs":[[1597,1598,1599]],"type":"Polygon","properties":{"code":"124011450","name":"Blaxland - Warrimoo - Lapstone","state":"New South Wales"}},{"arcs":[[-262,-970,-975,1600,1601,1602,1603,1604,-1595]],"type":"Polygon","properties":{"code":"124011451","name":"Blue Mountains - North","state":"New South Wales"}},{"arcs":[[-1605,1605,1606,-1596]],"type":"Polygon","properties":{"code":"124011452","name":"Katoomba - Leura","state":"New South Wales"}},{"arcs":[[1607,1608,1609,-1603]],"type":"Polygon","properties":{"code":"124011453","name":"Lawson - Hazelbrook - Linden","state":"New South Wales"}},{"arcs":[[1610,1611,1612,-1598,1613,-1608,-1602]],"type":"Polygon","properties":{"code":"124011454","name":"Springwood - Winmalee","state":"New South Wales"}},{"arcs":[[-1604,-1610,1614,-1606]],"type":"Polygon","properties":{"code":"124011455","name":"Wentworth Falls","state":"New South Wales"}},{"arcs":[[-1597,-1607,-1615,-1609,-1614,-1600,1615,1616,1617,-1594,-1589,-909,-81,-215]],"type":"Polygon","properties":{"code":"124021456","name":"Blue Mountains - South","state":"New South Wales"}},{"arcs":[[1618,1619,1620,1621,1622]],"type":"Polygon","properties":{"code":"124031457","name":"Cambridge Park","state":"New South Wales"}},{"arcs":[[-1613,1623,1624,1625,1626,1627,-1616,-1599]],"type":"Polygon","properties":{"code":"124031459","name":"Emu Plains - Leonay","state":"New South Wales"}},{"arcs":[[-1627,1628,1629]],"type":"Polygon","properties":{"code":"124031460","name":"Glenmore Park - Regentville","state":"New South Wales"}},{"arcs":[[-1626,1630,1631,1632,-1629]],"type":"Polygon","properties":{"code":"124031461","name":"Jamisontown - South Penrith","state":"New South Wales"}},{"arcs":[[-1622,1633,1634,-1632,1635]],"type":"Polygon","properties":{"code":"124031462","name":"Kingswood - Werrington","state":"New South Wales"}},{"arcs":[[-1628,-1630,-1633,-1635,1636,1637,1638,1639,1640,1641,1642,1643,-1617]],"type":"Polygon","properties":{"code":"124031463","name":"Mulgoa - Luddenham - Orchard Hills","state":"New South Wales"}},{"arcs":[[-1623,-1636,-1631,-1625,1644]],"type":"Polygon","properties":{"code":"124031464","name":"Penrith","state":"New South Wales"}},{"arcs":[[-1644,1645,-1591,-1618]],"type":"Polygon","properties":{"code":"124031465","name":"Warragamba - Silverdale","state":"New South Wales"}},{"arcs":[[1646,1647,-1619,-1645,-1624,-1612]],"type":"Polygon","properties":{"code":"124031707","name":"Cranebrook - Castlereagh","state":"New South Wales"}},{"arcs":[[1648,-1030,-1045,1649,-1620,-1648]],"type":"Polygon","properties":{"code":"124031708","name":"Jordan Springs - Llandilo","state":"New South Wales"}},{"arcs":[[1650,1651,-973]],"type":"Polygon","properties":{"code":"124041466","name":"Richmond - Clarendon","state":"New South Wales"}},{"arcs":[[-972,-978,-1034,1652,-1651]],"type":"Polygon","properties":{"code":"124041467","name":"Windsor - Bligh Park","state":"New South Wales"}},{"arcs":[[-1611,-1601,-974,-1652,-1653,-1031,-1649,-1647]],"type":"Polygon","properties":{"code":"124041468","name":"Yarramundi - Londonderry","state":"New South Wales"}},{"arcs":[[1653,-1054,1654,-1639,1655]],"type":"Polygon","properties":{"code":"124051469","name":"Erskine Park","state":"New South Wales"}},{"arcs":[[1656,1657,-1656,-1638]],"type":"Polygon","properties":{"code":"124051470","name":"St Clair","state":"New South Wales"}},{"arcs":[[-1049,-1057,-1055,-1654,-1658,1658]],"type":"Polygon","properties":{"code":"124051580","name":"Colyton - Oxley Park","state":"New South Wales"}},{"arcs":[[-1047,-1050,-1659,-1657,-1637,-1634,-1621,-1650]],"type":"Polygon","properties":{"code":"124051581","name":"St Marys - North St Marys","state":"New South Wales"}},{"arcs":[[-1213,1659,-1383,-1393]],"type":"Polygon","properties":{"code":"125011475","name":"Rookwood Cemetery","state":"New South Wales"}},{"arcs":[[1660,1661,1662,1663,1664]],"type":"Polygon","properties":{"code":"125011582","name":"Auburn - Central","state":"New South Wales"}},{"arcs":[[1665,1666,1667,-1662]],"type":"Polygon","properties":{"code":"125011583","name":"Auburn - North","state":"New South Wales"}},{"arcs":[[1668,1669,1670,1671,1672,-1664]],"type":"Polygon","properties":{"code":"125011584","name":"Auburn - South","state":"New South Wales"}},{"arcs":[[1673,1674,-1670]],"type":"Polygon","properties":{"code":"125011585","name":"Berala","state":"New South Wales"}},{"arcs":[[-1668,1675,1676,-1384,-1660,-1212,1677,-1674,-1669,-1663]],"type":"Polygon","properties":{"code":"125011586","name":"Lidcombe","state":"New South Wales"}},{"arcs":[[-1678,-1211,-1235,1678,-1671,-1675]],"type":"Polygon","properties":{"code":"125011587","name":"Regents Park","state":"New South Wales"}},{"arcs":[[1679,1680,1681,1682,-1676,-1667]],"type":"Polygon","properties":{"code":"125011709","name":"Silverwater - Newington","state":"New South Wales"}},{"arcs":[[1683,-1353,-1380,-1677,-1683]],"type":"Polygon","properties":{"code":"125011710","name":"Wentworth Point - Sydney Olympic Park","state":"New South Wales"}},{"arcs":[[1684,1685,1686,-1681,1687,1688,1689]],"type":"Polygon","properties":{"code":"125021477","name":"Ermington - Rydalmere","state":"New South Wales"}},{"arcs":[[1690,1691,1692,-1690,1693]],"type":"Polygon","properties":{"code":"125021478","name":"Oatlands - Dundas Valley","state":"New South Wales"}},{"arcs":[[1694,1695,1696,-1692,1697]],"type":"Polygon","properties":{"code":"125021711","name":"Carlingford - East","state":"New South Wales"}},{"arcs":[[-932,-1698,-1691,1698,1699]],"type":"Polygon","properties":{"code":"125021712","name":"Carlingford - West","state":"New South Wales"}},{"arcs":[[1700,-1672,-1679,-1234,-1204,1701]],"type":"Polygon","properties":{"code":"125031479","name":"Chester Hill - Sefton","state":"New South Wales"}},{"arcs":[[1702,1703,1704,-1702,-1210,1705,1706]],"type":"Polygon","properties":{"code":"125031480","name":"Fairfield - East","state":"New South Wales"}},{"arcs":[[1707,1708,-1666,-1661,1709,1710]],"type":"Polygon","properties":{"code":"125031481","name":"Granville - Clyde","state":"New South Wales"}},{"arcs":[[-1710,-1665,-1673,-1701,-1705,1711]],"type":"Polygon","properties":{"code":"125031483","name":"Guildford - South Granville","state":"New South Wales"}},{"arcs":[[1712,1713,1714,-1712,-1704,1715,1716]],"type":"Polygon","properties":{"code":"125031484","name":"Guildford West - Merrylands West","state":"New South Wales"}},{"arcs":[[-1717,1717,1718,1719,1720,1721]],"type":"Polygon","properties":{"code":"125031486","name":"Smithfield Industrial","state":"New South Wales"}},{"arcs":[[-1716,-1703,1722,-1718]],"type":"Polygon","properties":{"code":"125031487","name":"Yennora Industrial","state":"New South Wales"}},{"arcs":[[1723,-1713,-1722,1724]],"type":"Polygon","properties":{"code":"125031713","name":"Greystanes - South","state":"New South Wales"}},{"arcs":[[1725,1726,1727,-1711,-1715]],"type":"Polygon","properties":{"code":"125031714","name":"Merrylands - Holroyd","state":"New South Wales"}},{"arcs":[[1728,-1725,-1721,1729,1730,-1051,-1011,1731]],"type":"Polygon","properties":{"code":"125031715","name":"Pemulwuy - Greystanes (North)","state":"New South Wales"}},{"arcs":[[-1726,-1714,-1724,-1729,1732]],"type":"Polygon","properties":{"code":"125031716","name":"South Wentworthville","state":"New South Wales"}},{"arcs":[[1733,-1699,-1694,-1689,1734,1735]],"type":"Polygon","properties":{"code":"125041489","name":"North Parramatta","state":"New South Wales"}},{"arcs":[[-914,-933,-1700,-1734,1736]],"type":"Polygon","properties":{"code":"125041490","name":"North Rocks","state":"New South Wales"}},{"arcs":[[1737,-915,-1737,-1736,1738,1739,1740]],"type":"Polygon","properties":{"code":"125041491","name":"Northmead","state":"New South Wales"}},{"arcs":[[-1003,1741,-1741,1742,1743,-1013]],"type":"Polygon","properties":{"code":"125041493","name":"Toongabbie - Constitution Hill","state":"New South Wales"}},{"arcs":[[-921,-916,-1738,-1742,-1002]],"type":"Polygon","properties":{"code":"125041494","name":"Winston Hills","state":"New South Wales"}},{"arcs":[[-1744,1744,-1732,-1010,-1014]],"type":"Polygon","properties":{"code":"125041588","name":"Pendle Hill - Girraween","state":"New South Wales"}},{"arcs":[[-1743,-1740,1745,1746,-1727,-1733,-1745]],"type":"Polygon","properties":{"code":"125041589","name":"Wentworthville - Westmead","state":"New South Wales"}},{"arcs":[[-1746,-1739,-1735,1747,1748]],"type":"Polygon","properties":{"code":"125041717","name":"Parramatta - North","state":"New South Wales"}},{"arcs":[[-1749,1749,-1708,-1728,-1747]],"type":"Polygon","properties":{"code":"125041718","name":"Parramatta - South","state":"New South Wales"}},{"arcs":[[-1748,-1688,-1680,-1709,-1750]],"type":"Polygon","properties":{"code":"125041719","name":"Rosehill - Harris Park","state":"New South Wales"}},{"arcs":[[-948,-1428,-1459,-1457,1750,1751,-1695,-931]],"type":"Polygon","properties":{"code":"126011496","name":"Pennant Hills - Cheltenham","state":"New South Wales"}},{"arcs":[[-1456,1752,1753,1754,-1751]],"type":"Polygon","properties":{"code":"126011720","name":"Epping (East) - North Epping","state":"New South Wales"}},{"arcs":[[-1752,-1755,1755,-1696]],"type":"Polygon","properties":{"code":"126011721","name":"Epping (NSW) - West","state":"New South Wales"}},{"arcs":[[1756,1757,1758,1759,1760,1761]],"type":"Polygon","properties":{"code":"126021498","name":"Gladesville - Huntleys Point","state":"New South Wales"}},{"arcs":[[1762,1763,-1760]],"type":"Polygon","properties":{"code":"126021499","name":"Hunters Hill - Woolwich","state":"New South Wales"}},{"arcs":[[-1455,-1447,-1440,-1445,1764,1765,1766,-1753]],"type":"Polygon","properties":{"code":"126021500","name":"Macquarie Park - Marsfield","state":"New South Wales"}},{"arcs":[[-1444,-1399,1767,-1763,-1759,1768,-1765]],"type":"Polygon","properties":{"code":"126021501","name":"North Ryde - East Ryde","state":"New South Wales"}},{"arcs":[[1769,1770,1771,1772,1773,-1686]],"type":"Polygon","properties":{"code":"126021503","name":"West Ryde - Meadowbank","state":"New South Wales"}},{"arcs":[[1774,-1762,1775]],"type":"Polygon","properties":{"code":"126021590","name":"Putney","state":"New South Wales"}},{"arcs":[[1776,-1771,1777]],"type":"Polygon","properties":{"code":"126021722","name":"Denistone","state":"New South Wales"}},{"arcs":[[-1756,-1754,-1767,1778,-1778,-1770,-1685,-1693,-1697]],"type":"Polygon","properties":{"code":"126021723","name":"Eastwood","state":"New South Wales"}},{"arcs":[[-1777,-1779,-1766,-1769,-1758,1779,-1772]],"type":"Polygon","properties":{"code":"126021724","name":"Ryde - North","state":"New South Wales"}},{"arcs":[[-1757,-1775,1780,-1773,-1780]],"type":"Polygon","properties":{"code":"126021725","name":"Ryde - South","state":"New South Wales"}},{"arcs":[[1781,1782,1783,1784,1785,1786,1787]],"type":"Polygon","properties":{"code":"127011504","name":"Ashcroft - Busby - Miller","state":"New South Wales"}},{"arcs":[[-1641,1788,1789,1790,1791,1792,1793,1794,-1592,-1646,-1643,1795]],"type":"Polygon","properties":{"code":"127011505","name":"Austral - Greendale","state":"New South Wales"}},{"arcs":[[-1796,-1642]],"type":"Polygon","properties":{"code":"127011592","name":"Badgerys Creek","state":"New South Wales"}},{"arcs":[[1796,1797,1798,-1791,1799]],"type":"Polygon","properties":{"code":"127011593","name":"Cecil Hills","state":"New South Wales"}},{"arcs":[[-1798,1800,-1782,1801]],"type":"Polygon","properties":{"code":"127011594","name":"Green Valley","state":"New South Wales"}},{"arcs":[[1802,-1792,-1799,-1802,-1788,1803,1804]],"type":"Polygon","properties":{"code":"127011595","name":"Hinchinbrook","state":"New South Wales"}},{"arcs":[[-1805,1805,1806,1807,1808]],"type":"Polygon","properties":{"code":"127011596","name":"Hoxton Park - Carnes Hill - Horningsea Park","state":"New South Wales"}},{"arcs":[[-1803,-1809,1809,-1793]],"type":"Polygon","properties":{"code":"127011597","name":"West Hoxton - Middleton Grange","state":"New South Wales"}},{"arcs":[[-1795,1810,1811,-1541,-1540,-1527,-1593]],"type":"Polygon","properties":{"code":"127011726","name":"Cobbitty - Bringelly","state":"New South Wales"}},{"arcs":[[1812,1813,-1563,-1532,-1543]],"type":"Polygon","properties":{"code":"127011727","name":"Gledswood Hills - Gregory Hills","state":"New South Wales"}},{"arcs":[[-1811,-1794,-1810,-1808,1814,-1576,-1559,-1814,1815]],"type":"Polygon","properties":{"code":"127011728","name":"Leppington - Catherine Field","state":"New South Wales"}},{"arcs":[[-1816,-1813,-1542,-1812]],"type":"Polygon","properties":{"code":"127011729","name":"Oran Park","state":"New South Wales"}},{"arcs":[[1816,1817,1818,-1783,-1801,-1797]],"type":"Polygon","properties":{"code":"127021509","name":"Bonnyrigg Heights - Bonnyrigg","state":"New South Wales"}},{"arcs":[[1819,1820,1821,1822,-1800,-1790,1823]],"type":"Polygon","properties":{"code":"127021510","name":"Bossley Park - Abbotsbury","state":"New South Wales"}},{"arcs":[[-1208,1824,1825,1826,1827]],"type":"Polygon","properties":{"code":"127021511","name":"Cabramatta - Lansvale","state":"New South Wales"}},{"arcs":[[1828,1829,-1827,1830,-1784,-1819]],"type":"Polygon","properties":{"code":"127021512","name":"Cabramatta West - Mount Pritchard","state":"New South Wales"}},{"arcs":[[1831,1832,-1706,-1209,-1828,-1830,1833]],"type":"Polygon","properties":{"code":"127021513","name":"Canley Vale - Canley Heights","state":"New South Wales"}},{"arcs":[[1834,-1817,-1823]],"type":"Polygon","properties":{"code":"127021514","name":"Edensor Park","state":"New South Wales"}},{"arcs":[[1835,-1719,-1723,-1707,-1833,1836]],"type":"Polygon","properties":{"code":"127021515","name":"Fairfield","state":"New South Wales"}},{"arcs":[[1837,1838,-1837,-1832,1839]],"type":"Polygon","properties":{"code":"127021516","name":"Fairfield - West","state":"New South Wales"}},{"arcs":[[1840,-1838,1841,-1835,-1822]],"type":"Polygon","properties":{"code":"127021517","name":"Greenfield Park - Prairiewood","state":"New South Wales"}},{"arcs":[[-1655,-1053,1842,-1824,-1789,-1640]],"type":"Polygon","properties":{"code":"127021518","name":"Horsley Park - Kemps Creek","state":"New South Wales"}},{"arcs":[[-1730,-1720,-1836,-1839,-1841,-1821,1843]],"type":"Polygon","properties":{"code":"127021519","name":"Smithfield - Wetherill Park","state":"New South Wales"}},{"arcs":[[-1840,-1834,-1829,-1818,-1842]],"type":"Polygon","properties":{"code":"127021520","name":"St Johns Park - Wakeley","state":"New South Wales"}},{"arcs":[[-1052,-1731,-1844,-1820,-1843]],"type":"Polygon","properties":{"code":"127021521","name":"Wetherill Park Industrial","state":"New South Wales"}},{"arcs":[[1844,1845,1846,1847,-1578,1848,1849]],"type":"Polygon","properties":{"code":"127031522","name":"Casula","state":"New South Wales"}},{"arcs":[[1850,-1825,-1207,-1224,-1251,1851,1852]],"type":"Polygon","properties":{"code":"127031523","name":"Chipping Norton - Moorebank","state":"New South Wales"}},{"arcs":[[-1852,-1250,-1254,1853,-1568,-1571,-1583,-1584,-1579,-1848]],"type":"Polygon","properties":{"code":"127031524","name":"Holsworthy - Wattle Grove","state":"New South Wales"}},{"arcs":[[-1786,1854,-1845,1855]],"type":"Polygon","properties":{"code":"127031599","name":"Lurnea - Cartwright","state":"New South Wales"}},{"arcs":[[-1826,-1851,1856,1857]],"type":"Polygon","properties":{"code":"127031601","name":"Warwick Farm","state":"New South Wales"}},{"arcs":[[-1807,1858,-1849,-1577,-1815]],"type":"Polygon","properties":{"code":"127031730","name":"Edmondson Park","state":"New South Wales"}},{"arcs":[[-1857,-1853,-1847,1859]],"type":"Polygon","properties":{"code":"127031731","name":"Liverpool - East","state":"New South Wales"}},{"arcs":[[-1858,-1860,-1846,-1855,-1785,-1831]],"type":"Polygon","properties":{"code":"127031732","name":"Liverpool - West","state":"New South Wales"}},{"arcs":[[-1804,-1787,-1856,-1850,-1859,-1806]],"type":"Polygon","properties":{"code":"127031733","name":"Prestons","state":"New South Wales"}},{"arcs":[[1860,1861,1862,1863,1864,1865]],"type":"Polygon","properties":{"code":"128011529","name":"Gymea - Grays Point","state":"New South Wales"}},{"arcs":[[1866,1867,1868,1869,-1863]],"type":"Polygon","properties":{"code":"128011530","name":"Miranda - Yowie Bay","state":"New South Wales"}},{"arcs":[[1870,-1867,-1862,1871,1872]],"type":"Polygon","properties":{"code":"128011531","name":"Sylvania - Taren Point","state":"New South Wales"}},{"arcs":[[-1871,1873,1874,1875,-1868]],"type":"Polygon","properties":{"code":"128011602","name":"Caringbah","state":"New South Wales"}},{"arcs":[[-1869,-1876,1876,1877,1878,1879]],"type":"Polygon","properties":{"code":"128011603","name":"Caringbah South","state":"New South Wales"}},{"arcs":[[1880,1881]],"type":"Polygon","properties":{"code":"128011604","name":"Cronulla - Kurnell - Bundeena","state":"New South Wales"}},{"arcs":[[1882,-1879]],"type":"Polygon","properties":{"code":"128011605","name":"Lilli Pilli - Port Hacking - Dolans Bay","state":"New South Wales"}},{"arcs":[[-1875,1883,-1882,1884,-1877]],"type":"Polygon","properties":{"code":"128011606","name":"Woolooware - Burraneer","state":"New South Wales"}},{"arcs":[[-499,-1565,1885,1886]],"type":"Polygon","properties":{"code":"128021533","name":"Heathcote - Waterfall","state":"New South Wales"}},{"arcs":[[1887,1888]],"type":"Polygon","properties":{"code":"128021534","name":"Illawong - Alfords Point","state":"New South Wales"}},{"arcs":[[-1253,1889,-1888,1890,1891,1892,1893,-1564,-1854]],"type":"Polygon","properties":{"code":"128021535","name":"Menai - Lucas Heights - Woronora","state":"New South Wales"}},{"arcs":[[-1872,-1861,1894,1895]],"type":"Polygon","properties":{"code":"128021536","name":"Oyster Bay - Como - Jannali","state":"New South Wales"}},{"arcs":[[1896,-500,-1887,1897,1898,1899,-1865]],"type":"Polygon","properties":{"code":"128021537","name":"Royal National Park","state":"New South Wales"}},{"arcs":[[-1895,-1866,-1900,1900,1901,-1892,1902]],"type":"Polygon","properties":{"code":"128021538","name":"Sutherland - Kirrawee","state":"New South Wales"}},{"arcs":[[1903,1904,-1898,-1886,-1894]],"type":"Polygon","properties":{"code":"128021607","name":"Engadine","state":"New South Wales"}},{"arcs":[[1905,-1901,-1899,-1905]],"type":"Polygon","properties":{"code":"128021608","name":"Loftus - Yarrawarrah","state":"New South Wales"}},{"arcs":[[-1902,-1906,-1904,-1893]],"type":"Polygon","properties":{"code":"128021609","name":"Woronora Heights","state":"New South Wales"}},{"arcs":[[1906,1907,1908,1909,1910,1911]],"type":"Polygon","properties":{"code":"201011001","name":"Alfredton","state":"Victoria"}},{"arcs":[[1912,1913,1914,1915,1916,1917,-1911]],"type":"Polygon","properties":{"code":"201011002","name":"Ballarat","state":"Victoria"}},{"arcs":[[1918,1919,1920,1921,1922]],"type":"Polygon","properties":{"code":"201011005","name":"Buninyong","state":"Victoria"}},{"arcs":[[-1912,-1918,1923,1924]],"type":"Polygon","properties":{"code":"201011006","name":"Delacombe","state":"Victoria"}},{"arcs":[[1925,-1907,-1925,1926,-1922,1927]],"type":"Polygon","properties":{"code":"201011007","name":"Smythes Creek","state":"Victoria"}},{"arcs":[[1928,1929,-1913,-1910]],"type":"Polygon","properties":{"code":"201011008","name":"Wendouree - Miners Rest","state":"Victoria"}},{"arcs":[[1930,1931,-1915,1932]],"type":"Polygon","properties":{"code":"201011481","name":"Ballarat East - Warrenheip","state":"Victoria"}},{"arcs":[[-1930,1933,1934,-1933,-1914]],"type":"Polygon","properties":{"code":"201011482","name":"Ballarat North - Invermay","state":"Victoria"}},{"arcs":[[-1916,-1932,1935,-1919,1936]],"type":"Polygon","properties":{"code":"201011483","name":"Canadian - Mount Clear","state":"Victoria"}},{"arcs":[[-1917,-1937,-1923,-1927,-1924]],"type":"Polygon","properties":{"code":"201011484","name":"Sebastopol - Redan","state":"Victoria"}},{"arcs":[[1937,1938,1939,1940,1941,1942,1943,1944,1945,1946]],"type":"Polygon","properties":{"code":"201021009","name":"Bacchus Marsh Surrounds","state":"Victoria"}},{"arcs":[[1947,1948,1949,1950,-1934,-1929,-1909,1951,1952]],"type":"Polygon","properties":{"code":"201021010","name":"Creswick - Clunes","state":"Victoria"}},{"arcs":[[1953,1954,1955,-1938,1956,-1950]],"type":"Polygon","properties":{"code":"201021011","name":"Daylesford","state":"Victoria"}},{"arcs":[[-1935,-1951,-1957,-1947,1957,1958,-1920,-1936,-1931]],"type":"Polygon","properties":{"code":"201021012","name":"Gordon (Vic.)","state":"Victoria"}},{"arcs":[[1959,1960,-1953,1961,1962,1963]],"type":"Polygon","properties":{"code":"201031013","name":"Avoca","state":"Victoria"}},{"arcs":[[-1962,-1952,-1908,-1926,1964,1965,1966]],"type":"Polygon","properties":{"code":"201031014","name":"Beaufort","state":"Victoria"}},{"arcs":[[-1921,-1959,1967,1968,-1965,-1928]],"type":"Polygon","properties":{"code":"201031015","name":"Golden Plains - North","state":"Victoria"}},{"arcs":[[1969]],"type":"Polygon","properties":{"code":"201031016","name":"Maryborough (Vic.)","state":"Victoria"}},{"arcs":[[1970,1971,1972,-1948,-1961],[-1970]],"type":"Polygon","properties":{"code":"201031017","name":"Maryborough Surrounds","state":"Victoria"}},{"arcs":[[1973,1974,1975,1976,1977,1978]],"type":"Polygon","properties":{"code":"202011018","name":"Bendigo","state":"Victoria"}},{"arcs":[[1979,1980,-1974,1981]],"type":"Polygon","properties":{"code":"202011019","name":"California Gully - Eaglehawk","state":"Victoria"}},{"arcs":[[1982,1983,1984,1985,-1976]],"type":"Polygon","properties":{"code":"202011020","name":"East Bendigo - Kennington","state":"Victoria"}},{"arcs":[[-1977,-1986,1986,1987,1988]],"type":"Polygon","properties":{"code":"202011021","name":"Flora Hill - Spring Gully","state":"Victoria"}},{"arcs":[[-1978,-1989,1989,1990]],"type":"Polygon","properties":{"code":"202011022","name":"Kangaroo Flat - Golden Square","state":"Victoria"}},{"arcs":[[1991,-1982,-1979,-1991,1992]],"type":"Polygon","properties":{"code":"202011023","name":"Maiden Gully","state":"Victoria"}},{"arcs":[[-1985,1993,1994,-1987]],"type":"Polygon","properties":{"code":"202011024","name":"Strathfieldsaye","state":"Victoria"}},{"arcs":[[1995,-1983,-1975,-1981]],"type":"Polygon","properties":{"code":"202011025","name":"White Hills - Ascot","state":"Victoria"}},{"arcs":[[1996,1997,1998,1999,2000,-1993,-1990,-1988,-1995]],"type":"Polygon","properties":{"code":"202021026","name":"Bendigo Surrounds - South","state":"Victoria"}},{"arcs":[[2001]],"type":"Polygon","properties":{"code":"202021027","name":"Castlemaine","state":"Victoria"}},{"arcs":[[2002,-1999,2003,2004,2005,-1954,-1949,-1973],[-2002]],"type":"Polygon","properties":{"code":"202021028","name":"Castlemaine Surrounds","state":"Victoria"}},{"arcs":[[-1998,2006,2007,2008,2009,-2004]],"type":"Polygon","properties":{"code":"202021029","name":"Heathcote","state":"Victoria"}},{"arcs":[[-2006,2010,2011,2012,-1955]],"type":"Polygon","properties":{"code":"202021030","name":"Kyneton","state":"Victoria"}},{"arcs":[[2013,2014,2015,-1939,-1956,-2013]],"type":"Polygon","properties":{"code":"202021031","name":"Woodend","state":"Victoria"}},{"arcs":[[-1980,-1992,-2001,2016,2017,2018,2019,-2007,-1997,-1994,-1984,-1996]],"type":"Polygon","properties":{"code":"202031032","name":"Bendigo Surrounds - North","state":"Victoria"}},{"arcs":[[2020,2021,-2017,-2000,-2003,-1972,2022,2023]],"type":"Polygon","properties":{"code":"202031033","name":"Loddon","state":"Victoria"}},{"arcs":[[2024,2025,2026,2027,2028]],"type":"Polygon","properties":{"code":"203011034","name":"Bannockburn","state":"Victoria"}},{"arcs":[[-1958,-1946,2029,2030,-2029,2031,2032,2033,-1968]],"type":"Polygon","properties":{"code":"203011035","name":"Golden Plains - South","state":"Victoria"}},{"arcs":[[-2032,-2028,2034,2035,2036,2037,2038]],"type":"Polygon","properties":{"code":"203011036","name":"Winchelsea","state":"Victoria"}},{"arcs":[[2039,2040,2041,2042,2043]],"type":"Polygon","properties":{"code":"203021037","name":"Belmont","state":"Victoria"}},{"arcs":[[2044,2045,2046,2047,-2041,2048,2049]],"type":"Polygon","properties":{"code":"203021039","name":"Geelong","state":"Victoria"}},{"arcs":[[-2050,2050,2051,-2027,2052]],"type":"Polygon","properties":{"code":"203021040","name":"Geelong West - Hamlyn Heights","state":"Victoria"}},{"arcs":[[2053,-2044,2054,-2035,-2052]],"type":"Polygon","properties":{"code":"203021042","name":"Highton","state":"Victoria"}},{"arcs":[[-2030,-1945,2055,2056,2057,2058,2059]],"type":"Polygon","properties":{"code":"203021043","name":"Lara","state":"Victoria"}},{"arcs":[[2060,2061,2062,2063,2064]],"type":"Polygon","properties":{"code":"203021044","name":"Leopold","state":"Victoria"}},{"arcs":[[2065,-2065,2066,2067,-2047]],"type":"Polygon","properties":{"code":"203021045","name":"Newcomb - Moolap","state":"Victoria"}},{"arcs":[[-2049,-2040,-2054,-2051]],"type":"Polygon","properties":{"code":"203021046","name":"Newtown (Vic.)","state":"Victoria"}},{"arcs":[[2068,2069,2070,-2045,-2053,-2026]],"type":"Polygon","properties":{"code":"203021047","name":"North Geelong - Bell Park","state":"Victoria"}},{"arcs":[[-2042,-2048,-2068,2071,2072,2073]],"type":"Polygon","properties":{"code":"203021485","name":"Charlemont","state":"Victoria"}},{"arcs":[[-2025,-2031,-2060,2074,2075,-2069]],"type":"Polygon","properties":{"code":"203021486","name":"Corio - Lovely Banks","state":"Victoria"}},{"arcs":[[-2074,2076,-2036,-2055,-2043]],"type":"Polygon","properties":{"code":"203021487","name":"Grovedale - Mount Duneed","state":"Victoria"}},{"arcs":[[2077,-2070,-2076]],"type":"Polygon","properties":{"code":"203021488","name":"Norlane","state":"Victoria"}},{"arcs":[[2078,2079,2080,-2062,2081]],"type":"Polygon","properties":{"code":"203031048","name":"Clifton Springs","state":"Victoria"}},{"arcs":[[2082,2083,2084,2085,-2038]],"type":"Polygon","properties":{"code":"203031049","name":"Lorne - Anglesea","state":"Victoria"}},{"arcs":[[2086,-2079,2087]],"type":"Polygon","properties":{"code":"203031051","name":"Portarlington","state":"Victoria"}},{"arcs":[[-2080,-2087,2088,2089]],"type":"Polygon","properties":{"code":"203031052","name":"Point Lonsdale - Queenscliff","state":"Victoria"}},{"arcs":[[-2077,-2073,2090,2091,-2083,-2037]],"type":"Polygon","properties":{"code":"203031053","name":"Torquay","state":"Victoria"}},{"arcs":[[-2067,-2064,2092,2093,-2091,-2072]],"type":"Polygon","properties":{"code":"203031489","name":"Barwon Heads - Armstrong Creek","state":"Victoria"}},{"arcs":[[-2063,-2081,-2090,2094,-2093]],"type":"Polygon","properties":{"code":"203031490","name":"Ocean Grove","state":"Victoria"}},{"arcs":[[2095,2096,2097,2098,2099,2100,2101]],"type":"Polygon","properties":{"code":"204011054","name":"Alexandra","state":"Victoria"}},{"arcs":[[2102,2103,-2096,2104,2105,2106,2107,2108]],"type":"Polygon","properties":{"code":"204011055","name":"Euroa","state":"Victoria"}},{"arcs":[[2109,2110,2111,2112]],"type":"Polygon","properties":{"code":"204011056","name":"Kilmore - Broadford","state":"Victoria"}},{"arcs":[[2113,2114,2115,2116,-2097,-2104,2117]],"type":"Polygon","properties":{"code":"204011057","name":"Mansfield (Vic.)","state":"Victoria"}},{"arcs":[[2118,-2107,2119,2120,2121,-2009,2122]],"type":"Polygon","properties":{"code":"204011058","name":"Nagambie","state":"Victoria"}},{"arcs":[[-2121,2123]],"type":"Polygon","properties":{"code":"204011059","name":"Seymour","state":"Victoria"}},{"arcs":[[-2005,-2010,-2122,-2124,-2120,-2106,2124,-2110,2125,-2011]],"type":"Polygon","properties":{"code":"204011060","name":"Seymour Surrounds","state":"Victoria"}},{"arcs":[[-2098,-2117,2126,2127]],"type":"Polygon","properties":{"code":"204011061","name":"Upper Yarra Valley","state":"Victoria"}},{"arcs":[[-2105,-2102,2128,2129,-2111,-2125]],"type":"Polygon","properties":{"code":"204011062","name":"Yea","state":"Victoria"}},{"arcs":[[2130]],"type":"Polygon","properties":{"code":"204021063","name":"Benalla","state":"Victoria"}},{"arcs":[[2131,2132,2133,-2118,-2103],[-2131]],"type":"Polygon","properties":{"code":"204021064","name":"Benalla Surrounds","state":"Victoria"}},{"arcs":[[-608,-613,2134,2135,2136,-614]],"type":"Polygon","properties":{"code":"204021065","name":"Rutherglen","state":"Victoria"}},{"arcs":[[2137]],"type":"Polygon","properties":{"code":"204021066","name":"Wangaratta","state":"Victoria"}},{"arcs":[[2138,-2136,2139,2140,2141,2142,2143,-2114,-2134],[-2138]],"type":"Polygon","properties":{"code":"204021067","name":"Wangaratta Surrounds","state":"Victoria"}},{"arcs":[[2144,2145,2146,-2141]],"type":"Polygon","properties":{"code":"204031068","name":"Beechworth","state":"Victoria"}},{"arcs":[[2147,2148,2149,2150,2151,-2143]],"type":"Polygon","properties":{"code":"204031069","name":"Bright - Mount Beauty","state":"Victoria"}},{"arcs":[[-612,-588,2152,2153,2154,-2145,-2140,-2135]],"type":"Polygon","properties":{"code":"204031070","name":"Chiltern - Indigo Valley","state":"Victoria"}},{"arcs":[[-2147,2155,-2148,-2142]],"type":"Polygon","properties":{"code":"204031071","name":"Myrtleford","state":"Victoria"}},{"arcs":[[2156,-572,-585,-840,2157,2158,-2150,2159]],"type":"Polygon","properties":{"code":"204031072","name":"Towong","state":"Victoria"}},{"arcs":[[-587,-582,2160,2161,-2153]],"type":"Polygon","properties":{"code":"204031073","name":"West Wodonga","state":"Victoria"}},{"arcs":[[-2160,-2149,-2156,-2146,-2155,2162]],"type":"Polygon","properties":{"code":"204031075","name":"Yackandandah","state":"Victoria"}},{"arcs":[[-580,-573,-2157,-2163,-2154,-2162,2163]],"type":"Polygon","properties":{"code":"204031491","name":"Baranduda - Leneva","state":"Victoria"}},{"arcs":[[-581,-2164,-2161]],"type":"Polygon","properties":{"code":"204031492","name":"Wodonga","state":"Victoria"}},{"arcs":[[2164,2165,2166,2167,2168,2169]],"type":"Polygon","properties":{"code":"205011076","name":"Drouin","state":"Victoria"}},{"arcs":[[2170,2171,-2127,-2116,2172,2173,2174,2175,2176,2177,-2166]],"type":"Polygon","properties":{"code":"205011077","name":"Mount Baw Baw Region","state":"Victoria"}},{"arcs":[[-2177,2178,2179,2180,2181]],"type":"Polygon","properties":{"code":"205011078","name":"Trafalgar (Vic.)","state":"Victoria"}},{"arcs":[[-2178,-2182,2182,2183,-2167]],"type":"Polygon","properties":{"code":"205011079","name":"Warragul","state":"Victoria"}},{"arcs":[[-2158,-839,-42,2184,2185]],"type":"Polygon","properties":{"code":"205021080","name":"Alps - East","state":"Victoria"}},{"arcs":[[2186,2187,2188]],"type":"Polygon","properties":{"code":"205021081","name":"Bairnsdale","state":"Victoria"}},{"arcs":[[-2159,-2186,2189,2190,2191,-2189,2192,2193,2194,2195,-2151]],"type":"Polygon","properties":{"code":"205021082","name":"Bruthen - Omeo","state":"Victoria"}},{"arcs":[[-2192,2196,2197,2198,-2187]],"type":"Polygon","properties":{"code":"205021083","name":"Lake King","state":"Victoria"}},{"arcs":[[2199,2200,2201,-2197,-2191]],"type":"Polygon","properties":{"code":"205021084","name":"Lakes Entrance","state":"Victoria"}},{"arcs":[[-2185,-41,-34,-58,2202,-2200,-2190]],"type":"Polygon","properties":{"code":"205021085","name":"Orbost","state":"Victoria"}},{"arcs":[[-2199,2203,-2193,-2188]],"type":"Polygon","properties":{"code":"205021086","name":"Paynesville","state":"Victoria"}},{"arcs":[[2204,2205,2206,2207,2208,2209,2210]],"type":"Polygon","properties":{"code":"205031087","name":"Foster","state":"Victoria"}},{"arcs":[[2211]],"type":"Polygon","properties":{"code":"205031088","name":"French Island","state":"Victoria"}},{"arcs":[[2212,-2168,-2184,2213,2214]],"type":"Polygon","properties":{"code":"205031089","name":"Korumburra","state":"Victoria"}},{"arcs":[[-2183,-2181,2215,-2211,2216,-2214]],"type":"Polygon","properties":{"code":"205031090","name":"Leongatha","state":"Victoria"}},{"arcs":[[2217]],"type":"Polygon","properties":{"code":"205031091","name":"Phillip Island","state":"Victoria"}},{"arcs":[[2218,-2208]],"type":"Polygon","properties":{"code":"205031092","name":"Wilsons Promontory","state":"Victoria"}},{"arcs":[[2219,-2215,-2217,-2210,2220]],"type":"Polygon","properties":{"code":"205031093","name":"Wonthaggi - Inverloch","state":"Victoria"}},{"arcs":[[-2180,2221,2222,2223,2224,2225,2226,-2205,-2216]],"type":"Polygon","properties":{"code":"205041094","name":"Churchill","state":"Victoria"}},{"arcs":[[-2176,2227,2228,-2222,-2179]],"type":"Polygon","properties":{"code":"205041095","name":"Moe - Newborough","state":"Victoria"}},{"arcs":[[2229,2230,-2223,-2229]],"type":"Polygon","properties":{"code":"205041096","name":"Morwell","state":"Victoria"}},{"arcs":[[2231,2232,-2230,-2228,-2175,2233,2234]],"type":"Polygon","properties":{"code":"205041098","name":"Yallourn North - Glengarry","state":"Victoria"}},{"arcs":[[2235,-2232,2236,-2225]],"type":"Polygon","properties":{"code":"205041493","name":"Traralgon - East","state":"Victoria"}},{"arcs":[[-2233,-2236,-2224,-2231]],"type":"Polygon","properties":{"code":"205041494","name":"Traralgon - West","state":"Victoria"}},{"arcs":[[-2144,-2152,-2196,2237,-2173,-2115]],"type":"Polygon","properties":{"code":"205051099","name":"Alps - West","state":"Victoria"}},{"arcs":[[2238,-2194,-2204,-2198,-2202,2239,2240,2241,2242]],"type":"Polygon","properties":{"code":"205051100","name":"Longford - Loch Sport","state":"Victoria"}},{"arcs":[[-2238,-2195,-2239,2243,2244,-2234,-2174]],"type":"Polygon","properties":{"code":"205051101","name":"Maffra","state":"Victoria"}},{"arcs":[[-2245,2245,-2242,2246,-2226,-2237,-2235]],"type":"Polygon","properties":{"code":"205051102","name":"Rosedale","state":"Victoria"}},{"arcs":[[-2244,-2243,-2246]],"type":"Polygon","properties":{"code":"205051103","name":"Sale","state":"Victoria"}},{"arcs":[[[-2247,-2241,2247,-2206,-2227]],[[2248]]],"type":"MultiPolygon","properties":{"code":"205051104","name":"Yarram","state":"Victoria"}},{"arcs":[[2249,2250,2251,2252,2253,2254]],"type":"Polygon","properties":{"code":"206011106","name":"Brunswick East","state":"Victoria"}},{"arcs":[[2255,2256,2257,2258,2259,2260,2261,2262]],"type":"Polygon","properties":{"code":"206011107","name":"Brunswick West","state":"Victoria"}},{"arcs":[[2263,2264,2265,-2257,2266,2267]],"type":"Polygon","properties":{"code":"206011109","name":"Pascoe Vale South","state":"Victoria"}},{"arcs":[[2268,2269,-2255,2270,-2259]],"type":"Polygon","properties":{"code":"206011495","name":"Brunswick - North","state":"Victoria"}},{"arcs":[[-2271,-2254,2271,2272,-2260]],"type":"Polygon","properties":{"code":"206011496","name":"Brunswick - South","state":"Victoria"}},{"arcs":[[2273,2274,2275,-2250,-2270,2276]],"type":"Polygon","properties":{"code":"206011497","name":"Coburg - East","state":"Victoria"}},{"arcs":[[2277,2278,-2277,-2269,-2258,-2266]],"type":"Polygon","properties":{"code":"206011498","name":"Coburg - West","state":"Victoria"}},{"arcs":[[2279,2280,2281,2282]],"type":"Polygon","properties":{"code":"206021110","name":"Alphington - Fairfield","state":"Victoria"}},{"arcs":[[2283,2284,2285,-2280,2286,2287,-2276]],"type":"Polygon","properties":{"code":"206021112","name":"Thornbury","state":"Victoria"}},{"arcs":[[-2287,-2283,2288,2289]],"type":"Polygon","properties":{"code":"206021499","name":"Northcote - East","state":"Victoria"}},{"arcs":[[-2288,-2290,2290,-2251]],"type":"Polygon","properties":{"code":"206021500","name":"Northcote - West","state":"Victoria"}},{"arcs":[[2291,-2262,2292,2293,2294,2295]],"type":"Polygon","properties":{"code":"206031113","name":"Ascot Vale","state":"Victoria"}},{"arcs":[[2296,2297,2298,2299,-2293]],"type":"Polygon","properties":{"code":"206031115","name":"Flemington","state":"Victoria"}},{"arcs":[[2300,-2263,-2292,2301,2302]],"type":"Polygon","properties":{"code":"206031116","name":"Moonee Ponds","state":"Victoria"}},{"arcs":[[2303,2304,2305,-2303,2306,2307]],"type":"Polygon","properties":{"code":"206031501","name":"Essendon (West) - Aberfeldie","state":"Victoria"}},{"arcs":[[2308,-2267,-2256,-2301,-2306]],"type":"Polygon","properties":{"code":"206031502","name":"Essendon - East","state":"Victoria"}},{"arcs":[[2309,2310,2311,2312,2313,2314,2315]],"type":"Polygon","properties":{"code":"206041117","name":"Carlton","state":"Victoria"}},{"arcs":[[2316,2317,2318,2319,2320]],"type":"Polygon","properties":{"code":"206041118","name":"Docklands","state":"Victoria"}},{"arcs":[[-2310,2321,2322,2323,2324,2325,2326,2327,2328]],"type":"Polygon","properties":{"code":"206041119","name":"East Melbourne","state":"Victoria"}},{"arcs":[[-2300,2329,2330,-2294]],"type":"Polygon","properties":{"code":"206041120","name":"Flemington Racecourse","state":"Victoria"}},{"arcs":[[-2299,2331,2332,2333,-2330]],"type":"Polygon","properties":{"code":"206041121","name":"Kensington (Vic.)","state":"Victoria"}},{"arcs":[[-2261,-2273,2334,-2314,2335,-2297]],"type":"Polygon","properties":{"code":"206041124","name":"Parkville","state":"Victoria"}},{"arcs":[[2336,2337,2338,2339,2340,2341]],"type":"Polygon","properties":{"code":"206041125","name":"South Yarra - West","state":"Victoria"}},{"arcs":[[-2333,2342,2343,-2321,2344,2345,2346]],"type":"Polygon","properties":{"code":"206041127","name":"West Melbourne - Industrial","state":"Victoria"}},{"arcs":[[-2311,-2329,2347,2348]],"type":"Polygon","properties":{"code":"206041503","name":"Melbourne CBD - East","state":"Victoria"}},{"arcs":[[2349,-2312,-2349,2350,2351]],"type":"Polygon","properties":{"code":"206041504","name":"Melbourne CBD - North","state":"Victoria"}},{"arcs":[[2352,-2351,-2348,-2328,2353,-2318]],"type":"Polygon","properties":{"code":"206041505","name":"Melbourne CBD - West","state":"Victoria"}},{"arcs":[[-2298,-2336,-2313,-2350,2354,-2343,-2332]],"type":"Polygon","properties":{"code":"206041506","name":"North Melbourne","state":"Victoria"}},{"arcs":[[2355,-2337,2356,2357,2358,2359,-2326]],"type":"Polygon","properties":{"code":"206041507","name":"Royal Botanic Gardens Victoria","state":"Victoria"}},{"arcs":[[-2327,-2360,2360,2361,-2319,-2354]],"type":"Polygon","properties":{"code":"206041508","name":"Southbank (West) - South Wharf","state":"Victoria"}},{"arcs":[[-2359,2362,-2361]],"type":"Polygon","properties":{"code":"206041509","name":"Southbank - East","state":"Victoria"}},{"arcs":[[-2355,-2352,-2353,-2317,-2344]],"type":"Polygon","properties":{"code":"206041510","name":"West Melbourne - Residential","state":"Victoria"}},{"arcs":[[-2357,-2342,2363,2364,2365,2366]],"type":"Polygon","properties":{"code":"206051128","name":"Albert Park","state":"Victoria"}},{"arcs":[[2367,2368,2369,2370,2371,2372]],"type":"Polygon","properties":{"code":"206051129","name":"Elwood","state":"Victoria"}},{"arcs":[[2373,-2366,2374,2375]],"type":"Polygon","properties":{"code":"206051130","name":"Port Melbourne","state":"Victoria"}},{"arcs":[[2376,2377,-2370,2378,2379]],"type":"Polygon","properties":{"code":"206051134","name":"St Kilda East","state":"Victoria"}},{"arcs":[[-2320,-2362,2380,-2376,2381,2382,-2345]],"type":"Polygon","properties":{"code":"206051511","name":"Port Melbourne Industrial","state":"Victoria"}},{"arcs":[[-2363,-2358,-2367,-2374,-2381]],"type":"Polygon","properties":{"code":"206051512","name":"South Melbourne","state":"Victoria"}},{"arcs":[[2383,-2379,-2369,2384]],"type":"Polygon","properties":{"code":"206051513","name":"St Kilda - Central","state":"Victoria"}},{"arcs":[[-2364,-2341,2385,-2385,-2368,2386]],"type":"Polygon","properties":{"code":"206051514","name":"St Kilda - West","state":"Victoria"}},{"arcs":[[2387,2388,2389,2390]],"type":"Polygon","properties":{"code":"206061135","name":"Armadale","state":"Victoria"}},{"arcs":[[-2391,-2380,-2384,-2386,-2340,2391,2392]],"type":"Polygon","properties":{"code":"206061136","name":"Prahran - Windsor","state":"Victoria"}},{"arcs":[[2393,2394,2395,2396,-2388,-2393,2397]],"type":"Polygon","properties":{"code":"206061138","name":"Toorak","state":"Victoria"}},{"arcs":[[-2356,2398,-2394,2399,-2338]],"type":"Polygon","properties":{"code":"206061515","name":"South Yarra - North","state":"Victoria"}},{"arcs":[[-2400,-2398,-2392,-2339]],"type":"Polygon","properties":{"code":"206061516","name":"South Yarra - South","state":"Victoria"}},{"arcs":[[2400,2401,2402,2403]],"type":"Polygon","properties":{"code":"206071139","name":"Abbotsford","state":"Victoria"}},{"arcs":[[-2272,-2253,2404,-2315,-2335]],"type":"Polygon","properties":{"code":"206071140","name":"Carlton North - Princes Hill","state":"Victoria"}},{"arcs":[[2405,-2404,-2323,2406]],"type":"Polygon","properties":{"code":"206071141","name":"Collingwood","state":"Victoria"}},{"arcs":[[2407,-2407,-2322,-2316]],"type":"Polygon","properties":{"code":"206071142","name":"Fitzroy","state":"Victoria"}},{"arcs":[[-2252,-2291,2408,-2408,-2405]],"type":"Polygon","properties":{"code":"206071143","name":"Fitzroy North","state":"Victoria"}},{"arcs":[[-2282,2409,2410,2411,-2401,-2406,-2409,-2289]],"type":"Polygon","properties":{"code":"206071145","name":"Clifton Hill - Alphington","state":"Victoria"}},{"arcs":[[2412,2413,2414,-2395,-2399,-2325]],"type":"Polygon","properties":{"code":"206071517","name":"Richmond (South) - Cremorne","state":"Victoria"}},{"arcs":[[-2403,2415,-2413,-2324]],"type":"Polygon","properties":{"code":"206071518","name":"Richmond - North","state":"Victoria"}},{"arcs":[[2416,2417,2418]],"type":"Polygon","properties":{"code":"207011146","name":"Ashburton (Vic.)","state":"Victoria"}},{"arcs":[[2419,2420,2421,2422,2423]],"type":"Polygon","properties":{"code":"207011147","name":"Balwyn","state":"Victoria"}},{"arcs":[[2424,2425,2426,2427,-2420,2428]],"type":"Polygon","properties":{"code":"207011148","name":"Balwyn North","state":"Victoria"}},{"arcs":[[2429,2430,2431,2432]],"type":"Polygon","properties":{"code":"207011149","name":"Camberwell","state":"Victoria"}},{"arcs":[[2433,-2432,2434,2435,-2419,2436,2437]],"type":"Polygon","properties":{"code":"207011150","name":"Glen Iris - East","state":"Victoria"}},{"arcs":[[2438,2439,2440,-2433,-2434,2441,2442]],"type":"Polygon","properties":{"code":"207011152","name":"Hawthorn East","state":"Victoria"}},{"arcs":[[-2411,2443,-2429,2444,2445]],"type":"Polygon","properties":{"code":"207011154","name":"Kew East","state":"Victoria"}},{"arcs":[[-2441,2446,-2423,2447,-2430]],"type":"Polygon","properties":{"code":"207011155","name":"Surrey Hills (West) - Canterbury","state":"Victoria"}},{"arcs":[[2448,2449,-2439,2450,-2414,-2416]],"type":"Polygon","properties":{"code":"207011519","name":"Hawthorn - North","state":"Victoria"}},{"arcs":[[-2443,2451,-2396,-2415,-2451]],"type":"Polygon","properties":{"code":"207011520","name":"Hawthorn - South","state":"Victoria"}},{"arcs":[[-2445,-2424,-2447,-2440,-2450,2452]],"type":"Polygon","properties":{"code":"207011521","name":"Kew - South","state":"Victoria"}},{"arcs":[[-2446,-2453,-2449,-2402,-2412]],"type":"Polygon","properties":{"code":"207011522","name":"Kew - West","state":"Victoria"}},{"arcs":[[2453,2454,2455,2456,-2426,2457]],"type":"Polygon","properties":{"code":"207021156","name":"Bulleen","state":"Victoria"}},{"arcs":[[2458,2459,2460,2461,2462,-2427,-2457]],"type":"Polygon","properties":{"code":"207021157","name":"Doncaster","state":"Victoria"}},{"arcs":[[2463,2464,2465,2466,-2460,2467]],"type":"Polygon","properties":{"code":"207021159","name":"Templestowe","state":"Victoria"}},{"arcs":[[2468,2469,-2468,-2459,-2456]],"type":"Polygon","properties":{"code":"207021160","name":"Templestowe Lower","state":"Victoria"}},{"arcs":[[2470,2471,2472,-2461,-2467]],"type":"Polygon","properties":{"code":"207021424","name":"Doncaster East - North","state":"Victoria"}},{"arcs":[[-2473,2473,2474,2475,-2462]],"type":"Polygon","properties":{"code":"207021425","name":"Doncaster East - South","state":"Victoria"}},{"arcs":[[-2475,2476,2477,2478,2479,2480,2481]],"type":"Polygon","properties":{"code":"207031161","name":"Blackburn","state":"Victoria"}},{"arcs":[[-2480,2482,2483,2484,2485]],"type":"Polygon","properties":{"code":"207031162","name":"Blackburn South","state":"Victoria"}},{"arcs":[[2486,-2481,-2486,2487,2488]],"type":"Polygon","properties":{"code":"207031163","name":"Box Hill","state":"Victoria"}},{"arcs":[[-2428,-2463,-2476,-2482,-2487,2489,-2421]],"type":"Polygon","properties":{"code":"207031164","name":"Box Hill North","state":"Victoria"}},{"arcs":[[2490,-2488,-2485,2491,2492,2493,-2435,-2431]],"type":"Polygon","properties":{"code":"207031165","name":"Burwood (Vic.)","state":"Victoria"}},{"arcs":[[-2484,2494,2495,2496,2497,-2492]],"type":"Polygon","properties":{"code":"207031166","name":"Burwood East","state":"Victoria"}},{"arcs":[[-2422,-2490,-2489,-2491,-2448]],"type":"Polygon","properties":{"code":"207031167","name":"Surrey Hills (East) - Mont Albert","state":"Victoria"}},{"arcs":[[2498,2499,2500,2501,2502]],"type":"Polygon","properties":{"code":"208011168","name":"Beaumaris","state":"Victoria"}},{"arcs":[[-2372,2503,2504,2505,2506]],"type":"Polygon","properties":{"code":"208011169","name":"Brighton (Vic.)","state":"Victoria"}},{"arcs":[[2507,2508,2509,2510,2511,-2505]],"type":"Polygon","properties":{"code":"208011170","name":"Brighton East","state":"Victoria"}},{"arcs":[[2512,2513,-2499,2514]],"type":"Polygon","properties":{"code":"208011171","name":"Highett (West) - Cheltenham","state":"Victoria"}},{"arcs":[[-2506,-2512,2515,-2513,2516,2517]],"type":"Polygon","properties":{"code":"208011172","name":"Hampton","state":"Victoria"}},{"arcs":[[-2517,-2515,-2503,2518]],"type":"Polygon","properties":{"code":"208011173","name":"Sandringham - Black Rock","state":"Victoria"}},{"arcs":[[2519,2520,-2511,2521,2522]],"type":"Polygon","properties":{"code":"208021174","name":"Bentleigh - McKinnon","state":"Victoria"}},{"arcs":[[2523,2524,2525,2526,2527]],"type":"Polygon","properties":{"code":"208021176","name":"Carnegie","state":"Victoria"}},{"arcs":[[-2390,2528,2529,-2524,2530,2531,2532,-2377]],"type":"Polygon","properties":{"code":"208021177","name":"Caulfield - North","state":"Victoria"}},{"arcs":[[-2532,2533,-2509,2534]],"type":"Polygon","properties":{"code":"208021178","name":"Caulfield - South","state":"Victoria"}},{"arcs":[[-2533,-2535,-2508,-2504,-2371,-2378]],"type":"Polygon","properties":{"code":"208021179","name":"Elsternwick","state":"Victoria"}},{"arcs":[[2535,2536,2537,2538]],"type":"Polygon","properties":{"code":"208021180","name":"Hughesdale","state":"Victoria"}},{"arcs":[[2539,-2526,2540,-2539]],"type":"Polygon","properties":{"code":"208021181","name":"Murrumbeena","state":"Victoria"}},{"arcs":[[-2531,-2528,2541,-2522,-2510,-2534]],"type":"Polygon","properties":{"code":"208021182","name":"Ormond - Glen Huntly","state":"Victoria"}},{"arcs":[[-2542,-2527,-2540,-2538,2542,2543,-2523]],"type":"Polygon","properties":{"code":"208021426","name":"Bentleigh East - North","state":"Victoria"}},{"arcs":[[2544,2545,-2520,-2544]],"type":"Polygon","properties":{"code":"208021427","name":"Bentleigh East - South","state":"Victoria"}},{"arcs":[[2546,2547,2548,2549]],"type":"Polygon","properties":{"code":"208031183","name":"Aspendale Gardens - Waterways","state":"Victoria"}},{"arcs":[[2550,2551,-2547,2552,2553]],"type":"Polygon","properties":{"code":"208031184","name":"Braeside","state":"Victoria"}},{"arcs":[[2554,2555,2556,2557,2558,2559,2560]],"type":"Polygon","properties":{"code":"208031185","name":"Carrum - Patterson Lakes","state":"Victoria"}},{"arcs":[[2561,2562,-2555,2563]],"type":"Polygon","properties":{"code":"208031186","name":"Chelsea - Bonbeach","state":"Victoria"}},{"arcs":[[2564,-2556,-2563,2565,-2549]],"type":"Polygon","properties":{"code":"208031187","name":"Chelsea Heights","state":"Victoria"}},{"arcs":[[2566,2567,2568,-2500,-2514]],"type":"Polygon","properties":{"code":"208031188","name":"Highett (East) - Cheltenham","state":"Victoria"}},{"arcs":[[2569,-2550,-2566,-2562,2570]],"type":"Polygon","properties":{"code":"208031189","name":"Edithvale - Aspendale","state":"Victoria"}},{"arcs":[[-2569,2571,2572,2573,-2501]],"type":"Polygon","properties":{"code":"208031190","name":"Mentone","state":"Victoria"}},{"arcs":[[-2521,-2546,2574,2575,2576,-2567,-2516]],"type":"Polygon","properties":{"code":"208031191","name":"Moorabbin - Heatherton","state":"Victoria"}},{"arcs":[[-2568,-2577,-2554,2577,-2572]],"type":"Polygon","properties":{"code":"208031192","name":"Moorabbin Airport","state":"Victoria"}},{"arcs":[[-2578,-2553,-2570,2578,-2573]],"type":"Polygon","properties":{"code":"208031193","name":"Mordialloc - Parkdale","state":"Victoria"}},{"arcs":[[-2397,-2452,-2442,-2438,2579,-2529,-2389]],"type":"Polygon","properties":{"code":"208041194","name":"Malvern - Glen Iris","state":"Victoria"}},{"arcs":[[-2437,-2418,2580,2581,-2536,-2541,-2525,-2530,-2580]],"type":"Polygon","properties":{"code":"208041195","name":"Malvern East","state":"Victoria"}},{"arcs":[[2582,2583,2584,2585,2586]],"type":"Polygon","properties":{"code":"209011196","name":"Bundoora - East","state":"Victoria"}},{"arcs":[[2587,2588,2589,2590,2591,2592]],"type":"Polygon","properties":{"code":"209011197","name":"Greensborough","state":"Victoria"}},{"arcs":[[2593,-2454,2594,2595]],"type":"Polygon","properties":{"code":"209011198","name":"Heidelberg - Rosanna","state":"Victoria"}},{"arcs":[[2596,2597,2598,-2596,2599,2600]],"type":"Polygon","properties":{"code":"209011199","name":"Heidelberg West","state":"Victoria"}},{"arcs":[[-2600,2601,-2444,-2410,-2281,-2286]],"type":"Polygon","properties":{"code":"209011200","name":"Ivanhoe","state":"Victoria"}},{"arcs":[[-2595,-2458,-2425,-2602]],"type":"Polygon","properties":{"code":"209011201","name":"Ivanhoe East - Eaglemont","state":"Victoria"}},{"arcs":[[2602,-2464,-2470,2603,-2591]],"type":"Polygon","properties":{"code":"209011202","name":"Montmorency - Briar Hill","state":"Victoria"}},{"arcs":[[2604,-2592,-2604,-2469,-2455,-2594,-2599,2605]],"type":"Polygon","properties":{"code":"209011203","name":"Viewbank - Yallambie","state":"Victoria"}},{"arcs":[[2606,-2593,-2605,2607,-2585]],"type":"Polygon","properties":{"code":"209011204","name":"Watsonia","state":"Victoria"}},{"arcs":[[2608,-2586,-2608,-2606,-2598,2609,2610]],"type":"Polygon","properties":{"code":"209021205","name":"Kingsbury","state":"Victoria"}},{"arcs":[[2611,2612,-2601,-2285,2613]],"type":"Polygon","properties":{"code":"209021428","name":"Preston - East","state":"Victoria"}},{"arcs":[[2614,-2614,-2284,-2275,2615]],"type":"Polygon","properties":{"code":"209021429","name":"Preston - West","state":"Victoria"}},{"arcs":[[2616,2617,-2611,2618,2619,2620]],"type":"Polygon","properties":{"code":"209021523","name":"Reservoir - North East","state":"Victoria"}},{"arcs":[[2621,-2621,2622,2623]],"type":"Polygon","properties":{"code":"209021524","name":"Reservoir - North West","state":"Victoria"}},{"arcs":[[-2619,-2610,-2597,-2613,2624]],"type":"Polygon","properties":{"code":"209021525","name":"Reservoir - South East","state":"Victoria"}},{"arcs":[[-2623,-2620,-2625,-2612,-2615,2625,2626]],"type":"Polygon","properties":{"code":"209021526","name":"Reservoir - South West","state":"Victoria"}},{"arcs":[[2627,2628,2629,-2465,-2603,-2590]],"type":"Polygon","properties":{"code":"209031209","name":"Eltham","state":"Victoria"}},{"arcs":[[2630,2631,2632,2633]],"type":"Polygon","properties":{"code":"209031210","name":"Hurstbridge","state":"Victoria"}},{"arcs":[[2634,2635,2636,-2129,-2101,2637]],"type":"Polygon","properties":{"code":"209031211","name":"Kinglake","state":"Victoria"}},{"arcs":[[-2635,2638,2639,2640,2641,2642,-2632,2643,2644,2645,2646]],"type":"Polygon","properties":{"code":"209031212","name":"Panton Hill - St Andrews","state":"Victoria"}},{"arcs":[[2647,2648,2649,2650,2651,-2644,-2631,2652,-2588,-2607,-2584,2653]],"type":"Polygon","properties":{"code":"209031213","name":"Plenty - Yarrambat","state":"Victoria"}},{"arcs":[[2654,-2633,-2643,2655,-2629]],"type":"Polygon","properties":{"code":"209031214","name":"Research - North Warrandyte","state":"Victoria"}},{"arcs":[[-2634,-2655,-2628,-2589,-2653]],"type":"Polygon","properties":{"code":"209031215","name":"Wattle Glen - Diamond Creek","state":"Victoria"}},{"arcs":[[-2654,-2583,2656,2657,2658]],"type":"Polygon","properties":{"code":"209041216","name":"Bundoora - North","state":"Victoria"}},{"arcs":[[-2657,-2587,-2609,-2618,2659]],"type":"Polygon","properties":{"code":"209041217","name":"Bundoora - West","state":"Victoria"}},{"arcs":[[2660,-2649,2661,2662]],"type":"Polygon","properties":{"code":"209041220","name":"Mill Park - North","state":"Victoria"}},{"arcs":[[-2648,-2659,2663,-2662]],"type":"Polygon","properties":{"code":"209041221","name":"Mill Park - South","state":"Victoria"}},{"arcs":[[2664,-2658,-2660,-2617,-2622,2665,2666]],"type":"Polygon","properties":{"code":"209041223","name":"Thomastown","state":"Victoria"}},{"arcs":[[-2112,-2130,-2637,2667,2668,2669]],"type":"Polygon","properties":{"code":"209041224","name":"Wallan","state":"Victoria"}},{"arcs":[[-2636,-2647,2670,2671,2672,2673,2674,-2668]],"type":"Polygon","properties":{"code":"209041225","name":"Whittlesea","state":"Victoria"}},{"arcs":[[2675,2676,2677,2678,2679]],"type":"Polygon","properties":{"code":"209041431","name":"Epping - East","state":"Victoria"}},{"arcs":[[-2679,2680,-2663,2681,2682,2683,2684,2685,2686]],"type":"Polygon","properties":{"code":"209041432","name":"Epping - South","state":"Victoria"}},{"arcs":[[2687,-2680,-2687]],"type":"Polygon","properties":{"code":"209041433","name":"Epping (Vic.) - West","state":"Victoria"}},{"arcs":[[2688,2689,2690,-2651,2691,-2677]],"type":"Polygon","properties":{"code":"209041435","name":"South Morang - North","state":"Victoria"}},{"arcs":[[-2692,-2650,-2661,-2681,-2678]],"type":"Polygon","properties":{"code":"209041436","name":"South Morang - South","state":"Victoria"}},{"arcs":[[-2686,2692,2693,2694,-2673,2695,2696,-2689,-2676,-2688]],"type":"Polygon","properties":{"code":"209041437","name":"Wollert","state":"Victoria"}},{"arcs":[[-2646,2697,2698,-2671]],"type":"Polygon","properties":{"code":"209041527","name":"Doreen - North","state":"Victoria"}},{"arcs":[[-2698,-2645,-2652,-2691,2699]],"type":"Polygon","properties":{"code":"209041528","name":"Doreen - South","state":"Victoria"}},{"arcs":[[-2682,-2664,-2665,2700]],"type":"Polygon","properties":{"code":"209041529","name":"Lalor - East","state":"Victoria"}},{"arcs":[[2701,-2683,-2701,-2667]],"type":"Polygon","properties":{"code":"209041530","name":"Lalor - West","state":"Victoria"}},{"arcs":[[-2696,-2672,-2699,2702]],"type":"Polygon","properties":{"code":"209041531","name":"Mernda - North","state":"Victoria"}},{"arcs":[[-2697,-2703,-2700,-2690]],"type":"Polygon","properties":{"code":"209041532","name":"Mernda - South","state":"Victoria"}},{"arcs":[[2703,2704,2705,2706,2707]],"type":"Polygon","properties":{"code":"210011226","name":"Airport West","state":"Victoria"}},{"arcs":[[2708,-2304,2709,-2705]],"type":"Polygon","properties":{"code":"210011227","name":"Essendon Airport","state":"Victoria"}},{"arcs":[[2710,2711,2712,-2708,2713,2714,2715,2716]],"type":"Polygon","properties":{"code":"210011228","name":"Keilor","state":"Victoria"}},{"arcs":[[-2706,-2710,-2308,2717,2718,2719]],"type":"Polygon","properties":{"code":"210011230","name":"Niddrie - Essendon West","state":"Victoria"}},{"arcs":[[-2704,2720,2721,2722,-2268,-2309,-2305,-2709]],"type":"Polygon","properties":{"code":"210011231","name":"Strathmore","state":"Victoria"}},{"arcs":[[2723,-2719,2724,2725,2726]],"type":"Polygon","properties":{"code":"210011533","name":"Avondale Heights","state":"Victoria"}},{"arcs":[[-2707,-2720,-2724,2727,-2714]],"type":"Polygon","properties":{"code":"210011534","name":"Keilor East","state":"Victoria"}},{"arcs":[[2728,2729,2730,2731,2732,-1940,-2016,2733]],"type":"Polygon","properties":{"code":"210021232","name":"Gisborne","state":"Victoria"}},{"arcs":[[2734,2735,-2734,-2015]],"type":"Polygon","properties":{"code":"210021233","name":"Macedon","state":"Victoria"}},{"arcs":[[-2736,2736,2737,2738,-2729]],"type":"Polygon","properties":{"code":"210021234","name":"Riddells Creek","state":"Victoria"}},{"arcs":[[-2012,-2126,-2113,-2670,2739,2740,-2737,-2735,-2014]],"type":"Polygon","properties":{"code":"210021235","name":"Romsey","state":"Victoria"}},{"arcs":[[2741,2742,-2626,-2616,-2274,-2279,2743]],"type":"Polygon","properties":{"code":"210031236","name":"Coburg North","state":"Victoria"}},{"arcs":[[2744,2745,-2624,-2627,-2743,2746,2747]],"type":"Polygon","properties":{"code":"210031237","name":"Fawkner","state":"Victoria"}},{"arcs":[[2748,2749,-2721,-2713,2750]],"type":"Polygon","properties":{"code":"210031439","name":"Gowanbrae","state":"Victoria"}},{"arcs":[[-2747,-2742,2751,2752]],"type":"Polygon","properties":{"code":"210031440","name":"Hadfield","state":"Victoria"}},{"arcs":[[2753,-2748,-2753,2754,2755,2756]],"type":"Polygon","properties":{"code":"210031535","name":"Glenroy - East","state":"Victoria"}},{"arcs":[[2757,-2757,2758,-2722,-2750]],"type":"Polygon","properties":{"code":"210031536","name":"Glenroy - West","state":"Victoria"}},{"arcs":[[-2759,-2756,2759,-2264,-2723]],"type":"Polygon","properties":{"code":"210031537","name":"Oak Park","state":"Victoria"}},{"arcs":[[-2755,-2752,-2744,-2278,-2265,-2760]],"type":"Polygon","properties":{"code":"210031538","name":"Pascoe Vale","state":"Victoria"}},{"arcs":[[2760,2761,-2738,-2741,2762,2763]],"type":"Polygon","properties":{"code":"210041240","name":"Sunbury","state":"Victoria"}},{"arcs":[[-2731,2764,2765,2766,2767,2768]],"type":"Polygon","properties":{"code":"210041539","name":"Diggers Rest","state":"Victoria"}},{"arcs":[[-2761,2769,2770,-2766,2771]],"type":"Polygon","properties":{"code":"210041540","name":"Sunbury - South","state":"Victoria"}},{"arcs":[[-2765,-2730,-2739,-2762,-2772]],"type":"Polygon","properties":{"code":"210041541","name":"Sunbury - West","state":"Victoria"}},{"arcs":[[2772,-2745,-2754,-2758,2773]],"type":"Polygon","properties":{"code":"210051242","name":"Broadmeadows","state":"Victoria"}},{"arcs":[[2774,2775,2776,-2702,-2666,-2746,-2773]],"type":"Polygon","properties":{"code":"210051243","name":"Campbellfield - Coolaroo","state":"Victoria"}},{"arcs":[[2777,2778,2779,-2775,-2774,-2749,2780]],"type":"Polygon","properties":{"code":"210051245","name":"Gladstone Park - Westmeadows","state":"Victoria"}},{"arcs":[[-2764,2781,2782,2783,2784,2785,-2779,2786,2787,-2770]],"type":"Polygon","properties":{"code":"210051246","name":"Greenvale - Bulla","state":"Victoria"}},{"arcs":[[2788,-2776,-2780,-2786]],"type":"Polygon","properties":{"code":"210051247","name":"Meadow Heights","state":"Victoria"}},{"arcs":[[-2778,2789,-2711,2790,-2787]],"type":"Polygon","properties":{"code":"210051248","name":"Melbourne Airport","state":"Victoria"}},{"arcs":[[-2781,-2751,-2712,-2790]],"type":"Polygon","properties":{"code":"210051250","name":"Tullamarine","state":"Victoria"}},{"arcs":[[-2694,2791,2792,2793]],"type":"Polygon","properties":{"code":"210051441","name":"Craigieburn - Central","state":"Victoria"}},{"arcs":[[-2674,-2695,-2794,2794,2795,2796]],"type":"Polygon","properties":{"code":"210051442","name":"Craigieburn - North","state":"Victoria"}},{"arcs":[[2797,2798,-2792,-2693,-2685,2799,2800,-2783]],"type":"Polygon","properties":{"code":"210051443","name":"Craigieburn - South","state":"Victoria"}},{"arcs":[[-2797,2801,2802,-2798,-2782,-2763,-2740,-2669,-2675]],"type":"Polygon","properties":{"code":"210051445","name":"Mickleham - Yuroke","state":"Victoria"}},{"arcs":[[-2796,2803,-2802]],"type":"Polygon","properties":{"code":"210051542","name":"Craigieburn - North West","state":"Victoria"}},{"arcs":[[-2804,-2795,-2793,-2799,-2803]],"type":"Polygon","properties":{"code":"210051543","name":"Craigieburn - West","state":"Victoria"}},{"arcs":[[-2800,-2684,-2777,-2789,-2785,2804]],"type":"Polygon","properties":{"code":"210051544","name":"Roxburgh Park (South) - Somerton","state":"Victoria"}},{"arcs":[[-2801,-2805,-2784]],"type":"Polygon","properties":{"code":"210051545","name":"Roxburgh Park - North","state":"Victoria"}},{"arcs":[[2805,2806,2807,2808,2809]],"type":"Polygon","properties":{"code":"211011251","name":"Bayswater","state":"Victoria"}},{"arcs":[[2810,2811,2812,2813,2814,2815,2816,2817,2818]],"type":"Polygon","properties":{"code":"211011254","name":"Knoxfield - Scoresby","state":"Victoria"}},{"arcs":[[2819,2820,2821,2822,2823,2824,2825,2826]],"type":"Polygon","properties":{"code":"211011255","name":"Lysterfield","state":"Victoria"}},{"arcs":[[2827,-2827,2828,-2815]],"type":"Polygon","properties":{"code":"211011256","name":"Rowville - Central","state":"Victoria"}},{"arcs":[[2829,-2820,-2828,-2814]],"type":"Polygon","properties":{"code":"211011257","name":"Rowville - North","state":"Victoria"}},{"arcs":[[-2816,-2829,-2826,2830,2831,2832]],"type":"Polygon","properties":{"code":"211011258","name":"Rowville - South","state":"Victoria"}},{"arcs":[[2833,2834,-2810,2835,2836,2837]],"type":"Polygon","properties":{"code":"211011259","name":"Wantirna","state":"Victoria"}},{"arcs":[[-2809,2838,-2819,2839,2840,-2836]],"type":"Polygon","properties":{"code":"211011260","name":"Wantirna South","state":"Victoria"}},{"arcs":[[2841,2842,2843,2844,2845,-2811,-2839,-2808]],"type":"Polygon","properties":{"code":"211011446","name":"Boronia","state":"Victoria"}},{"arcs":[[-2846,2846,2847,-2812]],"type":"Polygon","properties":{"code":"211011447","name":"Ferntree Gully - North","state":"Victoria"}},{"arcs":[[-2848,2848,2849,-2821,-2830,-2813]],"type":"Polygon","properties":{"code":"211011448","name":"Ferntree Gully (South) - Upper Ferntree Gully","state":"Victoria"}},{"arcs":[[2850,2851,-2844]],"type":"Polygon","properties":{"code":"211011449","name":"The Basin","state":"Victoria"}},{"arcs":[[2852,2853,2854,2855,2856,2857,-2477,-2474,-2472]],"type":"Polygon","properties":{"code":"211021261","name":"Donvale - Park Orchards","state":"Victoria"}},{"arcs":[[-2642,2858,2859,-2853,-2471,-2466,-2630,-2656]],"type":"Polygon","properties":{"code":"211021262","name":"Warrandyte - Wonga Park","state":"Victoria"}},{"arcs":[[2860,2861,-2842,-2807,2862]],"type":"Polygon","properties":{"code":"211031263","name":"Bayswater North","state":"Victoria"}},{"arcs":[[2863,2864,2865,2866,-2854,-2860]],"type":"Polygon","properties":{"code":"211031265","name":"Croydon Hills - Warranwood","state":"Victoria"}},{"arcs":[[-2866,2867,2868,-2834,2869,2870,-2856,2871]],"type":"Polygon","properties":{"code":"211031266","name":"Ringwood","state":"Victoria"}},{"arcs":[[2872,2873,2874,-2863,-2806,-2835,-2869]],"type":"Polygon","properties":{"code":"211031267","name":"Ringwood East","state":"Victoria"}},{"arcs":[[-2867,-2872,-2855]],"type":"Polygon","properties":{"code":"211031268","name":"Ringwood North","state":"Victoria"}},{"arcs":[[2875,2876,2877,-2874,2878]],"type":"Polygon","properties":{"code":"211031450","name":"Croydon - East","state":"Victoria"}},{"arcs":[[2879,2880,-2879,-2873,-2868,-2865]],"type":"Polygon","properties":{"code":"211031451","name":"Croydon - West","state":"Victoria"}},{"arcs":[[-2878,2881,-2861,-2875]],"type":"Polygon","properties":{"code":"211031452","name":"Croydon South","state":"Victoria"}},{"arcs":[[-2479,2882,2883,2884,-2495,-2483]],"type":"Polygon","properties":{"code":"211041269","name":"Forest Hill","state":"Victoria"}},{"arcs":[[-2857,-2871,2885,2886]],"type":"Polygon","properties":{"code":"211041270","name":"Mitcham (Vic.)","state":"Victoria"}},{"arcs":[[-2858,-2887,2887,-2883,-2478]],"type":"Polygon","properties":{"code":"211041271","name":"Nunawading","state":"Victoria"}},{"arcs":[[-2888,-2886,-2870,-2838,2888,-2884]],"type":"Polygon","properties":{"code":"211041272","name":"Vermont","state":"Victoria"}},{"arcs":[[-2885,-2889,-2837,-2841,2889,-2496]],"type":"Polygon","properties":{"code":"211041273","name":"Vermont South","state":"Victoria"}},{"arcs":[[2890,2891,2892,-2823,2893]],"type":"Polygon","properties":{"code":"211051274","name":"Belgrave - Selby","state":"Victoria"}},{"arcs":[[-2641,2894,2895,-2880,-2864,-2859]],"type":"Polygon","properties":{"code":"211051275","name":"Chirnside Park","state":"Victoria"}},{"arcs":[[-2639,-2638,-2100,2896,2897,2898]],"type":"Polygon","properties":{"code":"211051276","name":"Healesville - Yarra Glen","state":"Victoria"}},{"arcs":[[2899,2900,2901,-2851,-2843,-2862,-2882,-2877]],"type":"Polygon","properties":{"code":"211051277","name":"Kilsyth","state":"Victoria"}},{"arcs":[[-2640,-2899,2902,2903,2904,2905,-2895]],"type":"Polygon","properties":{"code":"211051278","name":"Lilydale - Coldstream","state":"Victoria"}},{"arcs":[[2906,2907,2908,2909,2910]],"type":"Polygon","properties":{"code":"211051279","name":"Monbulk - Silvan","state":"Victoria"}},{"arcs":[[2911,-2905,2912,2913,-2901]],"type":"Polygon","properties":{"code":"211051280","name":"Montrose","state":"Victoria"}},{"arcs":[[-2896,-2906,-2912,-2900,-2876,-2881]],"type":"Polygon","properties":{"code":"211051281","name":"Mooroolbark","state":"Victoria"}},{"arcs":[[2914,-2911,2915,-2891,2916,-2849,-2847,-2845,-2852,-2902,-2914]],"type":"Polygon","properties":{"code":"211051282","name":"Mount Dandenong - Olinda","state":"Victoria"}},{"arcs":[[2917,-2907,-2915,-2913,-2904]],"type":"Polygon","properties":{"code":"211051283","name":"Mount Evelyn","state":"Victoria"}},{"arcs":[[-2917,-2894,-2822,-2850]],"type":"Polygon","properties":{"code":"211051284","name":"Upwey - Tecoma","state":"Victoria"}},{"arcs":[[-2898,2918,-2908,-2918,-2903]],"type":"Polygon","properties":{"code":"211051285","name":"Wandin - Seville","state":"Victoria"}},{"arcs":[[-2099,-2128,-2172,2919,-2909,-2919,-2897]],"type":"Polygon","properties":{"code":"211051286","name":"Yarra Valley","state":"Victoria"}},{"arcs":[[-2916,-2910,-2920,-2171,-2165,2920,2921,2922,2923,2924,-2892]],"type":"Polygon","properties":{"code":"212011289","name":"Emerald - Cockatoo","state":"Victoria"}},{"arcs":[[2925,2926,2927,2928,2929,2930,-2924]],"type":"Polygon","properties":{"code":"212011546","name":"Beaconsfield - Officer","state":"Victoria"}},{"arcs":[[2931,-2921,-2170,2932,2933]],"type":"Polygon","properties":{"code":"212011547","name":"Bunyip - Garfield","state":"Victoria"}},{"arcs":[[2934,-2928,2935,2936,-2933,-2169,-2213,-2220,2937,2938,2939,2940,2941]],"type":"Polygon","properties":{"code":"212011548","name":"Koo Wee Rup","state":"Victoria"}},{"arcs":[[2942,2943,2944,-2922,-2932]],"type":"Polygon","properties":{"code":"212011549","name":"Pakenham - North East","state":"Victoria"}},{"arcs":[[-2923,-2945,2945,-2926]],"type":"Polygon","properties":{"code":"212011550","name":"Pakenham - North West","state":"Victoria"}},{"arcs":[[-2934,-2937,2946,-2943]],"type":"Polygon","properties":{"code":"212011551","name":"Pakenham - South East","state":"Victoria"}},{"arcs":[[-2946,-2944,-2947,-2936,-2927]],"type":"Polygon","properties":{"code":"212011552","name":"Pakenham - South West","state":"Victoria"}},{"arcs":[[2947,-2930,2948,2949,2950,2951]],"type":"Polygon","properties":{"code":"212021293","name":"Berwick - North","state":"Victoria"}},{"arcs":[[2952,2953,2954,2955,2956,2957]],"type":"Polygon","properties":{"code":"212021295","name":"Doveton","state":"Victoria"}},{"arcs":[[-2956,2958,2959,2960,2961,2962,2963,2964]],"type":"Polygon","properties":{"code":"212021297","name":"Hallam","state":"Victoria"}},{"arcs":[[2965,-2824,-2893,-2925,-2931,-2948,2966,-2960,2967]],"type":"Polygon","properties":{"code":"212021299","name":"Narre Warren North","state":"Victoria"}},{"arcs":[[-2825,-2966,2968,-2954,2969,-2831]],"type":"Polygon","properties":{"code":"212021453","name":"Endeavour Hills - North","state":"Victoria"}},{"arcs":[[-2969,-2968,-2959,-2955]],"type":"Polygon","properties":{"code":"212021454","name":"Endeavour Hills - South","state":"Victoria"}},{"arcs":[[-2961,-2967,-2952,2970]],"type":"Polygon","properties":{"code":"212021455","name":"Narre Warren - North East","state":"Victoria"}},{"arcs":[[-2971,-2951,2971,2972,2973,2974,-2962]],"type":"Polygon","properties":{"code":"212021456","name":"Narre Warren - South West","state":"Victoria"}},{"arcs":[[-2949,-2929,-2935,2975,2976]],"type":"Polygon","properties":{"code":"212021553","name":"Berwick - South East","state":"Victoria"}},{"arcs":[[-2972,-2950,-2977,2977,2978]],"type":"Polygon","properties":{"code":"212021554","name":"Berwick - South West","state":"Victoria"}},{"arcs":[[2979,2980,2981,2982,2983]],"type":"Polygon","properties":{"code":"212031300","name":"Cranbourne","state":"Victoria"}},{"arcs":[[2984,2985,-2940,2986,2987,2988,-2983,2989]],"type":"Polygon","properties":{"code":"212031303","name":"Cranbourne South","state":"Victoria"}},{"arcs":[[2990,-2984,-2989,2991,2992]],"type":"Polygon","properties":{"code":"212031304","name":"Cranbourne West","state":"Victoria"}},{"arcs":[[2993,2994,2995,-2991,2996]],"type":"Polygon","properties":{"code":"212031306","name":"Lynbrook - Lyndhurst","state":"Victoria"}},{"arcs":[[2997,-2987,-2939,2998,2999]],"type":"Polygon","properties":{"code":"212031308","name":"Pearcedale - Tooradin","state":"Victoria"}},{"arcs":[[-2973,-2979,3000,3001]],"type":"Polygon","properties":{"code":"212031457","name":"Narre Warren South - East","state":"Victoria"}},{"arcs":[[-2974,-3002,3002,3003,3004]],"type":"Polygon","properties":{"code":"212031458","name":"Narre Warren South - West","state":"Victoria"}},{"arcs":[[-2976,-2942,3005,3006,3007]],"type":"Polygon","properties":{"code":"212031555","name":"Clyde North - North","state":"Victoria"}},{"arcs":[[-2941,-2986,3008,-3006]],"type":"Polygon","properties":{"code":"212031556","name":"Clyde North - South","state":"Victoria"}},{"arcs":[[3009,-3007,-3009,-2985,3010,-2981]],"type":"Polygon","properties":{"code":"212031557","name":"Cranbourne East - North","state":"Victoria"}},{"arcs":[[-3011,-2990,-2982]],"type":"Polygon","properties":{"code":"212031558","name":"Cranbourne East - South","state":"Victoria"}},{"arcs":[[-2978,-3008,-3010,3011,-3003,-3001]],"type":"Polygon","properties":{"code":"212031559","name":"Cranbourne North - East","state":"Victoria"}},{"arcs":[[3012,-3004,-3012,-2980,-2996]],"type":"Polygon","properties":{"code":"212031560","name":"Cranbourne North - West","state":"Victoria"}},{"arcs":[[-2963,-2975,-3005,-3013,-2995,3013]],"type":"Polygon","properties":{"code":"212031561","name":"Hampton Park - East","state":"Victoria"}},{"arcs":[[-2964,-3014,-2994,3014]],"type":"Polygon","properties":{"code":"212031562","name":"Hampton Park - West","state":"Victoria"}},{"arcs":[[3015,3016,3017,3018,-2575,-2545]],"type":"Polygon","properties":{"code":"212041309","name":"Clarinda - Oakleigh South","state":"Victoria"}},{"arcs":[[3019,3020,3021,3022,-3018]],"type":"Polygon","properties":{"code":"212041310","name":"Clayton South","state":"Victoria"}},{"arcs":[[3023,-2832,-2970,-2953,3024,3025]],"type":"Polygon","properties":{"code":"212041312","name":"Dandenong North","state":"Victoria"}},{"arcs":[[-2576,-3019,-3023,3026,3027,-2551]],"type":"Polygon","properties":{"code":"212041313","name":"Dingley Village","state":"Victoria"}},{"arcs":[[3028,-3026,3029,3030]],"type":"Polygon","properties":{"code":"212041316","name":"Noble Park North","state":"Victoria"}},{"arcs":[[3031,3032,3033,-3031,3034,3035,3036,-3021]],"type":"Polygon","properties":{"code":"212041317","name":"Springvale","state":"Victoria"}},{"arcs":[[-3022,-3037,3037,3038,-3027]],"type":"Polygon","properties":{"code":"212041318","name":"Springvale South","state":"Victoria"}},{"arcs":[[-3030,3039,3040,3041,3042,-3035]],"type":"Polygon","properties":{"code":"212041459","name":"Noble Park - East","state":"Victoria"}},{"arcs":[[-3036,-3043,3043,-3038]],"type":"Polygon","properties":{"code":"212041460","name":"Noble Park - West","state":"Victoria"}},{"arcs":[[-3025,-2958,3044,-3040]],"type":"Polygon","properties":{"code":"212041563","name":"Dandenong - North","state":"Victoria"}},{"arcs":[[-3041,-3045,-2957,-2965,-3015,-2997,3045,3046,-2558,3047,3048]],"type":"Polygon","properties":{"code":"212041564","name":"Dandenong - South","state":"Victoria"}},{"arcs":[[-3039,-3044,-3042,-3049,3049,-3028]],"type":"Polygon","properties":{"code":"212041565","name":"Keysborough - North","state":"Victoria"}},{"arcs":[[-3050,-3048,-2557,-2565,-2548,-2552]],"type":"Polygon","properties":{"code":"212041566","name":"Keysborough - South","state":"Victoria"}},{"arcs":[[-2436,-2494,3050,3051,3052,-2581,-2417]],"type":"Polygon","properties":{"code":"212051319","name":"Ashwood - Chadstone","state":"Victoria"}},{"arcs":[[-2890,-2840,-2818,3053,3054]],"type":"Polygon","properties":{"code":"212051321","name":"Glen Waverley - East","state":"Victoria"}},{"arcs":[[3055,-2497,-3055,3056,3057,3058]],"type":"Polygon","properties":{"code":"212051322","name":"Glen Waverley - West","state":"Victoria"}},{"arcs":[[-2493,-2498,-3056,3059,-3051]],"type":"Polygon","properties":{"code":"212051323","name":"Mount Waverley - North","state":"Victoria"}},{"arcs":[[-3060,-3059,3060,3061,-3052]],"type":"Polygon","properties":{"code":"212051324","name":"Mount Waverley - South","state":"Victoria"}},{"arcs":[[3062,-3057,3063,-2833,-3024,-3029,-3034]],"type":"Polygon","properties":{"code":"212051325","name":"Mulgrave","state":"Victoria"}},{"arcs":[[3064,3065,-3016,-2543,-2537,-2582,-3053,-3062]],"type":"Polygon","properties":{"code":"212051326","name":"Oakleigh - Huntingdale","state":"Victoria"}},{"arcs":[[-3054,-2817,-3064]],"type":"Polygon","properties":{"code":"212051327","name":"Wheelers Hill","state":"Victoria"}},{"arcs":[[-3061,-3058,-3063,-3033,3066,-3065]],"type":"Polygon","properties":{"code":"212051567","name":"Clayton (North) - Notting Hill","state":"Victoria"}},{"arcs":[[-3067,-3032,-3020,-3017,-3066]],"type":"Polygon","properties":{"code":"212051568","name":"Clayton - Central","state":"Victoria"}},{"arcs":[[3067,3068,3069,3070,3071,3072]],"type":"Polygon","properties":{"code":"213011328","name":"Ardeer - Albion","state":"Victoria"}},{"arcs":[[3073,3074,-3068,3075]],"type":"Polygon","properties":{"code":"213011329","name":"Cairnlea","state":"Victoria"}},{"arcs":[[3076,3077,3078,3079,3080]],"type":"Polygon","properties":{"code":"213011331","name":"Delahey","state":"Victoria"}},{"arcs":[[3081,-2716,3082,3083,3084,-3078]],"type":"Polygon","properties":{"code":"213011332","name":"Keilor Downs","state":"Victoria"}},{"arcs":[[-3080,3085,3086,-3074,3087,3088,3089]],"type":"Polygon","properties":{"code":"213011333","name":"Kings Park (Vic.)","state":"Victoria"}},{"arcs":[[-3079,-3085,3090,-3086]],"type":"Polygon","properties":{"code":"213011334","name":"St Albans - North","state":"Victoria"}},{"arcs":[[-3084,3091,-3069,-3075,-3087,-3091]],"type":"Polygon","properties":{"code":"213011335","name":"St Albans - South","state":"Victoria"}},{"arcs":[[3092,3093,3094,3095,-3071]],"type":"Polygon","properties":{"code":"213011336","name":"Sunshine","state":"Victoria"}},{"arcs":[[-3083,-2715,-2728,-2727,3096,-3093,-3070,-3092]],"type":"Polygon","properties":{"code":"213011337","name":"Sunshine North","state":"Victoria"}},{"arcs":[[3097,-3072,-3096,3098,3099,3100,3101]],"type":"Polygon","properties":{"code":"213011338","name":"Sunshine West","state":"Victoria"}},{"arcs":[[3102,-3077,3103,3104]],"type":"Polygon","properties":{"code":"213011339","name":"Sydenham","state":"Victoria"}},{"arcs":[[3105,3106,-2767,-2771,-2788,-2791,-2717,-3082,-3103]],"type":"Polygon","properties":{"code":"213011340","name":"Taylors Lakes","state":"Victoria"}},{"arcs":[[3107,-3088,-3076,-3073,-3098,3108,3109]],"type":"Polygon","properties":{"code":"213011569","name":"Deer Park","state":"Victoria"}},{"arcs":[[-3109,-3102,3110,3111,3112]],"type":"Polygon","properties":{"code":"213011570","name":"Derrimut","state":"Victoria"}},{"arcs":[[3113,3114,3115,3116,3117]],"type":"Polygon","properties":{"code":"213021341","name":"Altona","state":"Victoria"}},{"arcs":[[3118,3119,-3118,3120,3121,3122]],"type":"Polygon","properties":{"code":"213021342","name":"Altona Meadows","state":"Victoria"}},{"arcs":[[-3100,3123,3124,3125,3126,-3115,3127]],"type":"Polygon","properties":{"code":"213021343","name":"Altona North","state":"Victoria"}},{"arcs":[[3128,-2383,3129,3130,-3126]],"type":"Polygon","properties":{"code":"213021344","name":"Newport","state":"Victoria"}},{"arcs":[[-3123,3131,3132]],"type":"Polygon","properties":{"code":"213021345","name":"Seabrook","state":"Victoria"}},{"arcs":[[3133,-3116,-3127,-3131]],"type":"Polygon","properties":{"code":"213021346","name":"Williamstown","state":"Victoria"}},{"arcs":[[-3097,-2726,3134,3135,3136,-3094]],"type":"Polygon","properties":{"code":"213031347","name":"Braybrook","state":"Victoria"}},{"arcs":[[3137,-2295,-2331,-2334,-2347,3138,3139,3140,-3136]],"type":"Polygon","properties":{"code":"213031348","name":"Footscray","state":"Victoria"}},{"arcs":[[-2718,-2307,-2302,-2296,-3138,-3135,-2725]],"type":"Polygon","properties":{"code":"213031349","name":"Maribyrnong","state":"Victoria"}},{"arcs":[[-3140,3141,3142]],"type":"Polygon","properties":{"code":"213031350","name":"Seddon - Kingsville","state":"Victoria"}},{"arcs":[[-3141,-3143,3143,-3124,-3099,-3095,-3137]],"type":"Polygon","properties":{"code":"213031351","name":"West Footscray - Tottenham","state":"Victoria"}},{"arcs":[[-3144,-3142,-3139,-2346,-3129,-3125]],"type":"Polygon","properties":{"code":"213031352","name":"Yarraville","state":"Victoria"}},{"arcs":[[-2733,3144,3145,3146,3147,-1941]],"type":"Polygon","properties":{"code":"213041353","name":"Bacchus Marsh","state":"Victoria"}},{"arcs":[[3148,3149,3150,-3146]],"type":"Polygon","properties":{"code":"213041358","name":"Melton West","state":"Victoria"}},{"arcs":[[3151,3152,3153,3154,3155,-3110,-3113,3156,3157,3158,3159,3160,3161]],"type":"Polygon","properties":{"code":"213041359","name":"Rockbank - Mount Cottrell","state":"Victoria"}},{"arcs":[[3162,-3104,-3081,3163,3164,3165]],"type":"Polygon","properties":{"code":"213041360","name":"Taylors Hill","state":"Victoria"}},{"arcs":[[3166,-3089,-3108,-3156,3167]],"type":"Polygon","properties":{"code":"213041461","name":"Burnside","state":"Victoria"}},{"arcs":[[-3164,-3090,-3167,3168]],"type":"Polygon","properties":{"code":"213041462","name":"Burnside Heights","state":"Victoria"}},{"arcs":[[3169,-3165,-3169,-3168,-3155]],"type":"Polygon","properties":{"code":"213041463","name":"Caroline Springs","state":"Victoria"}},{"arcs":[[3170,3171,-3147,-3151]],"type":"Polygon","properties":{"code":"213041571","name":"Brookfield","state":"Victoria"}},{"arcs":[[3172,-3162,3173]],"type":"Polygon","properties":{"code":"213041572","name":"Cobblebank - Strathtulloh","state":"Victoria"}},{"arcs":[[-1942,-3148,-3172,3174,-3160,3175,3176]],"type":"Polygon","properties":{"code":"213041573","name":"Eynesbury - Exford","state":"Victoria"}},{"arcs":[[3177,-2768,-3107,3178,-3166,-3170,-3154]],"type":"Polygon","properties":{"code":"213041574","name":"Fraser Rise - Plumpton","state":"Victoria"}},{"arcs":[[-3106,-3105,-3163,-3179]],"type":"Polygon","properties":{"code":"213041575","name":"Hillside","state":"Victoria"}},{"arcs":[[-3145,-2732,-2769,-3178,-3153,3179,-3149]],"type":"Polygon","properties":{"code":"213041576","name":"Kurunjang - Toolern Vale","state":"Victoria"}},{"arcs":[[-3152,-3173,3180,-3150,-3180]],"type":"Polygon","properties":{"code":"213041577","name":"Melton","state":"Victoria"}},{"arcs":[[-3181,-3174,-3161,-3175,-3171]],"type":"Polygon","properties":{"code":"213041578","name":"Melton South - Weir Views","state":"Victoria"}},{"arcs":[[3181,3182,3183,3184,3185,3186,3187]],"type":"Polygon","properties":{"code":"213051361","name":"Hoppers Crossing - North","state":"Victoria"}},{"arcs":[[-3187,3188,3189,3190]],"type":"Polygon","properties":{"code":"213051362","name":"Hoppers Crossing - South","state":"Victoria"}},{"arcs":[[-3111,-3101,-3128,-3114,-3120,3191,-3184,3192,3193,3194]],"type":"Polygon","properties":{"code":"213051363","name":"Laverton","state":"Victoria"}},{"arcs":[[3195,-3189,-3186,3196,3197,3198,3199,-2058,3200]],"type":"Polygon","properties":{"code":"213051368","name":"Werribee - South","state":"Victoria"}},{"arcs":[[3201,-3132,-3122,3202,-3199,3203]],"type":"Polygon","properties":{"code":"213051464","name":"Point Cook - East","state":"Victoria"}},{"arcs":[[3204,3205,-3204,-3198]],"type":"Polygon","properties":{"code":"213051466","name":"Point Cook - South","state":"Victoria"}},{"arcs":[[3206,-3190,-3196,3207,3208]],"type":"Polygon","properties":{"code":"213051467","name":"Werribee - East","state":"Victoria"}},{"arcs":[[3209,3210,-3208,-3201,-2057,3211]],"type":"Polygon","properties":{"code":"213051468","name":"Werribee - West","state":"Victoria"}},{"arcs":[[-2056,-1944,3212,3213,-3212]],"type":"Polygon","properties":{"code":"213051579","name":"Manor Lakes - Quandong","state":"Victoria"}},{"arcs":[[-3192,-3119,-3133,-3202,-3206,3214]],"type":"Polygon","properties":{"code":"213051580","name":"Point Cook - North East","state":"Victoria"}},{"arcs":[[-3185,-3215,-3205,-3197]],"type":"Polygon","properties":{"code":"213051581","name":"Point Cook - North West","state":"Victoria"}},{"arcs":[[-3176,-3159,3215,3216,3217,3218]],"type":"Polygon","properties":{"code":"213051582","name":"Tarneit (West) - Mount Cottrell","state":"Victoria"}},{"arcs":[[3219,3220,-3182,3221,-3217]],"type":"Polygon","properties":{"code":"213051583","name":"Tarneit - Central","state":"Victoria"}},{"arcs":[[-3158,3222,-3220,-3216]],"type":"Polygon","properties":{"code":"213051584","name":"Tarneit - North","state":"Victoria"}},{"arcs":[[-3222,-3188,-3191,-3207,3223,-3218]],"type":"Polygon","properties":{"code":"213051585","name":"Tarneit - South","state":"Victoria"}},{"arcs":[[-3157,-3112,-3195,3224,3225,-3223]],"type":"Polygon","properties":{"code":"213051586","name":"Truganina - North","state":"Victoria"}},{"arcs":[[-3225,-3194,3226]],"type":"Polygon","properties":{"code":"213051587","name":"Truganina - South East","state":"Victoria"}},{"arcs":[[-3226,-3227,-3193,-3183,-3221]],"type":"Polygon","properties":{"code":"213051588","name":"Truganina - South West","state":"Victoria"}},{"arcs":[[-1943,-3177,-3219,-3224,-3209,-3211,3227,-3213]],"type":"Polygon","properties":{"code":"213051589","name":"Wyndham Vale - North","state":"Victoria"}},{"arcs":[[-3214,-3228,-3210]],"type":"Polygon","properties":{"code":"213051590","name":"Wyndham Vale - South","state":"Victoria"}},{"arcs":[[-2559,-3047,3228,3229,3230,3231]],"type":"Polygon","properties":{"code":"214011370","name":"Carrum Downs","state":"Victoria"}},{"arcs":[[3232,3233,3234,3235,3236]],"type":"Polygon","properties":{"code":"214011371","name":"Frankston","state":"Victoria"}},{"arcs":[[-3231,3237,-3234,3238]],"type":"Polygon","properties":{"code":"214011372","name":"Frankston North","state":"Victoria"}},{"arcs":[[3239,-3236,3240,3241,3242]],"type":"Polygon","properties":{"code":"214011373","name":"Frankston South","state":"Victoria"}},{"arcs":[[-3230,3243,-2992,-2988,-2998,3244,-3241,-3235,-3238]],"type":"Polygon","properties":{"code":"214011374","name":"Langwarrin","state":"Victoria"}},{"arcs":[[-2560,-3232,-3239,-3233,3245]],"type":"Polygon","properties":{"code":"214011375","name":"Seaford (Vic.)","state":"Victoria"}},{"arcs":[[-3046,-2993,-3244,-3229]],"type":"Polygon","properties":{"code":"214011376","name":"Skye - Sandhurst","state":"Victoria"}},{"arcs":[[3246,3247,3248,3249]],"type":"Polygon","properties":{"code":"214021377","name":"Dromana","state":"Victoria"}},{"arcs":[[3250,-3248,3251,3252,3253,3254,3255]],"type":"Polygon","properties":{"code":"214021378","name":"Flinders","state":"Victoria"}},{"arcs":[[3256,3257,-3254]],"type":"Polygon","properties":{"code":"214021379","name":"Hastings - Somers","state":"Victoria"}},{"arcs":[[-3243,3258,3259,3260,3261]],"type":"Polygon","properties":{"code":"214021381","name":"Mount Eliza","state":"Victoria"}},{"arcs":[[3262,3263,3264,-3252,-3247,3265]],"type":"Polygon","properties":{"code":"214021382","name":"Mount Martha","state":"Victoria"}},{"arcs":[[3266,-3256,3267]],"type":"Polygon","properties":{"code":"214021383","name":"Point Nepean","state":"Victoria"}},{"arcs":[[-3249,-3251,-3267,3268]],"type":"Polygon","properties":{"code":"214021384","name":"Rosebud - McCrae","state":"Victoria"}},{"arcs":[[-3259,-3242,-3245,-3000,3269,-3257,-3253,-3265,3270]],"type":"Polygon","properties":{"code":"214021385","name":"Somerville","state":"Victoria"}},{"arcs":[[-3260,-3271,-3264,3271]],"type":"Polygon","properties":{"code":"214021591","name":"Mornington - East","state":"Victoria"}},{"arcs":[[-3261,-3272,-3263,3272]],"type":"Polygon","properties":{"code":"214021592","name":"Mornington - West","state":"Victoria"}},{"arcs":[[3273,3274]],"type":"Polygon","properties":{"code":"215011386","name":"Ararat","state":"Victoria"}},{"arcs":[[3275,-3275,3276,-1963,-1967,3277,3278,3279]],"type":"Polygon","properties":{"code":"215011387","name":"Ararat Surrounds","state":"Victoria"}},{"arcs":[[3280]],"type":"Polygon","properties":{"code":"215011388","name":"Horsham","state":"Victoria"}},{"arcs":[[3281,3282,3283,3284,3285],[-3281]],"type":"Polygon","properties":{"code":"215011389","name":"Horsham Surrounds","state":"Victoria"}},{"arcs":[[3286,3287,-3282,3288,3289]],"type":"Polygon","properties":{"code":"215011390","name":"Nhill Region","state":"Victoria"}},{"arcs":[[-2023,-1971,-1960,3290,3291,3292]],"type":"Polygon","properties":{"code":"215011391","name":"St Arnaud","state":"Victoria"}},{"arcs":[[3293,-3291,-1964,-3277,-3274,-3276,3294,-3284]],"type":"Polygon","properties":{"code":"215011392","name":"Stawell","state":"Victoria"}},{"arcs":[[3295,-3289,-3286,3296,3297,3298,3299]],"type":"Polygon","properties":{"code":"215011393","name":"West Wimmera","state":"Victoria"}},{"arcs":[[3300,3301,-3292,-3294,-3283,-3288]],"type":"Polygon","properties":{"code":"215011394","name":"Yarriambiack","state":"Victoria"}},{"arcs":[[3302,-595,-605,3303,3304,3305]],"type":"Polygon","properties":{"code":"215021395","name":"Irymple","state":"Victoria"}},{"arcs":[[-598,3306,3307]],"type":"Polygon","properties":{"code":"215021396","name":"Merbein","state":"Victoria"}},{"arcs":[[-603,3308,3309,-3301,-3287,3310,3311,3312,3313,3314,-606,-593,-3308,3315,-3305,3316]],"type":"Polygon","properties":{"code":"215021398","name":"Mildura Surrounds","state":"Victoria"}},{"arcs":[[-3304,-604,-3317]],"type":"Polygon","properties":{"code":"215021399","name":"Red Cliffs","state":"Victoria"}},{"arcs":[[-596,-3303,3317]],"type":"Polygon","properties":{"code":"215021469","name":"Mildura - North","state":"Victoria"}},{"arcs":[[-597,-3318,-3306,-3316,-3307]],"type":"Polygon","properties":{"code":"215021470","name":"Mildura - South","state":"Victoria"}},{"arcs":[[-3310,3318,3319,-2024,-3293,-3302]],"type":"Polygon","properties":{"code":"215031400","name":"Buloke","state":"Victoria"}},{"arcs":[[-629,3320,-2021,-3320,3321],[3322]],"type":"Polygon","properties":{"code":"215031401","name":"Gannawarra","state":"Victoria"}},{"arcs":[[-3323]],"type":"Polygon","properties":{"code":"215031402","name":"Kerang","state":"Victoria"}},{"arcs":[[3323,-601]],"type":"Polygon","properties":{"code":"215031403","name":"Robinvale","state":"Victoria"}},{"arcs":[[-621,3324]],"type":"Polygon","properties":{"code":"215031404","name":"Swan Hill","state":"Victoria"}},{"arcs":[[-602,-3324,-600,-622,-3325,-620,-3322,-3319,-3309]],"type":"Polygon","properties":{"code":"215031405","name":"Swan Hill Surrounds","state":"Victoria"}},{"arcs":[[-627,-631,3325,3326,3327,3328]],"type":"Polygon","properties":{"code":"216011406","name":"Echuca","state":"Victoria"}},{"arcs":[[-3327,3329,3330,3331,3332]],"type":"Polygon","properties":{"code":"216011407","name":"Kyabram","state":"Victoria"}},{"arcs":[[-3321,-628,-3329,3333,-2018,-2022]],"type":"Polygon","properties":{"code":"216011408","name":"Lockington - Gunbower","state":"Victoria"}},{"arcs":[[-3328,-3333,3334,-2019,-3334]],"type":"Polygon","properties":{"code":"216011409","name":"Rochester","state":"Victoria"}},{"arcs":[[-3335,-3332,3335,-2123,-2008,-2020]],"type":"Polygon","properties":{"code":"216011410","name":"Rushworth","state":"Victoria"}},{"arcs":[[-635,3336,3337]],"type":"Polygon","properties":{"code":"216021411","name":"Cobram","state":"Victoria"}},{"arcs":[[-2137,-2139,-2133,3338,3339,-3337,-634,-617,3340,-615]],"type":"Polygon","properties":{"code":"216021412","name":"Moira","state":"Victoria"}},{"arcs":[[-636,-3338,-3340,3341,3342,-3330,-3326,-630,-625]],"type":"Polygon","properties":{"code":"216021413","name":"Numurkah","state":"Victoria"}},{"arcs":[[-3341,-616]],"type":"Polygon","properties":{"code":"216021414","name":"Yarrawonga","state":"Victoria"}},{"arcs":[[3343,3344,3345,3346]],"type":"Polygon","properties":{"code":"216031415","name":"Mooroopna","state":"Victoria"}},{"arcs":[[3347,3348,3349,-3344]],"type":"Polygon","properties":{"code":"216031416","name":"Shepparton - North","state":"Victoria"}},{"arcs":[[-3339,-2132,-2109,3350,3351,3352,-3349,3353,-3342]],"type":"Polygon","properties":{"code":"216031418","name":"Shepparton Surrounds - East","state":"Victoria"}},{"arcs":[[-3343,-3354,-3348,-3347,3354,-3351,-2108,-2119,-3336,-3331]],"type":"Polygon","properties":{"code":"216031419","name":"Shepparton Surrounds - West","state":"Victoria"}},{"arcs":[[3355,-3352,-3355,-3346]],"type":"Polygon","properties":{"code":"216031593","name":"Kialla","state":"Victoria"}},{"arcs":[[-3345,-3350,-3353,-3356]],"type":"Polygon","properties":{"code":"216031594","name":"Shepparton - South East","state":"Victoria"}},{"arcs":[[-3298,3356,3357,3358,3359,3360,3361,3362]],"type":"Polygon","properties":{"code":"217011420","name":"Glenelg (Vic.)","state":"Victoria"}},{"arcs":[[3363]],"type":"Polygon","properties":{"code":"217011421","name":"Hamilton (Vic.)","state":"Victoria"}},{"arcs":[[3364,-3360]],"type":"Polygon","properties":{"code":"217011422","name":"Portland","state":"Victoria"}},{"arcs":[[-3297,-3285,-3295,-3280,3365,3366,-3357],[-3364]],"type":"Polygon","properties":{"code":"217011423","name":"Southern Grampians","state":"Victoria"}},{"arcs":[[3367,3368]],"type":"Polygon","properties":{"code":"217031471","name":"Camperdown","state":"Victoria"}},{"arcs":[[3369]],"type":"Polygon","properties":{"code":"217031472","name":"Colac","state":"Victoria"}},{"arcs":[[-2033,-2039,-2086,3370,3371,3372],[-3370]],"type":"Polygon","properties":{"code":"217031473","name":"Colac Surrounds","state":"Victoria"}},{"arcs":[[-3278,-1966,-1969,-2034,-3373,3373,-3369,3374,3375]],"type":"Polygon","properties":{"code":"217031474","name":"Corangamite - North","state":"Victoria"}},{"arcs":[[-3375,-3368,-3374,-3372,3376,3377,3378]],"type":"Polygon","properties":{"code":"217031475","name":"Corangamite - South","state":"Victoria"}},{"arcs":[[-3377,-3371,-2085,3379]],"type":"Polygon","properties":{"code":"217031476","name":"Otway","state":"Victoria"}},{"arcs":[[-3366,-3279,-3376,-3379,3380,3381,3382,3383]],"type":"Polygon","properties":{"code":"217041477","name":"Moyne - East","state":"Victoria"}},{"arcs":[[-3358,-3367,-3384,3384,3385,3386]],"type":"Polygon","properties":{"code":"217041478","name":"Moyne - West","state":"Victoria"}},{"arcs":[[-3385,-3383,3387]],"type":"Polygon","properties":{"code":"217041479","name":"Warrnambool - North","state":"Victoria"}},{"arcs":[[-3386,-3388,-3382,3388]],"type":"Polygon","properties":{"code":"217041480","name":"Warrnambool - South","state":"Victoria"}},{"arcs":[[3389,3390,3391,3392,3393,3394,3395]],"type":"Polygon","properties":{"code":"301011001","name":"Alexandra Hills","state":"Queensland"}},{"arcs":[[3396,3397,3398,3399,3400,3401,3402,3403,3404]],"type":"Polygon","properties":{"code":"301011002","name":"Belmont - Gumdale","state":"Queensland"}},{"arcs":[[3405,3406,-3390,3407,-3400,3408]],"type":"Polygon","properties":{"code":"301011003","name":"Birkdale","state":"Queensland"}},{"arcs":[[-3401,-3408,-3396,3409,3410]],"type":"Polygon","properties":{"code":"301011004","name":"Capalaba","state":"Queensland"}},{"arcs":[[3411,-3409,-3399]],"type":"Polygon","properties":{"code":"301011005","name":"Thorneside","state":"Queensland"}},{"arcs":[[3412,3413,-3391,-3407]],"type":"Polygon","properties":{"code":"301011006","name":"Wellington Point","state":"Queensland"}},{"arcs":[[3414,3415,3416,-3393]],"type":"Polygon","properties":{"code":"301021007","name":"Cleveland","state":"Queensland"}},{"arcs":[[3417,-3415,-3392,-3414]],"type":"Polygon","properties":{"code":"301021008","name":"Ormiston","state":"Queensland"}},{"arcs":[[3418,3419,3420,3421,3422]],"type":"Polygon","properties":{"code":"301021009","name":"Redland Bay","state":"Queensland"}},{"arcs":[[3423,-3410,-3395,3424,3425,-3423,3426,3427,3428,3429]],"type":"Polygon","properties":{"code":"301021011","name":"Sheldon - Mount Cotton","state":"Queensland"}},{"arcs":[[-3417,3430,3431,-3425,-3394]],"type":"Polygon","properties":{"code":"301021012","name":"Thornlands","state":"Queensland"}},{"arcs":[[-3419,-3426,-3432,3432]],"type":"Polygon","properties":{"code":"301021013","name":"Victoria Point","state":"Queensland"}},{"arcs":[[3433]],"type":"Polygon","properties":{"code":"301021550","name":"North Stradbroke Island","state":"Queensland"}},{"arcs":[[3434]],"type":"Polygon","properties":{"code":"301021551","name":"Southern Moreton Bay Islands","state":"Queensland"}},{"arcs":[[3435,3436,3437]],"type":"Polygon","properties":{"code":"301031014","name":"Brisbane Port - Lytton","state":"Queensland"}},{"arcs":[[3438,3439,-3397,3440,3441]],"type":"Polygon","properties":{"code":"301031015","name":"Manly - Lota","state":"Queensland"}},{"arcs":[[3442,-3442,3443,3444,3445]],"type":"Polygon","properties":{"code":"301031016","name":"Manly West","state":"Queensland"}},{"arcs":[[3446,3447,3448,3449,3450]],"type":"Polygon","properties":{"code":"301031017","name":"Murarrie","state":"Queensland"}},{"arcs":[[3451,-3445,3452,-3404,3453,3454,3455,-3448]],"type":"Polygon","properties":{"code":"301031018","name":"Tingalpa","state":"Queensland"}},{"arcs":[[-3444,-3441,-3405,-3453]],"type":"Polygon","properties":{"code":"301031019","name":"Wakerley","state":"Queensland"}},{"arcs":[[-3436,3456,-3439,-3443,3457]],"type":"Polygon","properties":{"code":"301031020","name":"Wynnum","state":"Queensland"}},{"arcs":[[3458,-3437,-3458,-3446,-3452,-3447]],"type":"Polygon","properties":{"code":"301031021","name":"Wynnum West - Hemmant","state":"Queensland"}},{"arcs":[[3459,3460,3461,3462,3463,3464,3465,3466]],"type":"Polygon","properties":{"code":"302011022","name":"Bald Hills","state":"Queensland"}},{"arcs":[[3467,-3466,3468,3469,3470,3471]],"type":"Polygon","properties":{"code":"302011023","name":"Bridgeman Downs","state":"Queensland"}},{"arcs":[[-3465,3472,3473,3474,-3469]],"type":"Polygon","properties":{"code":"302011024","name":"Carseldine","state":"Queensland"}},{"arcs":[[3475,3476,3477,3478,3479,3480]],"type":"Polygon","properties":{"code":"302011025","name":"Everton Park","state":"Queensland"}},{"arcs":[[3481,-3471,3482,3483,3484,-3476,3485]],"type":"Polygon","properties":{"code":"302011026","name":"McDowall","state":"Queensland"}},{"arcs":[[3486,3487,3488,3489,-3483,-3470,-3475]],"type":"Polygon","properties":{"code":"302021027","name":"Aspley","state":"Queensland"}},{"arcs":[[-3489,3490,3491,3492,3493]],"type":"Polygon","properties":{"code":"302021028","name":"Chermside","state":"Queensland"}},{"arcs":[[-3494,3494,3495,-3484,-3490]],"type":"Polygon","properties":{"code":"302021029","name":"Chermside West","state":"Queensland"}},{"arcs":[[3496,3497,3498,3499,-3491,-3488]],"type":"Polygon","properties":{"code":"302021030","name":"Geebung","state":"Queensland"}},{"arcs":[[-3495,-3493,3500,3501,3502,3503,3504,3505]],"type":"Polygon","properties":{"code":"302021031","name":"Kedron - Gordon Park","state":"Queensland"}},{"arcs":[[3506,-3505,3507,3508,3509,-3478]],"type":"Polygon","properties":{"code":"302021032","name":"Stafford","state":"Queensland"}},{"arcs":[[-3496,-3506,-3507,-3477,-3485]],"type":"Polygon","properties":{"code":"302021033","name":"Stafford Heights","state":"Queensland"}},{"arcs":[[-3500,3510,3511,-3501,-3492]],"type":"Polygon","properties":{"code":"302021034","name":"Wavell Heights","state":"Queensland"}},{"arcs":[[3512,3513,3514,3515,-3498,3516,3517]],"type":"Polygon","properties":{"code":"302031035","name":"Boondall","state":"Queensland"}},{"arcs":[[3518,3519,3520,3521,3522,3523,3524]],"type":"Polygon","properties":{"code":"302031036","name":"Brisbane Airport","state":"Queensland"}},{"arcs":[[3525,3526,3527,-3525]],"type":"Polygon","properties":{"code":"302031037","name":"Eagle Farm - Pinkenba","state":"Queensland"}},{"arcs":[[-3511,-3499,-3516,3528,-3522,3529]],"type":"Polygon","properties":{"code":"302031038","name":"Northgate - Virginia","state":"Queensland"}},{"arcs":[[3530,3531,-3523,-3529,-3515]],"type":"Polygon","properties":{"code":"302031039","name":"Nudgee - Banyo","state":"Queensland"}},{"arcs":[[-3530,-3521,3532,3533,3534,-3502,-3512]],"type":"Polygon","properties":{"code":"302031040","name":"Nundah","state":"Queensland"}},{"arcs":[[3535,3536,3537,3538,-3463]],"type":"Polygon","properties":{"code":"302041041","name":"Bracken Ridge","state":"Queensland"}},{"arcs":[[3539,3540,3541,-3536,-3462]],"type":"Polygon","properties":{"code":"302041042","name":"Brighton (Qld)","state":"Queensland"}},{"arcs":[[3542,-3513,3543,-3538]],"type":"Polygon","properties":{"code":"302041043","name":"Deagon","state":"Queensland"}},{"arcs":[[-3537,-3542,3544,-3531,-3514,-3543]],"type":"Polygon","properties":{"code":"302041044","name":"Sandgate - Shorncliffe","state":"Queensland"}},{"arcs":[[-3539,-3544,-3518,3545,-3473,-3464]],"type":"Polygon","properties":{"code":"302041045","name":"Taigum - Fitzgibbon","state":"Queensland"}},{"arcs":[[-3474,-3546,-3517,-3497,-3487]],"type":"Polygon","properties":{"code":"302041046","name":"Zillmere","state":"Queensland"}},{"arcs":[[3546,3547,3548,3549,3550,3551]],"type":"Polygon","properties":{"code":"303011047","name":"Camp Hill","state":"Queensland"}},{"arcs":[[-3449,-3456,3552,3553]],"type":"Polygon","properties":{"code":"303011048","name":"Cannon Hill","state":"Queensland"}},{"arcs":[[3554,-3553,-3455,3555,3556,-3552]],"type":"Polygon","properties":{"code":"303011049","name":"Carina","state":"Queensland"}},{"arcs":[[-3557,3557,3558,3559,-3547]],"type":"Polygon","properties":{"code":"303011050","name":"Carina Heights","state":"Queensland"}},{"arcs":[[-3556,-3454,-3403,3560,3561,-3558]],"type":"Polygon","properties":{"code":"303011051","name":"Carindale","state":"Queensland"}},{"arcs":[[3562,3563,3564,3565,3566,3567]],"type":"Polygon","properties":{"code":"303021052","name":"Annerley","state":"Queensland"}},{"arcs":[[3568,3569,3570,-3549,3571,3572]],"type":"Polygon","properties":{"code":"303021053","name":"Coorparoo","state":"Queensland"}},{"arcs":[[3573,3574,-3568,3575,3576,3577]],"type":"Polygon","properties":{"code":"303021054","name":"Fairfield - Dutton Park","state":"Queensland"}},{"arcs":[[-3573,3578,3579,3580,-3564,3581]],"type":"Polygon","properties":{"code":"303021055","name":"Greenslopes","state":"Queensland"}},{"arcs":[[-3579,-3572,-3548,-3560,3582,3583]],"type":"Polygon","properties":{"code":"303021056","name":"Holland Park","state":"Queensland"}},{"arcs":[[-3580,-3584,3584,3585]],"type":"Polygon","properties":{"code":"303021057","name":"Holland Park West","state":"Queensland"}},{"arcs":[[-3569,-3582,-3563,-3575,3586,3587,3588]],"type":"Polygon","properties":{"code":"303021058","name":"Woolloongabba","state":"Queensland"}},{"arcs":[[-3576,-3567,3589,3590,3591,3592,3593]],"type":"Polygon","properties":{"code":"303021059","name":"Yeronga","state":"Queensland"}},{"arcs":[[3594,3595,3596,3597,3598,3599,3600,3601]],"type":"Polygon","properties":{"code":"303031060","name":"Eight Mile Plains","state":"Queensland"}},{"arcs":[[3602,3603,-3602,3604,3605]],"type":"Polygon","properties":{"code":"303031061","name":"Macgregor (Qld)","state":"Queensland"}},{"arcs":[[-3562,3606,3607,3608]],"type":"Polygon","properties":{"code":"303031062","name":"Mansfield (Qld)","state":"Queensland"}},{"arcs":[[-3559,-3609,3609,3610,-3585,-3583]],"type":"Polygon","properties":{"code":"303031063","name":"Mount Gravatt","state":"Queensland"}},{"arcs":[[3611,-3607,-3561,-3402,-3411,-3424,3612,-3597]],"type":"Polygon","properties":{"code":"303031064","name":"Rochedale - Burbank","state":"Queensland"}},{"arcs":[[3613,-3610,3614,-3595,-3604]],"type":"Polygon","properties":{"code":"303031065","name":"Upper Mount Gravatt","state":"Queensland"}},{"arcs":[[-3608,-3612,-3596,-3615]],"type":"Polygon","properties":{"code":"303031066","name":"Wishart","state":"Queensland"}},{"arcs":[[3615,3616,3617,3618]],"type":"Polygon","properties":{"code":"303041067","name":"Coopers Plains","state":"Queensland"}},{"arcs":[[-3566,3619,3620,3621,-3590]],"type":"Polygon","properties":{"code":"303041068","name":"Moorooka","state":"Queensland"}},{"arcs":[[3622,-3606,3623,-3617]],"type":"Polygon","properties":{"code":"303041069","name":"Robertson","state":"Queensland"}},{"arcs":[[-3621,3624,-3611,-3614,-3603,-3623,-3616,3625]],"type":"Polygon","properties":{"code":"303041070","name":"Salisbury - Nathan","state":"Queensland"}},{"arcs":[[-3581,-3586,-3625,-3620,-3565]],"type":"Polygon","properties":{"code":"303041071","name":"Tarragindi","state":"Queensland"}},{"arcs":[[3626,3627,3628,3629,3630]],"type":"Polygon","properties":{"code":"303051072","name":"Algester","state":"Queensland"}},{"arcs":[[3631,3632,3633,3634,3635,3636,3637,-3629]],"type":"Polygon","properties":{"code":"303051073","name":"Calamvale - Stretton","state":"Queensland"}},{"arcs":[[3638,3639,3640,3641,-3631,3642,3643,3644,3645]],"type":"Polygon","properties":{"code":"303051074","name":"Pallara - Willawong","state":"Queensland"}},{"arcs":[[-3630,-3638,3646,3647,-3643]],"type":"Polygon","properties":{"code":"303051075","name":"Parkinson - Drewvale","state":"Queensland"}},{"arcs":[[3648,3649,-3591,-3622,-3626,-3619,3650,3651,-3627,-3642,3652]],"type":"Polygon","properties":{"code":"303051076","name":"Rocklea - Acacia Ridge","state":"Queensland"}},{"arcs":[[-3599,3653,3654,-3634,3655]],"type":"Polygon","properties":{"code":"303061077","name":"Kuraby","state":"Queensland"}},{"arcs":[[-3600,-3656,-3633,3656,3657]],"type":"Polygon","properties":{"code":"303061078","name":"Runcorn","state":"Queensland"}},{"arcs":[[-3618,-3624,-3605,-3601,-3658,3658,-3651]],"type":"Polygon","properties":{"code":"303061079","name":"Sunnybank","state":"Queensland"}},{"arcs":[[-3659,-3657,-3632,-3628,-3652]],"type":"Polygon","properties":{"code":"303061080","name":"Sunnybank Hills","state":"Queensland"}},{"arcs":[[3659,3660,3661,3662]],"type":"Polygon","properties":{"code":"304011081","name":"Jindalee - Mount Ommaney","state":"Queensland"}},{"arcs":[[-3661,3663,3664,3665,3666]],"type":"Polygon","properties":{"code":"304011082","name":"Middle Park - Jamboree Heights","state":"Queensland"}},{"arcs":[[3667,-3666,3668,3669,3670]],"type":"Polygon","properties":{"code":"304011083","name":"Riverhills","state":"Queensland"}},{"arcs":[[3671,3672,3673,-3664,-3660]],"type":"Polygon","properties":{"code":"304011084","name":"Seventeen Mile Rocks - Sinnamon Park","state":"Queensland"}},{"arcs":[[-3662,-3667,-3668,3674]],"type":"Polygon","properties":{"code":"304011085","name":"Westlake","state":"Queensland"}},{"arcs":[[3675,3676,3677,3678,3679,3680]],"type":"Polygon","properties":{"code":"304021086","name":"Bellbowrie - Moggill","state":"Queensland"}},{"arcs":[[3681,3682,3683,3684,3685,3686,3687,3688]],"type":"Polygon","properties":{"code":"304021087","name":"Brookfield - Kenmore Hills","state":"Queensland"}},{"arcs":[[3689,3690,3691,-3687]],"type":"Polygon","properties":{"code":"304021088","name":"Chapel Hill","state":"Queensland"}},{"arcs":[[3692,3693,3694]],"type":"Polygon","properties":{"code":"304021089","name":"Fig Tree Pocket","state":"Queensland"}},{"arcs":[[-3692,-3694,3695,3696,-3688]],"type":"Polygon","properties":{"code":"304021090","name":"Kenmore","state":"Queensland"}},{"arcs":[[-3689,-3697,3697,-3681,3698,3699]],"type":"Polygon","properties":{"code":"304021091","name":"Pinjarra Hills - Pullenvale","state":"Queensland"}},{"arcs":[[-3593,3700,3701]],"type":"Polygon","properties":{"code":"304031092","name":"Chelmer - Graceville","state":"Queensland"}},{"arcs":[[3702,-3649,3703,3704]],"type":"Polygon","properties":{"code":"304031093","name":"Corinda","state":"Queensland"}},{"arcs":[[3705,3706,3707,3708,-3695,-3691]],"type":"Polygon","properties":{"code":"304031094","name":"Indooroopilly","state":"Queensland"}},{"arcs":[[-3701,-3592,-3650,-3703,3709]],"type":"Polygon","properties":{"code":"304031095","name":"Sherwood","state":"Queensland"}},{"arcs":[[3710,-3708,3711]],"type":"Polygon","properties":{"code":"304031096","name":"St Lucia","state":"Queensland"}},{"arcs":[[3712,3713,3714,-3712,-3707]],"type":"Polygon","properties":{"code":"304031097","name":"Taringa","state":"Queensland"}},{"arcs":[[-3479,-3510,3715,3716,3717,3718,3719]],"type":"Polygon","properties":{"code":"304041098","name":"Enoggera","state":"Queensland"}},{"arcs":[[3720,3721,-3684,3722,3723]],"type":"Polygon","properties":{"code":"304041099","name":"Enoggera Reservoir","state":"Queensland"}},{"arcs":[[3724,3725,-3719,3726,3727]],"type":"Polygon","properties":{"code":"304041100","name":"Keperra","state":"Queensland"}},{"arcs":[[3728,-3480,-3720,-3726]],"type":"Polygon","properties":{"code":"304041101","name":"Mitchelton","state":"Queensland"}},{"arcs":[[3729,3730,3731,-3713,-3706,-3690,-3686,3732]],"type":"Polygon","properties":{"code":"304041102","name":"Mount Coot-tha","state":"Queensland"}},{"arcs":[[3733,-3727,-3718,3734,-3733,-3685,-3722]],"type":"Polygon","properties":{"code":"304041103","name":"The Gap","state":"Queensland"}},{"arcs":[[-3728,-3734,-3721,3735,3736]],"type":"Polygon","properties":{"code":"304041104","name":"Upper Kedron - Ferny Grove","state":"Queensland"}},{"arcs":[[3737,3738,3739,3740,3741,3742]],"type":"Polygon","properties":{"code":"305011105","name":"Brisbane City","state":"Queensland"}},{"arcs":[[3743,3744,3745,-3741,3746]],"type":"Polygon","properties":{"code":"305011106","name":"Fortitude Valley","state":"Queensland"}},{"arcs":[[3747,-3578,3748,3749]],"type":"Polygon","properties":{"code":"305011107","name":"Highgate Hill","state":"Queensland"}},{"arcs":[[3750,-3588,3751,3752]],"type":"Polygon","properties":{"code":"305011108","name":"Kangaroo Point","state":"Queensland"}},{"arcs":[[-3745,3753,3754]],"type":"Polygon","properties":{"code":"305011109","name":"New Farm","state":"Queensland"}},{"arcs":[[3755,-3752,-3587,-3574,-3748,3756]],"type":"Polygon","properties":{"code":"305011110","name":"South Brisbane","state":"Queensland"}},{"arcs":[[3757,3758,-3747,-3740]],"type":"Polygon","properties":{"code":"305011111","name":"Spring Hill","state":"Queensland"}},{"arcs":[[-3757,-3750,3759]],"type":"Polygon","properties":{"code":"305011112","name":"West End","state":"Queensland"}},{"arcs":[[3760,3761,3762]],"type":"Polygon","properties":{"code":"305021113","name":"Balmoral","state":"Queensland"}},{"arcs":[[3763,-3763,3764,3765]],"type":"Polygon","properties":{"code":"305021114","name":"Bulimba","state":"Queensland"}},{"arcs":[[3766,3767,-3570,-3589,-3751]],"type":"Polygon","properties":{"code":"305021115","name":"East Brisbane","state":"Queensland"}},{"arcs":[[-3765,-3762,3768,3769,3770]],"type":"Polygon","properties":{"code":"305021116","name":"Hawthorne","state":"Queensland"}},{"arcs":[[-3761,-3764,3771,-3450,-3554,-3555,-3551,3772,-3769]],"type":"Polygon","properties":{"code":"305021117","name":"Morningside - Seven Hills","state":"Queensland"}},{"arcs":[[3773,-3770,-3773,-3550,-3571,-3768]],"type":"Polygon","properties":{"code":"305021118","name":"Norman Park","state":"Queensland"}},{"arcs":[[3774,3775,3776,3777,3778,3779,3780]],"type":"Polygon","properties":{"code":"305031119","name":"Albion","state":"Queensland"}},{"arcs":[[-3509,3781,3782,3783,-3716]],"type":"Polygon","properties":{"code":"305031120","name":"Alderley","state":"Queensland"}},{"arcs":[[-3777,3784,3785,-3519,-3528,3786]],"type":"Polygon","properties":{"code":"305031121","name":"Ascot","state":"Queensland"}},{"arcs":[[-3534,3787,-3785,-3776,3788]],"type":"Polygon","properties":{"code":"305031122","name":"Clayfield","state":"Queensland"}},{"arcs":[[-3508,-3504,3789,3790,3791,3792,-3782]],"type":"Polygon","properties":{"code":"305031123","name":"Grange","state":"Queensland"}},{"arcs":[[-3787,-3527,3793,-3778]],"type":"Polygon","properties":{"code":"305031124","name":"Hamilton (Qld)","state":"Queensland"}},{"arcs":[[-3533,-3520,-3786,-3788]],"type":"Polygon","properties":{"code":"305031125","name":"Hendra","state":"Queensland"}},{"arcs":[[3794,3795,3796,3797,-3758,-3739,3798]],"type":"Polygon","properties":{"code":"305031126","name":"Kelvin Grove - Herston","state":"Queensland"}},{"arcs":[[-3793,3799,-3795,3800,3801,-3783]],"type":"Polygon","properties":{"code":"305031127","name":"Newmarket","state":"Queensland"}},{"arcs":[[-3780,3802,-3754,-3744,-3759,-3798,3803]],"type":"Polygon","properties":{"code":"305031128","name":"Newstead - Bowen Hills","state":"Queensland"}},{"arcs":[[-3792,3804,-3796,-3800]],"type":"Polygon","properties":{"code":"305031129","name":"Wilston","state":"Queensland"}},{"arcs":[[-3791,3805,-3781,-3804,-3797,-3805]],"type":"Polygon","properties":{"code":"305031130","name":"Windsor","state":"Queensland"}},{"arcs":[[-3535,-3789,-3775,-3806,-3790,-3503]],"type":"Polygon","properties":{"code":"305031131","name":"Wooloowin - Lutwyche","state":"Queensland"}},{"arcs":[[-3784,-3802,3806,3807,-3730,-3735,-3717]],"type":"Polygon","properties":{"code":"305041132","name":"Ashgrove","state":"Queensland"}},{"arcs":[[3808,3809,3810,3811]],"type":"Polygon","properties":{"code":"305041133","name":"Auchenflower","state":"Queensland"}},{"arcs":[[-3808,3812,3813,-3809,3814,-3731]],"type":"Polygon","properties":{"code":"305041134","name":"Bardon","state":"Queensland"}},{"arcs":[[3815,-3743,3816,-3810,-3814]],"type":"Polygon","properties":{"code":"305041135","name":"Paddington - Milton","state":"Queensland"}},{"arcs":[[-3801,-3799,-3738,-3816,-3813,-3807]],"type":"Polygon","properties":{"code":"305041136","name":"Red Hill (Qld)","state":"Queensland"}},{"arcs":[[-3815,-3812,3817,-3714,-3732]],"type":"Polygon","properties":{"code":"305041137","name":"Toowong","state":"Queensland"}},{"arcs":[[3818,3819,3820,3821]],"type":"Polygon","properties":{"code":"306011138","name":"Brinsmead","state":"Queensland"}},{"arcs":[[3822,3823,3824,3825,3826]],"type":"Polygon","properties":{"code":"306011139","name":"Clifton Beach - Kewarra Beach","state":"Queensland"}},{"arcs":[[3827,3828,3829,3830,-3819,3831]],"type":"Polygon","properties":{"code":"306011140","name":"Freshwater - Stratford","state":"Queensland"}},{"arcs":[[-3826,3832,3833,-3832,-3822,3834,3835,3836]],"type":"Polygon","properties":{"code":"306011141","name":"Redlynch","state":"Queensland"}},{"arcs":[[3837,3838,-3833,-3825]],"type":"Polygon","properties":{"code":"306011142","name":"Trinity Beach - Smithfield","state":"Queensland"}},{"arcs":[[3839,-3828,-3834,-3839]],"type":"Polygon","properties":{"code":"306011143","name":"Yorkeys Knob - Machans Beach","state":"Queensland"}},{"arcs":[[3840,3841,3842]],"type":"Polygon","properties":{"code":"306021144","name":"Bentley Park","state":"Queensland"}},{"arcs":[[3843,-3830,3844,3845,3846]],"type":"Polygon","properties":{"code":"306021145","name":"Cairns City","state":"Queensland"}},{"arcs":[[3847,3848,3849,3850,3851]],"type":"Polygon","properties":{"code":"306021146","name":"Earlville - Bayview Heights","state":"Queensland"}},{"arcs":[[3852,3853,3854,3855,-3842]],"type":"Polygon","properties":{"code":"306021147","name":"Edmonton","state":"Queensland"}},{"arcs":[[3856,3857,3858,3859,3860,3861,3862,3863,-3855]],"type":"Polygon","properties":{"code":"306021148","name":"Gordonvale - Trinity","state":"Queensland"}},{"arcs":[[-3835,-3821,3864,3865,3866,3867,-3852,3868]],"type":"Polygon","properties":{"code":"306021149","name":"Kanimbla - Mooroobool","state":"Queensland"}},{"arcs":[[-3851,3869,-3843,-3856,-3864,3870,3871,3872,-3836,-3869]],"type":"Polygon","properties":{"code":"306021150","name":"Lamb Range","state":"Queensland"}},{"arcs":[[3873,-3866,3874]],"type":"Polygon","properties":{"code":"306021151","name":"Manoora","state":"Queensland"}},{"arcs":[[3875,-3847,3876,-3867,-3874]],"type":"Polygon","properties":{"code":"306021152","name":"Manunda","state":"Queensland"}},{"arcs":[[-3850,3877,3878,-3853,-3841,-3870]],"type":"Polygon","properties":{"code":"306021153","name":"Mount Sheridan","state":"Queensland"}},{"arcs":[[-3846,3879,-3858,3880,3881,-3848,-3868,-3877]],"type":"Polygon","properties":{"code":"306021154","name":"Westcourt - Bungalow","state":"Queensland"}},{"arcs":[[-3881,-3857,-3854,-3879,3882]],"type":"Polygon","properties":{"code":"306021155","name":"White Rock","state":"Queensland"}},{"arcs":[[-3831,-3844,-3876,-3875,-3865,-3820]],"type":"Polygon","properties":{"code":"306021156","name":"Whitfield - Edge Hill","state":"Queensland"}},{"arcs":[[-3883,-3878,-3849,-3882]],"type":"Polygon","properties":{"code":"306021157","name":"Woree","state":"Queensland"}},{"arcs":[[3883,3884,3885,-3861,3886,3887]],"type":"Polygon","properties":{"code":"306031158","name":"Babinda","state":"Queensland"}},{"arcs":[[3888,-3884,3889]],"type":"Polygon","properties":{"code":"306031159","name":"Innisfail","state":"Queensland"}},{"arcs":[[-3885,-3889,3890,3891,3892,3893,3894]],"type":"Polygon","properties":{"code":"306031160","name":"Johnstone","state":"Queensland"}},{"arcs":[[[-3892,3895,3896,3897]],[[3898]]],"type":"MultiPolygon","properties":{"code":"306031161","name":"Tully","state":"Queensland"}},{"arcs":[[-3862,-3886,-3895,3899]],"type":"Polygon","properties":{"code":"306031162","name":"Wooroonooran","state":"Queensland"}},{"arcs":[[-3887,-3860,3900]],"type":"Polygon","properties":{"code":"306031163","name":"Yarrabah","state":"Queensland"}},{"arcs":[[3901,3902,3903,3904]],"type":"Polygon","properties":{"code":"306041164","name":"Daintree","state":"Queensland"}},{"arcs":[[-3823,3905,3906,-3903,3907]],"type":"Polygon","properties":{"code":"306041165","name":"Port Douglas","state":"Queensland"}},{"arcs":[[3908,3909,3910]],"type":"Polygon","properties":{"code":"306051166","name":"Atherton","state":"Queensland"}},{"arcs":[[3911,-3893,-3898,3912,3913,3914,3915]],"type":"Polygon","properties":{"code":"306051167","name":"Herberton","state":"Queensland"}},{"arcs":[[-3906,-3827,-3837,-3873,3916,3917]],"type":"Polygon","properties":{"code":"306051168","name":"Kuranda","state":"Queensland"}},{"arcs":[[3918,-3871,-3863,-3900,-3894,-3912,3919,-3910]],"type":"Polygon","properties":{"code":"306051169","name":"Malanda - Yungaburra","state":"Queensland"}},{"arcs":[[-3917,-3872,-3919,-3909,3920]],"type":"Polygon","properties":{"code":"306051170","name":"Mareeba","state":"Queensland"}},{"arcs":[[3921,3922,-673,-326,-310,3923,3924]],"type":"Polygon","properties":{"code":"307011171","name":"Balonne","state":"Queensland"}},{"arcs":[[3925,3926,3927,3928,3929,3930,3931,3932]],"type":"Polygon","properties":{"code":"307011172","name":"Chinchilla","state":"Queensland"}},{"arcs":[[3933,-670]],"type":"Polygon","properties":{"code":"307011173","name":"Goondiwindi","state":"Queensland"}},{"arcs":[[-669,-3923,3934,3935,3936,3937,-666,-653,-671,-3934]],"type":"Polygon","properties":{"code":"307011174","name":"Inglewood - Waggamba","state":"Queensland"}},{"arcs":[[3938,-3933,3939,3940]],"type":"Polygon","properties":{"code":"307011175","name":"Miles - Wandoan","state":"Queensland"}},{"arcs":[[3941]],"type":"Polygon","properties":{"code":"307011176","name":"Roma","state":"Queensland"}},{"arcs":[[3942,3943,-3941,3944,-3925,3945,3946],[-3942]],"type":"Polygon","properties":{"code":"307011177","name":"Roma Surrounds","state":"Queensland"}},{"arcs":[[-3932,3947,3948,-3935,-3922,-3945,-3940]],"type":"Polygon","properties":{"code":"307011178","name":"Tara","state":"Queensland"}},{"arcs":[[3949,3950,3951,3952,3953,3954,3955,3956]],"type":"Polygon","properties":{"code":"307021179","name":"Crows Nest - Rosalie","state":"Queensland"}},{"arcs":[[-3957,3957,3958,3959,3960,3961]],"type":"Polygon","properties":{"code":"307021180","name":"Jondaryan","state":"Queensland"}},{"arcs":[[3962,-3961,3963,3964,3965,-3936,-3949]],"type":"Polygon","properties":{"code":"307021181","name":"Millmerran","state":"Queensland"}},{"arcs":[[-3960,3966,3967,3968,-3964]],"type":"Polygon","properties":{"code":"307021182","name":"Pittsworth","state":"Queensland"}},{"arcs":[[3969,3970,-3950,-3962,-3963,-3948,-3931]],"type":"Polygon","properties":{"code":"307021183","name":"Wambo","state":"Queensland"}},{"arcs":[[3971,3972,3973,-3965,-3969]],"type":"Polygon","properties":{"code":"307031184","name":"Clifton - Greenmount","state":"Queensland"}},{"arcs":[[3974,3975,-662,3976,3977]],"type":"Polygon","properties":{"code":"307031185","name":"Southern Downs - East","state":"Queensland"}},{"arcs":[[-3974,3978,3979,3980,-3975,3981,-3977,-661,3982,-3937,-3966]],"type":"Polygon","properties":{"code":"307031186","name":"Southern Downs - West","state":"Queensland"}},{"arcs":[[3983]],"type":"Polygon","properties":{"code":"307031187","name":"Stanthorpe","state":"Queensland"}},{"arcs":[[-3983,-667,-3938],[-3984]],"type":"Polygon","properties":{"code":"307031188","name":"Stanthorpe Surrounds","state":"Queensland"}},{"arcs":[[-3978,-3982]],"type":"Polygon","properties":{"code":"307031189","name":"Warwick","state":"Queensland"}},{"arcs":[[3984,3985,3986,3987,3988]],"type":"Polygon","properties":{"code":"308011190","name":"Central Highlands - East","state":"Queensland"}},{"arcs":[[3989,-3989,3990,-3943,3991,3992,3993],[3994]],"type":"Polygon","properties":{"code":"308011191","name":"Central Highlands - West","state":"Queensland"}},{"arcs":[[-3995]],"type":"Polygon","properties":{"code":"308011192","name":"Emerald","state":"Queensland"}},{"arcs":[[3995,3996,3997,3998,3999]],"type":"Polygon","properties":{"code":"308031205","name":"Berserker","state":"Queensland"}},{"arcs":[[4000,4001,4002,4003,4004,4005,4006,4007,4008]],"type":"Polygon","properties":{"code":"308031206","name":"Bouldercombe","state":"Queensland"}},{"arcs":[[4009,4010,4011]],"type":"Polygon","properties":{"code":"308031207","name":"Emu Park","state":"Queensland"}},{"arcs":[[-4000,4012,4013,4014]],"type":"Polygon","properties":{"code":"308031208","name":"Frenchville - Mount Archer","state":"Queensland"}},{"arcs":[[4015,4016,4017,4018]],"type":"Polygon","properties":{"code":"308031209","name":"Glenlee - Rockyview","state":"Queensland"}},{"arcs":[[4019,-4009,4020]],"type":"Polygon","properties":{"code":"308031210","name":"Gracemere","state":"Queensland"}},{"arcs":[[4021,4022,-3996,-4015]],"type":"Polygon","properties":{"code":"308031211","name":"Lakes Creek","state":"Queensland"}},{"arcs":[[4023,4024,-4007]],"type":"Polygon","properties":{"code":"308031212","name":"Mount Morgan","state":"Queensland"}},{"arcs":[[-4016,4025,4026,-4013,-3999,4027,4028]],"type":"Polygon","properties":{"code":"308031213","name":"Norman Gardens","state":"Queensland"}},{"arcs":[[-4028,-3998,4029,4030,4031]],"type":"Polygon","properties":{"code":"308031214","name":"Park Avenue","state":"Queensland"}},{"arcs":[[-4017,-4029,-4032,4032,4033]],"type":"Polygon","properties":{"code":"308031215","name":"Parkhurst - Kawana","state":"Queensland"}},{"arcs":[[-4033,-4031,4034,4035,4036,-4001,-4020,4037]],"type":"Polygon","properties":{"code":"308031216","name":"Rockhampton - West","state":"Queensland"}},{"arcs":[[-4035,-4030,-3997,-4023,4038,-4002,-4037,4039]],"type":"Polygon","properties":{"code":"308031217","name":"Rockhampton City","state":"Queensland"}},{"arcs":[[4040,-4012,4041,-4003,-4039,-4022,-4014,-4027,4042]],"type":"Polygon","properties":{"code":"308031218","name":"Rockhampton Surrounds - East","state":"Queensland"}},{"arcs":[[[-3986,4043,4044,4045,4046,4047,-4043,-4026,-4019,4048]],[[4049]]],"type":"MultiPolygon","properties":{"code":"308031219","name":"Rockhampton Surrounds - North","state":"Queensland"}},{"arcs":[[-4049,-4018,-4034,-4038,-4021,-4008,-4025,4050,-3987]],"type":"Polygon","properties":{"code":"308031220","name":"Rockhampton Surrounds - West","state":"Queensland"}},{"arcs":[[[-4046,4051]],[[4052]]],"type":"MultiPolygon","properties":{"code":"308031221","name":"Shoalwater Bay","state":"Queensland"}},{"arcs":[[-4040,-4036]],"type":"Polygon","properties":{"code":"308031222","name":"The Range - Allenstown","state":"Queensland"}},{"arcs":[[4053,-4010,-4041,-4048]],"type":"Polygon","properties":{"code":"308031223","name":"Yeppoon","state":"Queensland"}},{"arcs":[[-4051,-4024,-4006,4054,4055,-3926,-3939,-3944,-3991,-3988],[4056]],"type":"Polygon","properties":{"code":"308041528","name":"Banana","state":"Queensland"}},{"arcs":[[-4057]],"type":"Polygon","properties":{"code":"308041529","name":"Biloela","state":"Queensland"}},{"arcs":[[4057,4058,4059,4060,4061]],"type":"Polygon","properties":{"code":"308051530","name":"Agnes Water - Miriam Vale","state":"Queensland"}},{"arcs":[[4062,4063,4064,4065]],"type":"Polygon","properties":{"code":"308051531","name":"Boyne Island - Tannum Sands","state":"Queensland"}},{"arcs":[[4066,4067,4068,4069,4070]],"type":"Polygon","properties":{"code":"308051532","name":"Callemondah","state":"Queensland"}},{"arcs":[[-4070,4071,4072,4073,4074]],"type":"Polygon","properties":{"code":"308051533","name":"Clinton - New Auckland","state":"Queensland"}},{"arcs":[[4075,4076,4077,4078,4079,-4068]],"type":"Polygon","properties":{"code":"308051534","name":"Gladstone","state":"Queensland"}},{"arcs":[[[-4005,4080,-4071,-4075,4081,-4066,4082,-4062,4083,4084,-4055]],[[4085]]],"type":"MultiPolygon","properties":{"code":"308051535","name":"Gladstone Hinterland","state":"Queensland"}},{"arcs":[[4086,-4079,4087,-4073]],"type":"Polygon","properties":{"code":"308051536","name":"Kin Kora - Sun Valley","state":"Queensland"}},{"arcs":[[-4064,4088,-4077,4089]],"type":"Polygon","properties":{"code":"308051537","name":"South Trees","state":"Queensland"}},{"arcs":[[-4088,-4078,-4089,-4063,-4082,-4074]],"type":"Polygon","properties":{"code":"308051538","name":"Telina - Toolooa","state":"Queensland"}},{"arcs":[[-4080,-4087,-4072,-4069]],"type":"Polygon","properties":{"code":"308051539","name":"West Gladstone","state":"Queensland"}},{"arcs":[[4090,4091,4092,4093,4094,4095,4096]],"type":"Polygon","properties":{"code":"309011224","name":"Broadbeach Waters","state":"Queensland"}},{"arcs":[[4097,4098,4099,4100,4101,4102,4103]],"type":"Polygon","properties":{"code":"309011225","name":"Burleigh Heads","state":"Queensland"}},{"arcs":[[4104,4105,4106,-4104,4107]],"type":"Polygon","properties":{"code":"309011226","name":"Burleigh Waters","state":"Queensland"}},{"arcs":[[4108,4109,4110,4111,-4092]],"type":"Polygon","properties":{"code":"309011227","name":"Mermaid Beach - Broadbeach","state":"Queensland"}},{"arcs":[[4112,-4093,-4112,4113,-4106,4114]],"type":"Polygon","properties":{"code":"309011228","name":"Mermaid Waters","state":"Queensland"}},{"arcs":[[-4111,4115,-4098,-4107,-4114]],"type":"Polygon","properties":{"code":"309011229","name":"Miami","state":"Queensland"}},{"arcs":[[-818,4116,4117]],"type":"Polygon","properties":{"code":"309021230","name":"Coolangatta","state":"Queensland"}},{"arcs":[[4118,-4117,-823,4119,4120]],"type":"Polygon","properties":{"code":"309021231","name":"Currumbin - Tugun","state":"Queensland"}},{"arcs":[[4121,-4120,-822,4122,4123]],"type":"Polygon","properties":{"code":"309021232","name":"Currumbin Waters","state":"Queensland"}},{"arcs":[[-4124,4124,4125]],"type":"Polygon","properties":{"code":"309021233","name":"Elanora","state":"Queensland"}},{"arcs":[[-4100,4126,-4121,-4122,-4126]],"type":"Polygon","properties":{"code":"309021234","name":"Palm Beach","state":"Queensland"}},{"arcs":[[4127,4128,4129,4130,4131,4132]],"type":"Polygon","properties":{"code":"309031235","name":"Arundel","state":"Queensland"}},{"arcs":[[4133,4134,4135,-4129,4136]],"type":"Polygon","properties":{"code":"309031236","name":"Biggera Waters","state":"Queensland"}},{"arcs":[[4137,4138,-4137,-4128,4139,4140]],"type":"Polygon","properties":{"code":"309031237","name":"Coombabah","state":"Queensland"}},{"arcs":[[-4136,4141,4142,-4130]],"type":"Polygon","properties":{"code":"309031238","name":"Labrador","state":"Queensland"}},{"arcs":[[4143,-4138,4144]],"type":"Polygon","properties":{"code":"309031239","name":"Paradise Point - Hollywell","state":"Queensland"}},{"arcs":[[-4144,4145,-4134,-4139]],"type":"Polygon","properties":{"code":"309031240","name":"Runaway Bay","state":"Queensland"}},{"arcs":[[4146,4147,4148,4149,4150,4151,-811,4152]],"type":"Polygon","properties":{"code":"309041241","name":"Guanaba - Springbrook","state":"Queensland"}},{"arcs":[[4153,4154,-4153,-816,-800,4155,4156]],"type":"Polygon","properties":{"code":"309041242","name":"Tamborine - Canungra","state":"Queensland"}},{"arcs":[[4157,-4101,-4125,-4123,-821,-812,-4152,4158]],"type":"Polygon","properties":{"code":"309051243","name":"Currumbin Valley - Tallebudgera","state":"Queensland"}},{"arcs":[[4159,4160,4161,4162,4163,-4159,-4151]],"type":"Polygon","properties":{"code":"309051244","name":"Mudgeeraba - Bonogin","state":"Queensland"}},{"arcs":[[4164,-4102,-4158,-4164]],"type":"Polygon","properties":{"code":"309051245","name":"Reedy Creek - Andrews","state":"Queensland"}},{"arcs":[[4165,4166,4167,-4095,4168,4169,4170,4171]],"type":"Polygon","properties":{"code":"309061246","name":"Carrara","state":"Queensland"}},{"arcs":[[-4172,4172,4173]],"type":"Polygon","properties":{"code":"309061247","name":"Highland Park","state":"Queensland"}},{"arcs":[[4174,4175,4176,-4166,-4174,4177,-4149,4178]],"type":"Polygon","properties":{"code":"309061248","name":"Nerang - Mount Nathan","state":"Queensland"}},{"arcs":[[4179,-4132,4180,4181,-4175,4182]],"type":"Polygon","properties":{"code":"309061249","name":"Pacific Pines - Gaven","state":"Queensland"}},{"arcs":[[-4178,-4173,-4171,4183,-4160,-4150]],"type":"Polygon","properties":{"code":"309061250","name":"Worongary - Tallai","state":"Queensland"}},{"arcs":[[4184,4185,4186,4187,4188,4189,4190]],"type":"Polygon","properties":{"code":"309071251","name":"Coomera","state":"Queensland"}},{"arcs":[[-4188,4191,4192,-4140,-4133,-4180,4193]],"type":"Polygon","properties":{"code":"309071252","name":"Helensvale","state":"Queensland"}},{"arcs":[[[4194,-4192,-4187]],[[4195]]],"type":"MultiPolygon","properties":{"code":"309071253","name":"Hope Island","state":"Queensland"}},{"arcs":[[4196,4197,-3421,4198,4199,4200]],"type":"Polygon","properties":{"code":"309071254","name":"Jacobs Well - Alberton","state":"Queensland"}},{"arcs":[[4201,-4194,-4183,-4179,-4148,4202]],"type":"Polygon","properties":{"code":"309071256","name":"Oxenford - Maudsland","state":"Queensland"}},{"arcs":[[4203,-4201,4204,4205,4206]],"type":"Polygon","properties":{"code":"309071552","name":"Ormeau (East) - Stapylton","state":"Queensland"}},{"arcs":[[4207,-4207,4208,4209,4210,4211]],"type":"Polygon","properties":{"code":"309071553","name":"Ormeau (West) - Yatala","state":"Queensland"}},{"arcs":[[-4205,-4200,4212,-4185,4213,4214]],"type":"Polygon","properties":{"code":"309071554","name":"Pimpama - North","state":"Queensland"}},{"arcs":[[-4191,4215,-4214]],"type":"Polygon","properties":{"code":"309071555","name":"Pimpama - South","state":"Queensland"}},{"arcs":[[4216,-4210,4217,4218,-4203,-4147,-4155]],"type":"Polygon","properties":{"code":"309071556","name":"Upper Coomera (South) - Wongawallan","state":"Queensland"}},{"arcs":[[-4189,-4202,-4219,4219]],"type":"Polygon","properties":{"code":"309071557","name":"Upper Coomera - North","state":"Queensland"}},{"arcs":[[-4206,-4215,-4216,-4190,-4220,-4218,-4209]],"type":"Polygon","properties":{"code":"309071558","name":"Willow Vale - Pimpama (West)","state":"Queensland"}},{"arcs":[[-4169,-4094,-4113,4220,4221,4222]],"type":"Polygon","properties":{"code":"309081259","name":"Clear Island Waters","state":"Queensland"}},{"arcs":[[-4223,4223,-4161,-4184,-4170]],"type":"Polygon","properties":{"code":"309081260","name":"Merrimac","state":"Queensland"}},{"arcs":[[-4108,-4103,-4165,4224]],"type":"Polygon","properties":{"code":"309081262","name":"Varsity Lakes","state":"Queensland"}},{"arcs":[[-4221,-4115,-4105,-4225,-4163,4225]],"type":"Polygon","properties":{"code":"309081559","name":"Robina - East","state":"Queensland"}},{"arcs":[[-4224,-4222,-4226,-4162]],"type":"Polygon","properties":{"code":"309081560","name":"Robina - West","state":"Queensland"}},{"arcs":[[4226,4227,4228,4229,-4167,-4177,4230]],"type":"Polygon","properties":{"code":"309091263","name":"Ashmore","state":"Queensland"}},{"arcs":[[4231,4232,-4231,-4176,-4182]],"type":"Polygon","properties":{"code":"309091264","name":"Molendinar","state":"Queensland"}},{"arcs":[[4233,-4232,-4181,-4131]],"type":"Polygon","properties":{"code":"309091265","name":"Parkwood","state":"Queensland"}},{"arcs":[[-4234,-4143,4234,4235,-4227,-4233]],"type":"Polygon","properties":{"code":"309091540","name":"Southport - North","state":"Queensland"}},{"arcs":[[4236,4237,4238,-4228,-4236]],"type":"Polygon","properties":{"code":"309091541","name":"Southport - South","state":"Queensland"}},{"arcs":[[-4230,4239,-4096,-4168]],"type":"Polygon","properties":{"code":"309101267","name":"Benowa","state":"Queensland"}},{"arcs":[[-4229,-4239,4240,-4097,-4240]],"type":"Polygon","properties":{"code":"309101268","name":"Bundall","state":"Queensland"}},{"arcs":[[4241,4242]],"type":"Polygon","properties":{"code":"309101269","name":"Main Beach","state":"Queensland"}},{"arcs":[[-4242,4243,4244,-4238,4245]],"type":"Polygon","properties":{"code":"309101561","name":"Surfers Paradise - North","state":"Queensland"}},{"arcs":[[-4245,4246,-4109,-4091,-4241]],"type":"Polygon","properties":{"code":"309101562","name":"Surfers Paradise - South","state":"Queensland"}},{"arcs":[[4247,4248,-3669,-3665,-3674,4249]],"type":"Polygon","properties":{"code":"310011271","name":"Darra - Sumner","state":"Queensland"}},{"arcs":[[-3640,4250,4251,4252]],"type":"Polygon","properties":{"code":"310011272","name":"Durack","state":"Queensland"}},{"arcs":[[-4248,4253,-4252,4254,4255,4256]],"type":"Polygon","properties":{"code":"310011274","name":"Inala - Richlands","state":"Queensland"}},{"arcs":[[-3673,4257,-3704,-3653,-3641,-4253,-4254,-4250]],"type":"Polygon","properties":{"code":"310011275","name":"Oxley (Qld)","state":"Queensland"}},{"arcs":[[4258,4259,-3670,-4249,-4257,4260,4261,4262]],"type":"Polygon","properties":{"code":"310011276","name":"Wacol","state":"Queensland"}},{"arcs":[[-4251,-3639,4263,-4255]],"type":"Polygon","properties":{"code":"310011563","name":"Doolandella","state":"Queensland"}},{"arcs":[[-4256,-4264,-3646,4264,4265,-4261]],"type":"Polygon","properties":{"code":"310011564","name":"Forest Lake - Ellen Grove","state":"Queensland"}},{"arcs":[[4266,4267,4268,4269,4270,-798,-663,-3976,-3981,4271]],"type":"Polygon","properties":{"code":"310021277","name":"Boonah","state":"Queensland"}},{"arcs":[[4272,4273,4274,4275,4276,4277,4278,-3953,4279]],"type":"Polygon","properties":{"code":"310021278","name":"Esk","state":"Queensland"}},{"arcs":[[-4276,4280,-3723,-3683,4281,4282]],"type":"Polygon","properties":{"code":"310021279","name":"Lake Manchester - England Creek","state":"Queensland"}},{"arcs":[[4283,-4278,4284,4285,-4272,-3980,4286,4287]],"type":"Polygon","properties":{"code":"310021280","name":"Lockyer Valley - East","state":"Queensland"}},{"arcs":[[-4277,-4283,4288,4289,4290,-4285]],"type":"Polygon","properties":{"code":"310021281","name":"Lowood","state":"Queensland"}},{"arcs":[[-4291,4291,4292,4293,4294,4295,-4267,-4286]],"type":"Polygon","properties":{"code":"310021282","name":"Rosewood","state":"Queensland"}},{"arcs":[[4296,4297,4298,4299]],"type":"Polygon","properties":{"code":"310031283","name":"Brassall","state":"Queensland"}},{"arcs":[[4300,4301,4302,4303,4304,4305,4306]],"type":"Polygon","properties":{"code":"310031284","name":"Bundamba","state":"Queensland"}},{"arcs":[[4307,4308,4309,-4294,4310]],"type":"Polygon","properties":{"code":"310031285","name":"Churchill - Yamanto","state":"Queensland"}},{"arcs":[[4311,4312,4313,-4308,4314,-4299]],"type":"Polygon","properties":{"code":"310031286","name":"Ipswich - Central","state":"Queensland"}},{"arcs":[[4315,-4305,4316,-4313]],"type":"Polygon","properties":{"code":"310031287","name":"Ipswich - East","state":"Queensland"}},{"arcs":[[-4290,4317,4318,4319,-4297,4320,-4292]],"type":"Polygon","properties":{"code":"310031288","name":"Ipswich - North","state":"Queensland"}},{"arcs":[[4321,-3699,-3680,4322,-4307,4323,-4319]],"type":"Polygon","properties":{"code":"310031289","name":"Karalee - Barellan Point","state":"Queensland"}},{"arcs":[[-4289,-4282,-3682,-3700,-4322,-4318]],"type":"Polygon","properties":{"code":"310031290","name":"Karana Downs","state":"Queensland"}},{"arcs":[[-4321,-4300,-4315,-4311,-4293]],"type":"Polygon","properties":{"code":"310031291","name":"Leichhardt - One Mile","state":"Queensland"}},{"arcs":[[-4320,-4324,-4306,-4316,-4312,-4298]],"type":"Polygon","properties":{"code":"310031292","name":"North Ipswich - Tivoli","state":"Queensland"}},{"arcs":[[-4317,-4304,4324,-4309,-4314]],"type":"Polygon","properties":{"code":"310031293","name":"Raceview","state":"Queensland"}},{"arcs":[[-4303,4325,4326,4327,4328,-4295,-4310,-4325]],"type":"Polygon","properties":{"code":"310031294","name":"Ripley","state":"Queensland"}},{"arcs":[[-4323,-3679,4329,4330,-4301]],"type":"Polygon","properties":{"code":"310031295","name":"Riverview","state":"Queensland"}},{"arcs":[[-4263,4331,4332,4333,4334,4335]],"type":"Polygon","properties":{"code":"310041297","name":"Camira - Gailes","state":"Queensland"}},{"arcs":[[-4262,-4266,4336,-4332]],"type":"Polygon","properties":{"code":"310041298","name":"Carole Park","state":"Queensland"}},{"arcs":[[-3678,4337,4338,4339,-4330]],"type":"Polygon","properties":{"code":"310041299","name":"Collingwood Park - Redbank","state":"Queensland"}},{"arcs":[[-3677,4340,-4259,-4336,4341,-4338]],"type":"Polygon","properties":{"code":"310041300","name":"Goodna","state":"Queensland"}},{"arcs":[[-4331,-4340,4342,-4326,-4302]],"type":"Polygon","properties":{"code":"310041301","name":"New Chum","state":"Queensland"}},{"arcs":[[-4343,-4339,4343,4344,4345,-4327]],"type":"Polygon","properties":{"code":"310041302","name":"Redbank Plains","state":"Queensland"}},{"arcs":[[4346,4347,4348,-4334]],"type":"Polygon","properties":{"code":"310041303","name":"Springfield","state":"Queensland"}},{"arcs":[[-4347,4349,4350,4351,-4328,-4346,4352]],"type":"Polygon","properties":{"code":"310041304","name":"Springfield Lakes","state":"Queensland"}},{"arcs":[[-4348,-4353,-4345,4353]],"type":"Polygon","properties":{"code":"310041565","name":"Augustine Heights - Brookwater","state":"Queensland"}},{"arcs":[[-4342,-4335,-4349,-4354,-4344]],"type":"Polygon","properties":{"code":"310041566","name":"Bellbird Park","state":"Queensland"}},{"arcs":[[4354,-4156,-799,-4271]],"type":"Polygon","properties":{"code":"311011305","name":"Beaudesert","state":"Queensland"}},{"arcs":[[4355,4356,4357,4358,4359]],"type":"Polygon","properties":{"code":"311021306","name":"Beenleigh","state":"Queensland"}},{"arcs":[[4360,-4197,-4204,4361,-4357,4362]],"type":"Polygon","properties":{"code":"311021307","name":"Eagleby","state":"Queensland"}},{"arcs":[[4363,-4360,4364,4365]],"type":"Polygon","properties":{"code":"311021308","name":"Edens Landing - Holmview","state":"Queensland"}},{"arcs":[[-4362,-4208,4366,-4358]],"type":"Polygon","properties":{"code":"311021309","name":"Mount Warren Park","state":"Queensland"}},{"arcs":[[4367,-4365,-4359,-4367,-4212,4368,4369]],"type":"Polygon","properties":{"code":"311021310","name":"Wolffdene - Bahrs Scrub","state":"Queensland"}},{"arcs":[[4370,4371,4372,4373,4374,4375,4376]],"type":"Polygon","properties":{"code":"311031311","name":"Boronia Heights - Park Ridge","state":"Queensland"}},{"arcs":[[4377,4378,4379,4380,4381,-3647,-3637,4382]],"type":"Polygon","properties":{"code":"311031312","name":"Browns Plains","state":"Queensland"}},{"arcs":[[4383,4384,4385,4386,4387,-4374]],"type":"Polygon","properties":{"code":"311031313","name":"Chambers Flat - Logan Reserve","state":"Queensland"}},{"arcs":[[-4380,4388,4389,-4384,-4373,4390]],"type":"Polygon","properties":{"code":"311031314","name":"Crestmead","state":"Queensland"}},{"arcs":[[4391,-4350,-4333,-4337,-4265,-3645,4392,-4377]],"type":"Polygon","properties":{"code":"311031315","name":"Greenbank Military Camp","state":"Queensland"}},{"arcs":[[-3644,-3648,-4382,4393,-4371,-4393]],"type":"Polygon","properties":{"code":"311031316","name":"Hillcrest","state":"Queensland"}},{"arcs":[[4394,4395,4396,-4389,-4379]],"type":"Polygon","properties":{"code":"311031317","name":"Marsden","state":"Queensland"}},{"arcs":[[-4375,-4388,4397,4398]],"type":"Polygon","properties":{"code":"311031318","name":"Munruben - Park Ridge South","state":"Queensland"}},{"arcs":[[-4381,-4391,-4372,-4394]],"type":"Polygon","properties":{"code":"311031319","name":"Regents Park - Heritage Park","state":"Queensland"}},{"arcs":[[4399,-4370,4400,4401,4402,-4398,-4387]],"type":"Polygon","properties":{"code":"311041322","name":"Logan Village","state":"Queensland"}},{"arcs":[[4403,4404,-4269,4405]],"type":"Polygon","properties":{"code":"311041567","name":"Flagstone (East) - Riverbend","state":"Queensland"}},{"arcs":[[-4352,4406,-4406,-4268,-4296,-4329]],"type":"Polygon","properties":{"code":"311041568","name":"Flagstone (West) - New Beith","state":"Queensland"}},{"arcs":[[-4351,-4392,-4376,-4399,-4403,4407,-4404,-4407]],"type":"Polygon","properties":{"code":"311041569","name":"Greenbank - North Maclean","state":"Queensland"}},{"arcs":[[-4408,-4402,4408,-4157,-4355,-4270,-4405]],"type":"Polygon","properties":{"code":"311041570","name":"Jimboomba - Glenlogan","state":"Queensland"}},{"arcs":[[-4369,-4211,-4217,-4154,-4409,-4401]],"type":"Polygon","properties":{"code":"311041571","name":"Yarrabilba","state":"Queensland"}},{"arcs":[[4409,-4366,-4368,-4400,-4386,4410,4411]],"type":"Polygon","properties":{"code":"311051323","name":"Bethania - Waterford","state":"Queensland"}},{"arcs":[[-3427,-3422,-4198,-4361,4412,4413]],"type":"Polygon","properties":{"code":"311051324","name":"Cornubia - Carbrook","state":"Queensland"}},{"arcs":[[4414,4415,-4413,-4363,-4356,-4364,-4410,4416]],"type":"Polygon","properties":{"code":"311051325","name":"Loganholme - Tanah Merah","state":"Queensland"}},{"arcs":[[4417,-4417,-4412,4418,-4396,4419]],"type":"Polygon","properties":{"code":"311051326","name":"Loganlea","state":"Queensland"}},{"arcs":[[-3428,-4414,-4416,4420,4421]],"type":"Polygon","properties":{"code":"311051327","name":"Shailer Park","state":"Queensland"}},{"arcs":[[-4419,-4411,-4385,-4390,-4397]],"type":"Polygon","properties":{"code":"311051328","name":"Waterford West","state":"Queensland"}},{"arcs":[[4422,-3429,-4422,4423,4424]],"type":"Polygon","properties":{"code":"311061329","name":"Daisy Hill","state":"Queensland"}},{"arcs":[[4425,-4420,-4395,-4378,4426]],"type":"Polygon","properties":{"code":"311061330","name":"Kingston (Qld)","state":"Queensland"}},{"arcs":[[4427,-4427,-4383,-3636,4428]],"type":"Polygon","properties":{"code":"311061331","name":"Logan Central","state":"Queensland"}},{"arcs":[[-3430,-4423,4429,4430,-3613]],"type":"Polygon","properties":{"code":"311061332","name":"Rochedale South - Priestdale","state":"Queensland"}},{"arcs":[[4431,4432,-4424,-4421,-4415,-4418,-4426,-4428,4433]],"type":"Polygon","properties":{"code":"311061333","name":"Slacks Creek","state":"Queensland"}},{"arcs":[[-4425,-4433,4434,-4430]],"type":"Polygon","properties":{"code":"311061334","name":"Springwood","state":"Queensland"}},{"arcs":[[-3598,-4431,-4435,-4432,4435,-3654]],"type":"Polygon","properties":{"code":"311061335","name":"Underwood","state":"Queensland"}},{"arcs":[[-3655,-4436,-4434,-4429,-3635]],"type":"Polygon","properties":{"code":"311061336","name":"Woodridge","state":"Queensland"}},{"arcs":[[4436,4437]],"type":"Polygon","properties":{"code":"312011337","name":"Bowen","state":"Queensland"}},{"arcs":[[4438,4439,4440,4441,4442,4443,4444,-4044,-3985,-3990,4445,4446]],"type":"Polygon","properties":{"code":"312011338","name":"Broadsound - Nebo","state":"Queensland"}},{"arcs":[[4447,4448,-4439,4449,-4446,-3994,4450]],"type":"Polygon","properties":{"code":"312011339","name":"Clermont","state":"Queensland"}},{"arcs":[[4451,-4438,4452,4453,4454,4455,-4440,-4449,4456,4457]],"type":"Polygon","properties":{"code":"312011340","name":"Collinsville","state":"Queensland"}},{"arcs":[[-4447,-4450]],"type":"Polygon","properties":{"code":"312011341","name":"Moranbah","state":"Queensland"}},{"arcs":[[4458,4459,4460,4461,4462]],"type":"Polygon","properties":{"code":"312021342","name":"Andergrove - Beaconsfield","state":"Queensland"}},{"arcs":[[4463,4464,4465,4466]],"type":"Polygon","properties":{"code":"312021343","name":"East Mackay","state":"Queensland"}},{"arcs":[[4467,4468,-4459,4469,4470,4471]],"type":"Polygon","properties":{"code":"312021344","name":"Eimeo - Rural View","state":"Queensland"}},{"arcs":[[-4456,4472,4473,-4441]],"type":"Polygon","properties":{"code":"312021345","name":"Eungella Hinterland","state":"Queensland"}},{"arcs":[[4474,-4464,4475,4476]],"type":"Polygon","properties":{"code":"312021346","name":"Mackay","state":"Queensland"}},{"arcs":[[-4461,4477,4478,4479]],"type":"Polygon","properties":{"code":"312021347","name":"Mackay Harbour","state":"Queensland"}},{"arcs":[[-4470,-4463,4480,4481,4482,4483,4484]],"type":"Polygon","properties":{"code":"312021348","name":"Mount Pleasant - Glenella","state":"Queensland"}},{"arcs":[[-4462,-4480,4485,-4481]],"type":"Polygon","properties":{"code":"312021349","name":"North Mackay","state":"Queensland"}},{"arcs":[[-4483,4486,4487,4488,-4466,4489,4490]],"type":"Polygon","properties":{"code":"312021350","name":"Ooralea - Bakers Creek","state":"Queensland"}},{"arcs":[[4491,4492,-4442,-4474]],"type":"Polygon","properties":{"code":"312021351","name":"Pioneer Valley","state":"Queensland"}},{"arcs":[[4493,-4444,4494]],"type":"Polygon","properties":{"code":"312021352","name":"Sarina","state":"Queensland"}},{"arcs":[[4495,-4471,-4485,4496,-4492,-4473,-4455,4497,4498]],"type":"Polygon","properties":{"code":"312021353","name":"Seaforth - Calen","state":"Queensland"}},{"arcs":[[4499,-4472,-4496]],"type":"Polygon","properties":{"code":"312021354","name":"Shoal Point - Bucasia","state":"Queensland"}},{"arcs":[[-4478,-4460,-4469,4500]],"type":"Polygon","properties":{"code":"312021355","name":"Slade Point","state":"Queensland"}},{"arcs":[[-4476,-4467,-4489,4501]],"type":"Polygon","properties":{"code":"312021356","name":"South Mackay","state":"Queensland"}},{"arcs":[[-4497,-4484,-4491,4502,-4495,-4443,-4493]],"type":"Polygon","properties":{"code":"312021357","name":"Walkerston - Eton","state":"Queensland"}},{"arcs":[[4503,-4477,-4502,-4488]],"type":"Polygon","properties":{"code":"312021358","name":"West Mackay","state":"Queensland"}},{"arcs":[[[4504]],[[4505,4506,4507]]],"type":"MultiPolygon","properties":{"code":"312031359","name":"Airlie - Whitsundays","state":"Queensland"}},{"arcs":[[-4506,4508,4509]],"type":"Polygon","properties":{"code":"312031360","name":"Cape Conway","state":"Queensland"}},{"arcs":[[4510,-4507,-4510,4511,-4498,-4454]],"type":"Polygon","properties":{"code":"312031361","name":"Proserpine","state":"Queensland"}},{"arcs":[[4512,4513,4514,4515]],"type":"Polygon","properties":{"code":"313011362","name":"Beachmere - Sandstone Point","state":"Queensland"}},{"arcs":[[4516]],"type":"Polygon","properties":{"code":"313011363","name":"Bribie Island","state":"Queensland"}},{"arcs":[[4517,4518,-4515,4519,4520,4521]],"type":"Polygon","properties":{"code":"313021364","name":"Burpengary - East","state":"Queensland"}},{"arcs":[[4522,4523,4524,4525,4526]],"type":"Polygon","properties":{"code":"313021366","name":"Caboolture - South","state":"Queensland"}},{"arcs":[[4527,4528,-4513,4529,4530,4531]],"type":"Polygon","properties":{"code":"313021367","name":"Elimbah","state":"Queensland"}},{"arcs":[[4532,-4518,4533,-4525]],"type":"Polygon","properties":{"code":"313021368","name":"Morayfield - East","state":"Queensland"}},{"arcs":[[-4532,4534,-4523,4535,4536]],"type":"Polygon","properties":{"code":"313021369","name":"Wamuran","state":"Queensland"}},{"arcs":[[-4530,-4516,-4519,-4533,4537]],"type":"Polygon","properties":{"code":"313021572","name":"Caboolture - East","state":"Queensland"}},{"arcs":[[-4531,-4538,-4524,-4535]],"type":"Polygon","properties":{"code":"313021573","name":"Caboolture - West","state":"Queensland"}},{"arcs":[[4538,4539,4540,4541,4542,4543,-4280,-3952]],"type":"Polygon","properties":{"code":"313031370","name":"Kilcoy","state":"Queensland"}},{"arcs":[[4544,4545,4546,-4528,-4537,4547,4548,-4273,-4544]],"type":"Polygon","properties":{"code":"313031371","name":"Woodford - D'Aguilar","state":"Queensland"}},{"arcs":[[-4534,-4522,4549,4550,4551]],"type":"Polygon","properties":{"code":"313041372","name":"Burpengary","state":"Queensland"}},{"arcs":[[-4550,-4521,4552,4553,4554,4555]],"type":"Polygon","properties":{"code":"313041373","name":"Deception Bay","state":"Queensland"}},{"arcs":[[-4526,-4552,4556,4557]],"type":"Polygon","properties":{"code":"313041374","name":"Morayfield","state":"Queensland"}},{"arcs":[[4558,-4557,-4551,-4556,4559,4560]],"type":"Polygon","properties":{"code":"313041375","name":"Narangba","state":"Queensland"}},{"arcs":[[-4527,-4558,-4559,4561,-4548,-4536]],"type":"Polygon","properties":{"code":"313041376","name":"Upper Caboolture","state":"Queensland"}},{"arcs":[[4562,4563,4564]],"type":"Polygon","properties":{"code":"313051377","name":"Clontarf","state":"Queensland"}},{"arcs":[[4565,4566,4567,-4564]],"type":"Polygon","properties":{"code":"313051378","name":"Margate - Woody Point","state":"Queensland"}},{"arcs":[[4568,4569,-4567,4570]],"type":"Polygon","properties":{"code":"313051379","name":"Redcliffe","state":"Queensland"}},{"arcs":[[-4571,-4566,-4563,4571,4572,4573,-4554,4574,4575]],"type":"Polygon","properties":{"code":"313051380","name":"Rothwell - Kippa-Ring","state":"Queensland"}},{"arcs":[[4576]],"type":"Polygon","properties":{"code":"313051574","name":"Moreton Island","state":"Queensland"}},{"arcs":[[-4569,-4576,4577]],"type":"Polygon","properties":{"code":"313051575","name":"Scarborough - Newport","state":"Queensland"}},{"arcs":[[4578,-3472,-3482,4579,4580]],"type":"Polygon","properties":{"code":"314011382","name":"Albany Creek","state":"Queensland"}},{"arcs":[[4581,4582,4583,4584,4585,4586]],"type":"Polygon","properties":{"code":"314011383","name":"Cashmere","state":"Queensland"}},{"arcs":[[-4549,-4562,-4561,4587,4588,4589,4590,-4582,4591,-4274]],"type":"Polygon","properties":{"code":"314011384","name":"Dayboro","state":"Queensland"}},{"arcs":[[4592,-4581,4593,4594,-4586]],"type":"Polygon","properties":{"code":"314011385","name":"Eatons Hill","state":"Queensland"}},{"arcs":[[-4594,-4580,-3486,-3481,-3729,-3725,-3737,4595]],"type":"Polygon","properties":{"code":"314011386","name":"The Hills District","state":"Queensland"}},{"arcs":[[-4587,-4595,-4596,-3736,-3724,-4281,-4275,-4592]],"type":"Polygon","properties":{"code":"314011387","name":"Samford Valley","state":"Queensland"}},{"arcs":[[4596,4597,-3540,-3461,4598,4599]],"type":"Polygon","properties":{"code":"314021389","name":"Murrumba Downs - Griffin","state":"Queensland"}},{"arcs":[[-4588,-4560,4600,4601]],"type":"Polygon","properties":{"code":"314021576","name":"Dakabin","state":"Queensland"}},{"arcs":[[-4602,4602,-4600,4603,4604,-4589]],"type":"Polygon","properties":{"code":"314021577","name":"Kallangur","state":"Queensland"}},{"arcs":[[-4573,4605,-4597,4606]],"type":"Polygon","properties":{"code":"314021578","name":"Mango Hill","state":"Queensland"}},{"arcs":[[-4555,-4574,-4607,-4603,-4601]],"type":"Polygon","properties":{"code":"314021579","name":"North Lakes","state":"Queensland"}},{"arcs":[[4607,4608,-4584]],"type":"Polygon","properties":{"code":"314031391","name":"Bray Park","state":"Queensland"}},{"arcs":[[-4591,4609,-4604,-4599,-3460,4610,-4608,-4583]],"type":"Polygon","properties":{"code":"314031392","name":"Lawnton","state":"Queensland"}},{"arcs":[[-4605,-4610,-4590]],"type":"Polygon","properties":{"code":"314031393","name":"Petrie","state":"Queensland"}},{"arcs":[[-4611,-3467,-3468,-4579,-4593,-4585,-4609]],"type":"Polygon","properties":{"code":"314031394","name":"Strathpine - Brendale","state":"Queensland"}},{"arcs":[[[4611,4612,4613]],[[4614,4615]]],"type":"MultiPolygon","properties":{"code":"315011395","name":"Aurukun","state":"Queensland"}},{"arcs":[[-3905,4616,4617,4618,-4614,4619,-4616,4620,4621,4622,4623,4624,4625]],"type":"Polygon","properties":{"code":"315011396","name":"Cape York","state":"Queensland"}},{"arcs":[[4626,-3915,4627,4628,4629]],"type":"Polygon","properties":{"code":"315011397","name":"Croydon - Etheridge","state":"Queensland"}},{"arcs":[[-4612,-4619,4630,4631]],"type":"Polygon","properties":{"code":"315011398","name":"Kowanyama - Pormpuraaw","state":"Queensland"}},{"arcs":[[[4632,4633,-4624,4634,4635,4636]],[[4637,4638]]],"type":"MultiPolygon","properties":{"code":"315011399","name":"Northern Peninsula","state":"Queensland"}},{"arcs":[[-4617,-3904,-3907,-3918,-3921,-3911,-3920,-3916,-4627,4639]],"type":"Polygon","properties":{"code":"315011400","name":"Tablelands","state":"Queensland"}},{"arcs":[[[4640,-4638,4641,-4625,-4634]],[[-4636,4642]],[[4643]],[[4644]]],"type":"MultiPolygon","properties":{"code":"315011401","name":"Torres","state":"Queensland"}},{"arcs":[[[4645]],[[4646]],[[4647]],[[4648]]],"type":"MultiPolygon","properties":{"code":"315011402","name":"Torres Strait Islands","state":"Queensland"}},{"arcs":[[-4622,4649]],"type":"Polygon","properties":{"code":"315011403","name":"Weipa","state":"Queensland"}},{"arcs":[[[-4631,-4618,-4640,-4630,4650,4651,4652,4653,4654]],[[4655]],[[4656]]],"type":"MultiPolygon","properties":{"code":"315021404","name":"Carpentaria","state":"Queensland"}},{"arcs":[[4657]],"type":"Polygon","properties":{"code":"315021405","name":"Mount Isa","state":"Queensland"}},{"arcs":[[4658,-4652,4659,4660],[-4658]],"type":"Polygon","properties":{"code":"315021406","name":"Mount Isa Surrounds","state":"Queensland"}},{"arcs":[[-4651,-4629,4661,4662,4663,-4660]],"type":"Polygon","properties":{"code":"315021407","name":"Northern Highlands","state":"Queensland"}},{"arcs":[[4664,-4663,4665,-4451,-3993,4666,4667,4668]],"type":"Polygon","properties":{"code":"315031408","name":"Barcaldine - Blackall","state":"Queensland"}},{"arcs":[[-4667,-3992,-3947,4669]],"type":"Polygon","properties":{"code":"315031409","name":"Charleville","state":"Queensland"}},{"arcs":[[4670,-4661,-4664,-4665,4671,4672,4673,4674,4675]],"type":"Polygon","properties":{"code":"315031410","name":"Far Central West","state":"Queensland"}},{"arcs":[[4676,-4668,-4670,-3946,-3924,-309,-330,4677,-4673]],"type":"Polygon","properties":{"code":"315031411","name":"Far South West","state":"Queensland"}},{"arcs":[[-4669,-4677,-4672]],"type":"Polygon","properties":{"code":"315031412","name":"Longreach","state":"Queensland"}},{"arcs":[[4678,4679,4680,4681,4682,4683]],"type":"Polygon","properties":{"code":"316011413","name":"Buderim - North","state":"Queensland"}},{"arcs":[[4684,4685,4686,4687,4688,-4681]],"type":"Polygon","properties":{"code":"316011414","name":"Buderim - South","state":"Queensland"}},{"arcs":[[4689,4690,4691,-4686]],"type":"Polygon","properties":{"code":"316011415","name":"Mountain Creek","state":"Queensland"}},{"arcs":[[-4692,4692,4693,4694,-4687]],"type":"Polygon","properties":{"code":"316011416","name":"Sippy Downs","state":"Queensland"}},{"arcs":[[4695,4696,4697,4698,4699]],"type":"Polygon","properties":{"code":"316021417","name":"Aroona - Currimundi","state":"Queensland"}},{"arcs":[[4700,4701,4702]],"type":"Polygon","properties":{"code":"316021418","name":"Buddina - Minyama","state":"Queensland"}},{"arcs":[[4703,4704,4705,4706,-4699]],"type":"Polygon","properties":{"code":"316021419","name":"Caloundra - Kings Beach","state":"Queensland"}},{"arcs":[[4707,-4706,4708,4709,4710]],"type":"Polygon","properties":{"code":"316021421","name":"Golden Beach - Pelican Waters","state":"Queensland"}},{"arcs":[[4711,-4704,-4698]],"type":"Polygon","properties":{"code":"316021422","name":"Moffat Beach - Battery Hill","state":"Queensland"}},{"arcs":[[-4702,4712,4713,4714,-4693,-4691]],"type":"Polygon","properties":{"code":"316021423","name":"Parrearra - Warana","state":"Queensland"}},{"arcs":[[4715,-4696,4716,-4714]],"type":"Polygon","properties":{"code":"316021424","name":"Wurtulla - Birtinya","state":"Queensland"}},{"arcs":[[4717,-4711,4718,4719]],"type":"Polygon","properties":{"code":"316021580","name":"Caloundra West - Baringa","state":"Queensland"}},{"arcs":[[4720,-4694,-4715,-4717,-4700,-4707,-4708,-4718]],"type":"Polygon","properties":{"code":"316021581","name":"Meridan Plains - Little Mountain (North)","state":"Queensland"}},{"arcs":[[4721,4722,4723,4724,4725]],"type":"Polygon","properties":{"code":"316031425","name":"Coolum Beach","state":"Queensland"}},{"arcs":[[4726,-4725,4727,4728,4729,4730]],"type":"Polygon","properties":{"code":"316031426","name":"Marcoola - Mudjimba","state":"Queensland"}},{"arcs":[[-4729,4731,4732,-4679,4733]],"type":"Polygon","properties":{"code":"316031427","name":"Maroochydore - Kuluin","state":"Queensland"}},{"arcs":[[-4680,-4733,4734,-4703,-4690,-4685]],"type":"Polygon","properties":{"code":"316031428","name":"Mooloolaba - Alexandra Headland","state":"Queensland"}},{"arcs":[[4735,4736,4737,4738]],"type":"Polygon","properties":{"code":"316051434","name":"Noosa Heads","state":"Queensland"}},{"arcs":[[4739,-4738,4740,4741,4742,4743]],"type":"Polygon","properties":{"code":"316051435","name":"Noosaville","state":"Queensland"}},{"arcs":[[4744,4745,-4741,-4737]],"type":"Polygon","properties":{"code":"316051437","name":"Sunshine Beach","state":"Queensland"}},{"arcs":[[-4744,4746]],"type":"Polygon","properties":{"code":"316051438","name":"Tewantin","state":"Queensland"}},{"arcs":[[-4742,-4746,4747,-4723,4748,4749]],"type":"Polygon","properties":{"code":"316051543","name":"Peregian Beach - Marcus Beach","state":"Queensland"}},{"arcs":[[4750,-4749,-4722,4751]],"type":"Polygon","properties":{"code":"316051544","name":"Peregian Springs","state":"Queensland"}},{"arcs":[[4752,-4719,-4710,4753,4754,-4546,4755]],"type":"Polygon","properties":{"code":"316061439","name":"Beerwah","state":"Queensland"}},{"arcs":[[4756,4757,-4756,-4545,-4543,4758]],"type":"Polygon","properties":{"code":"316061440","name":"Caloundra Hinterland","state":"Queensland"}},{"arcs":[[4759,-4529,-4547,-4755]],"type":"Polygon","properties":{"code":"316061441","name":"Glass House Mountains","state":"Queensland"}},{"arcs":[[4760,-4688,-4695,-4721,-4720,-4753,-4758]],"type":"Polygon","properties":{"code":"316061442","name":"Landsborough","state":"Queensland"}},{"arcs":[[4761,4762,4763,4764,-4759,-4542,4765]],"type":"Polygon","properties":{"code":"316061443","name":"Maroochy Hinterland","state":"Queensland"}},{"arcs":[[-4765,4766,-4682,-4689,-4761,-4757]],"type":"Polygon","properties":{"code":"316061444","name":"Palmwoods","state":"Queensland"}},{"arcs":[[4767,-4731,4768,4769]],"type":"Polygon","properties":{"code":"316071545","name":"Bli Bli","state":"Queensland"}},{"arcs":[[-4769,-4730,-4734,-4684,4770]],"type":"Polygon","properties":{"code":"316071546","name":"Diddillibah - Rosemount","state":"Queensland"}},{"arcs":[[-4752,-4726,-4727,-4768,4771,-4763,4772]],"type":"Polygon","properties":{"code":"316071547","name":"Eumundi - Yandina","state":"Queensland"}},{"arcs":[[-4772,-4770,-4771,-4683,-4767,-4764]],"type":"Polygon","properties":{"code":"316071548","name":"Nambour","state":"Queensland"}},{"arcs":[[4773,4774,-4739,-4740,-4747,-4743,-4750,-4751,-4773,-4762,4775]],"type":"Polygon","properties":{"code":"316081549","name":"Noosa Hinterland","state":"Queensland"}},{"arcs":[[4776,4777,4778,-3972,-3968,4779]],"type":"Polygon","properties":{"code":"317011445","name":"Cambooya - Wyreema","state":"Queensland"}},{"arcs":[[4780,4781,4782,-4778,4783]],"type":"Polygon","properties":{"code":"317011446","name":"Darling Heights","state":"Queensland"}},{"arcs":[[4784,4785,-4784,-4777,4786]],"type":"Polygon","properties":{"code":"317011447","name":"Drayton - Harristown","state":"Queensland"}},{"arcs":[[4787,-4288]],"type":"Polygon","properties":{"code":"317011448","name":"Gatton","state":"Queensland"}},{"arcs":[[-3956,4788,4789,4790,-3958]],"type":"Polygon","properties":{"code":"317011449","name":"Gowrie (Qld)","state":"Queensland"}},{"arcs":[[-3955,4791,4792,4793,-4789]],"type":"Polygon","properties":{"code":"317011450","name":"Highfields","state":"Queensland"}},{"arcs":[[-3954,-4279,-4284,-4788,-4287,-3979,-3973,-4779,-4783,4794,4795,4796,4797,-4792]],"type":"Polygon","properties":{"code":"317011451","name":"Lockyer Valley - West","state":"Queensland"}},{"arcs":[[-4795,-4782,4798,4799]],"type":"Polygon","properties":{"code":"317011452","name":"Middle Ridge","state":"Queensland"}},{"arcs":[[4800,4801,-4785,4802,4803]],"type":"Polygon","properties":{"code":"317011453","name":"Newtown (Qld)","state":"Queensland"}},{"arcs":[[-4793,-4798,4804,4805,-4801,4806]],"type":"Polygon","properties":{"code":"317011454","name":"North Toowoomba - Harlaxton","state":"Queensland"}},{"arcs":[[4807,-4796,-4800,4808]],"type":"Polygon","properties":{"code":"317011455","name":"Rangeville","state":"Queensland"}},{"arcs":[[-4806,4809,-4809,-4799,-4781,-4786,-4802]],"type":"Polygon","properties":{"code":"317011456","name":"Toowoomba - Central","state":"Queensland"}},{"arcs":[[-4797,-4808,-4810,-4805]],"type":"Polygon","properties":{"code":"317011457","name":"Toowoomba - East","state":"Queensland"}},{"arcs":[[-4791,4810,-4803,-4787,-4780,-3967,-3959]],"type":"Polygon","properties":{"code":"317011458","name":"Toowoomba - West","state":"Queensland"}},{"arcs":[[-4790,-4794,-4807,-4804,-4811]],"type":"Polygon","properties":{"code":"317011459","name":"Wilsonton","state":"Queensland"}},{"arcs":[[4811]],"type":"Polygon","properties":{"code":"318011460","name":"Ayr","state":"Queensland"}},{"arcs":[[4812,-4458,4813,4814],[-4812]],"type":"Polygon","properties":{"code":"318011461","name":"Burdekin","state":"Queensland"}},{"arcs":[[4815]],"type":"Polygon","properties":{"code":"318011462","name":"Charters Towers","state":"Queensland"}},{"arcs":[[-3914,4816,4817,4818,-4814,-4457,-4448,-4666,-4662,-4628],[-4816]],"type":"Polygon","properties":{"code":"318011463","name":"Dalrymple","state":"Queensland"}},{"arcs":[[4819]],"type":"Polygon","properties":{"code":"318011464","name":"Ingham","state":"Queensland"}},{"arcs":[[4820,4821,-4817,-3913,-3897],[-4820]],"type":"Polygon","properties":{"code":"318011465","name":"Ingham Surrounds","state":"Queensland"}},{"arcs":[[4822]],"type":"Polygon","properties":{"code":"318011466","name":"Palm Island","state":"Queensland"}},{"arcs":[[4823,4824,4825,4826]],"type":"Polygon","properties":{"code":"318021467","name":"Aitkenvale","state":"Queensland"}},{"arcs":[[4827,4828,4829,4830,-4825,4831]],"type":"Polygon","properties":{"code":"318021468","name":"Annandale (Qld)","state":"Queensland"}},{"arcs":[[4832,4833,4834,4835,4836]],"type":"Polygon","properties":{"code":"318021469","name":"Belgian Gardens - Pallarenda","state":"Queensland"}},{"arcs":[[4837,4838,4839,4840,4841,4842,4843,4844]],"type":"Polygon","properties":{"code":"318021470","name":"Bohle Plains","state":"Queensland"}},{"arcs":[[4845,4846,4847,4848,4849,-4842]],"type":"Polygon","properties":{"code":"318021471","name":"Condon - Rasmussen","state":"Queensland"}},{"arcs":[[-4826,4850,-4848,4851,4852]],"type":"Polygon","properties":{"code":"318021472","name":"Cranbrook","state":"Queensland"}},{"arcs":[[-4851,-4831,4853,4854,4855,-4849]],"type":"Polygon","properties":{"code":"318021474","name":"Douglas","state":"Queensland"}},{"arcs":[[-4837,4856,4857,4858,4859,4860,4861,4862]],"type":"Polygon","properties":{"code":"318021475","name":"Garbutt - West End","state":"Queensland"}},{"arcs":[[4863,4864,-4827,4865,-4861]],"type":"Polygon","properties":{"code":"318021476","name":"Gulliver - Currajong - Vincent","state":"Queensland"}},{"arcs":[[4866,-4862,-4866,-4853,4867]],"type":"Polygon","properties":{"code":"318021477","name":"Heatley","state":"Queensland"}},{"arcs":[[-4859,4868,4869,-4828,4870,4871]],"type":"Polygon","properties":{"code":"318021478","name":"Hermit Park - Rosslea","state":"Queensland"}},{"arcs":[[-4860,-4872,4872,-4864]],"type":"Polygon","properties":{"code":"318021479","name":"Hyde Park - Pimlico","state":"Queensland"}},{"arcs":[[-4856,4873,-4843,-4850]],"type":"Polygon","properties":{"code":"318021480","name":"Kelso","state":"Queensland"}},{"arcs":[[4874,-4868,-4852,-4847,4875]],"type":"Polygon","properties":{"code":"318021481","name":"Kirwan - East","state":"Queensland"}},{"arcs":[[4876,-4876,-4846,-4841]],"type":"Polygon","properties":{"code":"318021482","name":"Kirwan - West","state":"Queensland"}},{"arcs":[[4877]],"type":"Polygon","properties":{"code":"318021483","name":"Magnetic Island","state":"Queensland"}},{"arcs":[[4878,-4833,-4863,-4867,-4875,-4877,-4840]],"type":"Polygon","properties":{"code":"318021484","name":"Mount Louisa","state":"Queensland"}},{"arcs":[[-4865,-4873,-4871,-4832,-4824]],"type":"Polygon","properties":{"code":"318021485","name":"Mundingburra","state":"Queensland"}},{"arcs":[[-4822,4879,4880,4881,-4845,4882,-4818]],"type":"Polygon","properties":{"code":"318021486","name":"Northern Beaches","state":"Queensland"}},{"arcs":[[4883,4884,-4829,-4870]],"type":"Polygon","properties":{"code":"318021487","name":"Oonoonba","state":"Queensland"}},{"arcs":[[4885,4886,-4884,-4869,-4858,4887]],"type":"Polygon","properties":{"code":"318021488","name":"South Townsville - Railway Estate","state":"Queensland"}},{"arcs":[[4888,-4815,-4819,-4883,-4844,-4874,-4855,4889]],"type":"Polygon","properties":{"code":"318021489","name":"Townsville - South","state":"Queensland"}},{"arcs":[[4890,-4888,-4857,-4836]],"type":"Polygon","properties":{"code":"318021490","name":"Townsville City - North Ward","state":"Queensland"}},{"arcs":[[-4887,4891,-4890,-4854,-4830,-4885]],"type":"Polygon","properties":{"code":"318021491","name":"Wulguru - Roseneath","state":"Queensland"}},{"arcs":[[-4839,4892,-4881,4893,-4834,-4879]],"type":"Polygon","properties":{"code":"318021582","name":"Burdell - Mount Low","state":"Queensland"}},{"arcs":[[-4893,-4838,-4882]],"type":"Polygon","properties":{"code":"318021583","name":"Deeragun - Jensen","state":"Queensland"}},{"arcs":[[4894,4895,4896,4897]],"type":"Polygon","properties":{"code":"319011492","name":"Ashfield - Kepnock","state":"Queensland"}},{"arcs":[[4898,4899,-4896,4900,4901,4902,4903]],"type":"Polygon","properties":{"code":"319011493","name":"Bargara - Burnett Heads","state":"Queensland"}},{"arcs":[[4904,4905,4906,4907,4908]],"type":"Polygon","properties":{"code":"319011494","name":"Branyan - Kensington","state":"Queensland"}},{"arcs":[[4909,4910,-4898,4911,4912,4913]],"type":"Polygon","properties":{"code":"319011495","name":"Bundaberg","state":"Queensland"}},{"arcs":[[-4901,-4895,-4911,4914]],"type":"Polygon","properties":{"code":"319011496","name":"Bundaberg East - Kalkie","state":"Queensland"}},{"arcs":[[-4902,-4915,-4910,4915,4916]],"type":"Polygon","properties":{"code":"319011497","name":"Bundaberg North - Gooburrum","state":"Queensland"}},{"arcs":[[4917,-4903,-4917,4918,-4909,4919,4920,-4059]],"type":"Polygon","properties":{"code":"319011498","name":"Bundaberg Surrounds - North","state":"Queensland"}},{"arcs":[[4921,4922,4923,4924,4925,-4920,-4908,4926,-4899]],"type":"Polygon","properties":{"code":"319011499","name":"Bundaberg Surrounds - South","state":"Queensland"}},{"arcs":[[-4919,-4916,-4914,4927,-4905]],"type":"Polygon","properties":{"code":"319011500","name":"Millbank - Avoca","state":"Queensland"}},{"arcs":[[-4913,4928,-4906,-4928]],"type":"Polygon","properties":{"code":"319011501","name":"Svensson Heights - Norville","state":"Queensland"}},{"arcs":[[-4897,-4900,-4927,-4907,-4929,-4912]],"type":"Polygon","properties":{"code":"319011502","name":"Walkervale - Avenell Heights","state":"Queensland"}},{"arcs":[[4929,-4925,4930,4931,4932,-3928,4933]],"type":"Polygon","properties":{"code":"319021503","name":"Gayndah - Mundubbera","state":"Queensland"}},{"arcs":[[4934,-4060,-4921,-4926,-4930,4935]],"type":"Polygon","properties":{"code":"319021504","name":"Gin Gin","state":"Queensland"}},{"arcs":[[4936]],"type":"Polygon","properties":{"code":"319021505","name":"Kingaroy","state":"Queensland"}},{"arcs":[[-4933,4937,4938,4939,-3929]],"type":"Polygon","properties":{"code":"319021506","name":"Kingaroy Surrounds - North","state":"Queensland"}},{"arcs":[[-3930,-4940,4940,-3970],[-4937]],"type":"Polygon","properties":{"code":"319021507","name":"Kingaroy Surrounds - South","state":"Queensland"}},{"arcs":[[-4085,4941,-4936,-4934,-3927,-4056]],"type":"Polygon","properties":{"code":"319021508","name":"Monto - Eidsvold","state":"Queensland"}},{"arcs":[[-4939,4942,-4539,-3951,-3971,-4941]],"type":"Polygon","properties":{"code":"319021509","name":"Nanango","state":"Queensland"}},{"arcs":[[-4061,-4935,-4942,-4084]],"type":"Polygon","properties":{"code":"319021510","name":"North Burnett","state":"Queensland"}},{"arcs":[[4943,4944,-4774,4945]],"type":"Polygon","properties":{"code":"319031511","name":"Cooloola","state":"Queensland"}},{"arcs":[[4946,4947]],"type":"Polygon","properties":{"code":"319031512","name":"Gympie - North","state":"Queensland"}},{"arcs":[[-4948,4948]],"type":"Polygon","properties":{"code":"319031513","name":"Gympie - South","state":"Queensland"}},{"arcs":[[4949,-4946,-4776,-4766,-4541,4950],[-4947,-4949]],"type":"Polygon","properties":{"code":"319031514","name":"Gympie Surrounds","state":"Queensland"}},{"arcs":[[-4932,4951,-4951,-4540,-4943,-4938]],"type":"Polygon","properties":{"code":"319031515","name":"Kilkivan","state":"Queensland"}},{"arcs":[[4952,4953,4954,4955,4956,4957]],"type":"Polygon","properties":{"code":"319041516","name":"Booral - River Heads","state":"Queensland"}},{"arcs":[[4958,-4953,4959,4960]],"type":"Polygon","properties":{"code":"319041517","name":"Craignish - Dundowran Beach","state":"Queensland"}},{"arcs":[[4961,4962,4963,4964,-4954,-4959]],"type":"Polygon","properties":{"code":"319041518","name":"Pialba - Eli Waters","state":"Queensland"}},{"arcs":[[-4963,4965]],"type":"Polygon","properties":{"code":"319041519","name":"Point Vernon","state":"Queensland"}},{"arcs":[[4966,4967,-4955,-4965]],"type":"Polygon","properties":{"code":"319041520","name":"Torquay - Scarness - Kawungan","state":"Queensland"}},{"arcs":[[4968,-4956,-4968]],"type":"Polygon","properties":{"code":"319041521","name":"Urangan - Wondunna","state":"Queensland"}},{"arcs":[[[-4960,-4958,4969,4970,4971,4972,-4923,4973]],[[4974]]],"type":"MultiPolygon","properties":{"code":"319051522","name":"Burrum - Fraser","state":"Queensland"}},{"arcs":[[4975,4976,4977]],"type":"Polygon","properties":{"code":"319051523","name":"Granville","state":"Queensland"}},{"arcs":[[-4972,4978,-4978,4979,4980]],"type":"Polygon","properties":{"code":"319051524","name":"Maryborough (Qld)","state":"Queensland"}},{"arcs":[[-4924,-4973,-4981,4981,-4976,-4979,-4971,4982,-4944,-4950,-4952,-4931]],"type":"Polygon","properties":{"code":"319051525","name":"Maryborough Surrounds - South","state":"Queensland"}},{"arcs":[[-4977,-4982,-4980]],"type":"Polygon","properties":{"code":"319051526","name":"Tinana","state":"Queensland"}},{"arcs":[[4983,4984,4985,4986,4987,4988,4989]],"type":"Polygon","properties":{"code":"401011001","name":"Adelaide","state":"South Australia"}},{"arcs":[[4990,4991,-4984,4992]],"type":"Polygon","properties":{"code":"401011002","name":"North Adelaide","state":"South Australia"}},{"arcs":[[4993,4994,4995,4996,4997,4998,4999,5000,5001,5002,5003]],"type":"Polygon","properties":{"code":"401021003","name":"Adelaide Hills","state":"South Australia"}},{"arcs":[[5004,5005,5006,5007,5008,5009,5010]],"type":"Polygon","properties":{"code":"401021004","name":"Aldgate - Stirling","state":"South Australia"}},{"arcs":[[5011,5012,5013,5014,-5008]],"type":"Polygon","properties":{"code":"401021005","name":"Hahndorf - Echunga","state":"South Australia"}},{"arcs":[[-5001,5015,5016,5017,-5012,-5007,5018]],"type":"Polygon","properties":{"code":"401021006","name":"Lobethal - Woodside","state":"South Australia"}},{"arcs":[[-5018,5019,5020,-5013]],"type":"Polygon","properties":{"code":"401021007","name":"Mount Barker","state":"South Australia"}},{"arcs":[[-5016,-5000,5021,5022,5023,5024,5025,5026,-5014,-5021,5027]],"type":"Polygon","properties":{"code":"401021008","name":"Mount Barker Surrounds","state":"South Australia"}},{"arcs":[[-5017,-5028,-5020]],"type":"Polygon","properties":{"code":"401021009","name":"Nairne","state":"South Australia"}},{"arcs":[[5028,5029,-5002,-5019,-5006,5030,5031,5032]],"type":"Polygon","properties":{"code":"401021010","name":"Uraidla - Summertown","state":"South Australia"}},{"arcs":[[5033,5034,-5032,5035,5036,5037]],"type":"Polygon","properties":{"code":"401031011","name":"Burnside - Wattle Park","state":"South Australia"}},{"arcs":[[5038,-5036,-5031,-5005,5039,5040,5041]],"type":"Polygon","properties":{"code":"401031012","name":"Beaumont - Glen Osmond","state":"South Australia"}},{"arcs":[[5042,-5037,-5039,5043,-4987]],"type":"Polygon","properties":{"code":"401031013","name":"Toorak Gardens","state":"South Australia"}},{"arcs":[[5044,-5029,5045,5046]],"type":"Polygon","properties":{"code":"401041014","name":"Athelstone","state":"South Australia"}},{"arcs":[[-5047,5047,5048,5049,5050]],"type":"Polygon","properties":{"code":"401041015","name":"Paradise - Newton","state":"South Australia"}},{"arcs":[[-5046,-5033,-5035,5051,-5048]],"type":"Polygon","properties":{"code":"401041016","name":"Rostrevor - Magill","state":"South Australia"}},{"arcs":[[5052,-5038,-5043,-4986]],"type":"Polygon","properties":{"code":"401051017","name":"Norwood (SA)","state":"South Australia"}},{"arcs":[[5053,-5049,-5052,-5034,5054]],"type":"Polygon","properties":{"code":"401051018","name":"Payneham - Felixstow","state":"South Australia"}},{"arcs":[[5055,-5055,-5053,-4985,5056]],"type":"Polygon","properties":{"code":"401051019","name":"St Peters - Marden","state":"South Australia"}},{"arcs":[[5057,5058,5059,5060]],"type":"Polygon","properties":{"code":"401061020","name":"Nailsworth - Broadview","state":"South Australia"}},{"arcs":[[5061,-5061,5062,-4991,5063,5064]],"type":"Polygon","properties":{"code":"401061021","name":"Prospect","state":"South Australia"}},{"arcs":[[5065,-5057,-4992,-5063,-5060]],"type":"Polygon","properties":{"code":"401061022","name":"Walkerville","state":"South Australia"}},{"arcs":[[-4989,5066,5067,5068,5069,5070]],"type":"Polygon","properties":{"code":"401071023","name":"Goodwood - Millswood","state":"South Australia"}},{"arcs":[[-4988,-5044,-5042,5071,-5067]],"type":"Polygon","properties":{"code":"401071024","name":"Unley - Parkside","state":"South Australia"}},{"arcs":[[5072,5073,5074,5075,5076,5077]],"type":"Polygon","properties":{"code":"402011025","name":"Gawler - North","state":"South Australia"}},{"arcs":[[5078,5079,5080,5081,-5076]],"type":"Polygon","properties":{"code":"402011026","name":"Gawler - South","state":"South Australia"}},{"arcs":[[-5078,5082,5083,5084]],"type":"Polygon","properties":{"code":"402011027","name":"Lewiston - Two Wells","state":"South Australia"}},{"arcs":[[5085,-5081,5086,5087,5088]],"type":"Polygon","properties":{"code":"402021028","name":"Craigmore - Blakeview","state":"South Australia"}},{"arcs":[[5089,5090,5091,5092,5093]],"type":"Polygon","properties":{"code":"402021029","name":"Davoren Park","state":"South Australia"}},{"arcs":[[-5091,5094,5095,5096,5097,5098]],"type":"Polygon","properties":{"code":"402021030","name":"Elizabeth","state":"South Australia"}},{"arcs":[[5099,-5088,5100,5101,-5096]],"type":"Polygon","properties":{"code":"402021031","name":"Elizabeth East","state":"South Australia"}},{"arcs":[[-5083,-5077,-5082,-5086,5102,-5094,5103]],"type":"Polygon","properties":{"code":"402021032","name":"Munno Para West - Angle Vale","state":"South Australia"}},{"arcs":[[-5080,5104,-4996,5105,5106,5107,-5101,-5087]],"type":"Polygon","properties":{"code":"402021033","name":"One Tree Hill","state":"South Australia"}},{"arcs":[[-5103,-5089,-5100,-5095,-5090]],"type":"Polygon","properties":{"code":"402021034","name":"Smithfield - Elizabeth North","state":"South Australia"}},{"arcs":[[-5084,-5104,-5093,5108,5109,5110,5111,5112]],"type":"Polygon","properties":{"code":"402021035","name":"Virginia - Waterloo Corner","state":"South Australia"}},{"arcs":[[5113,5114,5115,-5058,-5062,5116]],"type":"Polygon","properties":{"code":"402031036","name":"Enfield - Blair Athol","state":"South Australia"}},{"arcs":[[5117,5118,5119,-5050,-5054,-5056,-5066,-5059,-5116,5120]],"type":"Polygon","properties":{"code":"402031038","name":"Windsor Gardens","state":"South Australia"}},{"arcs":[[5121,5122,-5121,-5115]],"type":"Polygon","properties":{"code":"402031175","name":"Northgate - Northfield","state":"South Australia"}},{"arcs":[[5123,-5118,-5123,5124]],"type":"Polygon","properties":{"code":"402031176","name":"Valley View - Gilles Plains","state":"South Australia"}},{"arcs":[[-5111,5125,5126,5127,5128,5129,5130]],"type":"Polygon","properties":{"code":"402041039","name":"Dry Creek - North","state":"South Australia"}},{"arcs":[[5131,5132,5133,-5125,-5122,5134]],"type":"Polygon","properties":{"code":"402041040","name":"Ingle Farm","state":"South Australia"}},{"arcs":[[5135,5136,-5132,5137,5138,5139]],"type":"Polygon","properties":{"code":"402041041","name":"Para Hills","state":"South Australia"}},{"arcs":[[5140,-5139,5141,5142,5143]],"type":"Polygon","properties":{"code":"402041042","name":"Parafield","state":"South Australia"}},{"arcs":[[5144,5145,-5144,5146]],"type":"Polygon","properties":{"code":"402041043","name":"Parafield Gardens","state":"South Australia"}},{"arcs":[[5147,-5145,5148,-5126,-5110,5149]],"type":"Polygon","properties":{"code":"402041044","name":"Paralowie","state":"South Australia"}},{"arcs":[[5150,-5098,5151,-5141,-5146,-5148]],"type":"Polygon","properties":{"code":"402041046","name":"Salisbury","state":"South Australia"}},{"arcs":[[-5097,-5102,-5108,5152,5153,-5140,-5152]],"type":"Polygon","properties":{"code":"402041047","name":"Salisbury East","state":"South Australia"}},{"arcs":[[-5109,-5092,-5099,-5151,-5150]],"type":"Polygon","properties":{"code":"402041048","name":"Salisbury North","state":"South Australia"}},{"arcs":[[-5149,-5147,-5143,5154,-5127]],"type":"Polygon","properties":{"code":"402041171","name":"Mawson Lakes - Globe Derby Park","state":"South Australia"}},{"arcs":[[-5142,-5138,-5135,-5114,5155,-5128,-5155]],"type":"Polygon","properties":{"code":"402041172","name":"Pooraka - Cavan","state":"South Australia"}},{"arcs":[[-5106,-4995,5156,5157,-5136,-5154,5158]],"type":"Polygon","properties":{"code":"402051049","name":"Golden Grove","state":"South Australia"}},{"arcs":[[-5107,-5159,-5153]],"type":"Polygon","properties":{"code":"402051050","name":"Greenwith","state":"South Australia"}},{"arcs":[[-5045,-5051,-5120,5159,5160,-5003,-5030]],"type":"Polygon","properties":{"code":"402051051","name":"Highbury - Dernancourt","state":"South Australia"}},{"arcs":[[5161,5162,-5160,-5119,-5124,-5134]],"type":"Polygon","properties":{"code":"402051052","name":"Hope Valley - Modbury","state":"South Australia"}},{"arcs":[[-5158,5163,5164,-5162,-5133,-5137]],"type":"Polygon","properties":{"code":"402051053","name":"Modbury Heights","state":"South Australia"}},{"arcs":[[-5157,-4994,5165,-5164]],"type":"Polygon","properties":{"code":"402051054","name":"Redwood Park","state":"South Australia"}},{"arcs":[[-5166,-5004,-5161,-5163,-5165]],"type":"Polygon","properties":{"code":"402051055","name":"St Agnes - Ridgehaven","state":"South Australia"}},{"arcs":[[5166,5167,5168,5169]],"type":"Polygon","properties":{"code":"403011056","name":"Brighton (SA)","state":"South Australia"}},{"arcs":[[5170,5171,-5167,5172,5173,5174,5175]],"type":"Polygon","properties":{"code":"403011057","name":"Glenelg (SA)","state":"South Australia"}},{"arcs":[[5176,-5070,5177,5178,5179]],"type":"Polygon","properties":{"code":"403021058","name":"Edwardstown","state":"South Australia"}},{"arcs":[[5180,5181,5182,5183,5184]],"type":"Polygon","properties":{"code":"403021059","name":"Hallett Cove","state":"South Australia"}},{"arcs":[[5185,5186,5187,-5181,5188,-5169,5189]],"type":"Polygon","properties":{"code":"403021060","name":"Marino - Seaview Downs","state":"South Australia"}},{"arcs":[[5190,-5179,5191,5192,5193,-5186,5194]],"type":"Polygon","properties":{"code":"403021061","name":"Mitchell Park","state":"South Australia"}},{"arcs":[[5195,-5180,-5191,5196,-5171]],"type":"Polygon","properties":{"code":"403021062","name":"Morphettville","state":"South Australia"}},{"arcs":[[-5188,5197,5198,5199,5200,-5182]],"type":"Polygon","properties":{"code":"403021063","name":"Sheidow Park - Trott Park","state":"South Australia"}},{"arcs":[[-5172,-5197,-5195,-5190,-5168]],"type":"Polygon","properties":{"code":"403021064","name":"Warradale","state":"South Australia"}},{"arcs":[[-5040,-5011,5201,5202,5203,5204]],"type":"Polygon","properties":{"code":"403031065","name":"Belair","state":"South Australia"}},{"arcs":[[5205,-5203,5206,5207,-5193]],"type":"Polygon","properties":{"code":"403031066","name":"Bellevue Heights","state":"South Australia"}},{"arcs":[[-5202,-5010,5208,5209,5210,-5207]],"type":"Polygon","properties":{"code":"403031067","name":"Blackwood","state":"South Australia"}},{"arcs":[[-5069,5211,5212,-5178]],"type":"Polygon","properties":{"code":"403031068","name":"Colonel Light Gardens","state":"South Australia"}},{"arcs":[[-5068,-5072,-5041,-5205,5213,-5212]],"type":"Polygon","properties":{"code":"403031069","name":"Mitcham (SA)","state":"South Australia"}},{"arcs":[[-5213,-5214,-5204,-5206,-5192]],"type":"Polygon","properties":{"code":"403031070","name":"Panorama","state":"South Australia"}},{"arcs":[[5214,5215,5216,5217,5218]],"type":"Polygon","properties":{"code":"403041071","name":"Aberfoyle Park","state":"South Australia"}},{"arcs":[[5219,5220,5221,5222,5223]],"type":"Polygon","properties":{"code":"403041072","name":"Aldinga","state":"South Australia"}},{"arcs":[[5224,5225,5226,5227,5228,5229]],"type":"Polygon","properties":{"code":"403041073","name":"Christie Downs","state":"South Australia"}},{"arcs":[[5230,-5230,5231,5232]],"type":"Polygon","properties":{"code":"403041074","name":"Christies Beach","state":"South Australia"}},{"arcs":[[5233,-5209,-5009,-5015,-5027,5234,5235,5236,5237,5238,-5216]],"type":"Polygon","properties":{"code":"403041075","name":"Clarendon","state":"South Australia"}},{"arcs":[[-5234,-5215,5239,-5210]],"type":"Polygon","properties":{"code":"403041076","name":"Coromandel Valley","state":"South Australia"}},{"arcs":[[-5198,-5187,-5194,-5208,-5211,-5240,-5219,5240]],"type":"Polygon","properties":{"code":"403041077","name":"Flagstaff Hill","state":"South Australia"}},{"arcs":[[5241,5242,-5237,5243,5244,-5228,5245]],"type":"Polygon","properties":{"code":"403041078","name":"Hackham - Onkaparinga Hills","state":"South Australia"}},{"arcs":[[5246,-5246,-5227]],"type":"Polygon","properties":{"code":"403041079","name":"Hackham West - Huntfield Heights","state":"South Australia"}},{"arcs":[[5247,-5217,-5239,5248,5249,-5200]],"type":"Polygon","properties":{"code":"403041080","name":"Happy Valley","state":"South Australia"}},{"arcs":[[-5218,-5248,-5199,-5241]],"type":"Polygon","properties":{"code":"403041081","name":"Happy Valley Reservoir","state":"South Australia"}},{"arcs":[[5250,-5184,5251,5252,-5225,-5231]],"type":"Polygon","properties":{"code":"403041082","name":"Lonsdale","state":"South Australia"}},{"arcs":[[-5244,-5236,5253,5254,-5221,5255,5256]],"type":"Polygon","properties":{"code":"403041083","name":"McLaren Vale","state":"South Australia"}},{"arcs":[[5257,5258,-5242,5259]],"type":"Polygon","properties":{"code":"403041084","name":"Morphett Vale - East","state":"South Australia"}},{"arcs":[[-5260,-5247,-5226,-5253,5260]],"type":"Polygon","properties":{"code":"403041085","name":"Morphett Vale - West","state":"South Australia"}},{"arcs":[[5261,-5258,-5261,-5252,-5183,-5201,-5250]],"type":"Polygon","properties":{"code":"403041086","name":"Reynella","state":"South Australia"}},{"arcs":[[-5255,5262,5263,-5222]],"type":"Polygon","properties":{"code":"403041088","name":"Willunga","state":"South Australia"}},{"arcs":[[-5249,-5238,-5243,-5259,-5262]],"type":"Polygon","properties":{"code":"403041089","name":"Woodcroft","state":"South Australia"}},{"arcs":[[-5232,-5229,-5245,-5257,5264,5265]],"type":"Polygon","properties":{"code":"403041177","name":"Seaford - Seaford Meadows","state":"South Australia"}},{"arcs":[[-5256,-5220,5266,-5265]],"type":"Polygon","properties":{"code":"403041178","name":"Seaford Rise - Moana","state":"South Australia"}},{"arcs":[[5267,5268,5269,5270,5271]],"type":"Polygon","properties":{"code":"404011090","name":"Beverley","state":"South Australia"}},{"arcs":[[-5271,5272,5273,5274,5275,5276]],"type":"Polygon","properties":{"code":"404011091","name":"Flinders Park","state":"South Australia"}},{"arcs":[[5277,-5276,5278,5279,5280,5281]],"type":"Polygon","properties":{"code":"404011092","name":"Henley Beach","state":"South Australia"}},{"arcs":[[5282,-5064,-4993,5283,-5273,-5270,5284]],"type":"Polygon","properties":{"code":"404011093","name":"Hindmarsh - Brompton","state":"South Australia"}},{"arcs":[[5285,5286,-5268,5287,5288]],"type":"Polygon","properties":{"code":"404011094","name":"Royal Park - Hendon - Albert Park","state":"South Australia"}},{"arcs":[[-5288,-5272,-5277,-5278,5289,5290]],"type":"Polygon","properties":{"code":"404011095","name":"Seaton - Grange","state":"South Australia"}},{"arcs":[[5291,5292,-5289,-5291,5293]],"type":"Polygon","properties":{"code":"404011096","name":"West Lakes","state":"South Australia"}},{"arcs":[[5294,-5285,-5269,-5287,5295]],"type":"Polygon","properties":{"code":"404011097","name":"Woodville - Cheltenham","state":"South Australia"}},{"arcs":[[-5130,5296,5297,5298]],"type":"Polygon","properties":{"code":"404021098","name":"Dry Creek - South","state":"South Australia"}},{"arcs":[[5299,5300,5301,-5292,5302]],"type":"Polygon","properties":{"code":"404021099","name":"Largs Bay - Semaphore","state":"South Australia"}},{"arcs":[[-5300,5303]],"type":"Polygon","properties":{"code":"404021100","name":"North Haven","state":"South Australia"}},{"arcs":[[-5298,5304,-5296,-5286,-5293,-5302,5305]],"type":"Polygon","properties":{"code":"404021101","name":"Port Adelaide","state":"South Australia"}},{"arcs":[[-5305,-5297,-5129,-5156,-5117,-5065,-5283,-5295]],"type":"Polygon","properties":{"code":"404021102","name":"The Parks","state":"South Australia"}},{"arcs":[[5306]],"type":"Polygon","properties":{"code":"404021103","name":"Torrens Island","state":"South Australia"}},{"arcs":[[5307,-5175,5308,5309,5310]],"type":"Polygon","properties":{"code":"404031104","name":"Adelaide Airport","state":"South Australia"}},{"arcs":[[5311,5312,-5280]],"type":"Polygon","properties":{"code":"404031105","name":"Fulham","state":"South Australia"}},{"arcs":[[-5275,5313,-5310,5314,-5312,-5279]],"type":"Polygon","properties":{"code":"404031106","name":"Lockleys","state":"South Australia"}},{"arcs":[[5315,-5071,-5177,-5196,-5176,-5308]],"type":"Polygon","properties":{"code":"404031107","name":"Plympton","state":"South Australia"}},{"arcs":[[-5274,-5284,-4990,-5316,-5311,-5314]],"type":"Polygon","properties":{"code":"404031108","name":"Richmond (SA)","state":"South Australia"}},{"arcs":[[-5313,-5315,-5309,-5174,5316,-5281]],"type":"Polygon","properties":{"code":"404031109","name":"West Beach","state":"South Australia"}},{"arcs":[[5317,5318,5319,5320,-4998,5321,5322,5323]],"type":"Polygon","properties":{"code":"405011110","name":"Barossa - Angaston","state":"South Australia"}},{"arcs":[[5324,5325,-5319,5326,5327,-5323,5328,-5074,5329,5330,5331]],"type":"Polygon","properties":{"code":"405011111","name":"Light","state":"South Australia"}},{"arcs":[[-5075,-5329,-5322,-4997,-5105,-5079]],"type":"Polygon","properties":{"code":"405011112","name":"Lyndoch","state":"South Australia"}},{"arcs":[[5332,-5330,-5073,-5085,-5113,5333]],"type":"Polygon","properties":{"code":"405011113","name":"Mallala","state":"South Australia"}},{"arcs":[[-5318,5334,-5327]],"type":"Polygon","properties":{"code":"405011114","name":"Nuriootpa","state":"South Australia"}},{"arcs":[[-5335,-5324,-5328]],"type":"Polygon","properties":{"code":"405011115","name":"Tanunda","state":"South Australia"}},{"arcs":[[5335]],"type":"Polygon","properties":{"code":"405021116","name":"Clare","state":"South Australia"}},{"arcs":[[5336,5337,-5332,5338],[-5336]],"type":"Polygon","properties":{"code":"405021117","name":"Gilbert Valley","state":"South Australia"}},{"arcs":[[5339,5340,-5325,-5338,5341,5342]],"type":"Polygon","properties":{"code":"405021118","name":"Goyder","state":"South Australia"}},{"arcs":[[5343,5344,-5339,-5331,-5333,5345,5346,5347,5348,5349]],"type":"Polygon","properties":{"code":"405021119","name":"Wakefield - Barunga West","state":"South Australia"}},{"arcs":[[5350,-5342,-5337,-5345,5351]],"type":"Polygon","properties":{"code":"405031120","name":"Jamestown","state":"South Australia"}},{"arcs":[[5352,5353,-5343,-5351,5354,5355]],"type":"Polygon","properties":{"code":"405031121","name":"Peterborough - Mount Remarkable","state":"South Australia"}},{"arcs":[[5356,5357]],"type":"Polygon","properties":{"code":"405031122","name":"Port Pirie","state":"South Australia"}},{"arcs":[[-5358,5358,-5355,-5352,-5344,5359]],"type":"Polygon","properties":{"code":"405031123","name":"Port Pirie Surrounds","state":"South Australia"}},{"arcs":[[-5348,5360,5361,5362]],"type":"Polygon","properties":{"code":"405041124","name":"Kadina","state":"South Australia"}},{"arcs":[[5363,5364,5365,-5362]],"type":"Polygon","properties":{"code":"405041125","name":"Moonta","state":"South Australia"}},{"arcs":[[-5349,-5363,-5366,5366]],"type":"Polygon","properties":{"code":"405041126","name":"Wallaroo","state":"South Australia"}},{"arcs":[[-5364,-5361,-5347,5367,5368,5369]],"type":"Polygon","properties":{"code":"405041127","name":"Yorke Peninsula - North","state":"South Australia"}},{"arcs":[[-5369,5370]],"type":"Polygon","properties":{"code":"405041128","name":"Yorke Peninsula - South","state":"South Australia"}},{"arcs":[[5371,5372]],"type":"Polygon","properties":{"code":"406011129","name":"Ceduna","state":"South Australia"}},{"arcs":[[5373,5374,5375,5376,5377]],"type":"Polygon","properties":{"code":"406011130","name":"Eyre Peninsula","state":"South Australia"}},{"arcs":[[5378,5379,5380,5381,5382,5383,-5375,5384]],"type":"Polygon","properties":{"code":"406011131","name":"Kimba - Cleve - Franklin Harbour","state":"South Australia"}},{"arcs":[[[5385,-5385,-5374,5386,5387]],[[5388]]],"type":"MultiPolygon","properties":{"code":"406011132","name":"Le Hunte - Elliston","state":"South Australia"}},{"arcs":[[5389,-5377]],"type":"Polygon","properties":{"code":"406011133","name":"Port Lincoln","state":"South Australia"}},{"arcs":[[-5372,5390,5391,5392,5393,-5388,5394]],"type":"Polygon","properties":{"code":"406011134","name":"West Coast (SA)","state":"South Australia"}},{"arcs":[[5395,5396,5397,-5393,5398]],"type":"Polygon","properties":{"code":"406011135","name":"Western","state":"South Australia"}},{"arcs":[[5399,5400,-5383]],"type":"Polygon","properties":{"code":"406011136","name":"Whyalla","state":"South Australia"}},{"arcs":[[5401,-5400,-5382]],"type":"Polygon","properties":{"code":"406011137","name":"Whyalla - North","state":"South Australia"}},{"arcs":[[5402,5403,-5397,5404]],"type":"Polygon","properties":{"code":"406021138","name":"APY Lands","state":"South Australia"}},{"arcs":[[5405]],"type":"Polygon","properties":{"code":"406021139","name":"Coober Pedy","state":"South Australia"}},{"arcs":[[5406,5407,5408,5409,5410,-5380,5411,-5353]],"type":"Polygon","properties":{"code":"406021140","name":"Quorn - Lake Gilles","state":"South Australia"}},{"arcs":[[-5404,5412,-4674,-4678,-334,-607,-3315,5413,5414,5415,5416,5417,-5340,-5354,-5412,-5379,-5386,-5394,-5398],[-5406],[5418]],"type":"Polygon","properties":{"code":"406021141","name":"Outback","state":"South Australia"}},{"arcs":[[[-5408,5419]],[[5420,-5410]]],"type":"MultiPolygon","properties":{"code":"406021142","name":"Port Augusta","state":"South Australia"}},{"arcs":[[-5419]],"type":"Polygon","properties":{"code":"406021143","name":"Roxby Downs","state":"South Australia"}},{"arcs":[[5421,5422,5423,5424,5425]],"type":"Polygon","properties":{"code":"407011144","name":"Goolwa - Port Elliot","state":"South Australia"}},{"arcs":[[5426]],"type":"Polygon","properties":{"code":"407011145","name":"Kangaroo Island","state":"South Australia"}},{"arcs":[[-5025,5427]],"type":"Polygon","properties":{"code":"407011146","name":"Strathalbyn","state":"South Australia"}},{"arcs":[[-5263,-5254,-5235,-5026,-5428,-5024,5428,5429,-5423,5430]],"type":"Polygon","properties":{"code":"407011147","name":"Strathalbyn Surrounds","state":"South Australia"}},{"arcs":[[-5426,5431,5432]],"type":"Polygon","properties":{"code":"407011148","name":"Victor Harbor","state":"South Australia"}},{"arcs":[[-5223,-5264,-5431,-5422,-5433,5433]],"type":"Polygon","properties":{"code":"407011149","name":"Yankalilla","state":"South Australia"}},{"arcs":[[5434,5435,-3362,5436],[5437,5438]],"type":"Polygon","properties":{"code":"407021150","name":"Grant","state":"South Australia"}},{"arcs":[[5439,5440,5441,5442,5443]],"type":"Polygon","properties":{"code":"407021151","name":"Kingston - Robe","state":"South Australia"}},{"arcs":[[5444]],"type":"Polygon","properties":{"code":"407021152","name":"Millicent","state":"South Australia"}},{"arcs":[[5445]],"type":"Polygon","properties":{"code":"407021154","name":"Naracoorte","state":"South Australia"}},{"arcs":[[5446,-3300,5447,5448,-5442],[-5446]],"type":"Polygon","properties":{"code":"407021155","name":"Naracoorte Surrounds","state":"South Australia"}},{"arcs":[[-5448,-3299,-3363,-5436,5449]],"type":"Polygon","properties":{"code":"407021156","name":"Penola","state":"South Australia"}},{"arcs":[[5450,-3311,-3290,-3296,-5447,-5441,5451]],"type":"Polygon","properties":{"code":"407021157","name":"Tatiara","state":"South Australia"}},{"arcs":[[-5443,-5449,-5450,-5435,5452],[-5445]],"type":"Polygon","properties":{"code":"407021158","name":"Wattle Range","state":"South Australia"}},{"arcs":[[-5438,5453]],"type":"Polygon","properties":{"code":"407021173","name":"Mount Gambier - East","state":"South Australia"}},{"arcs":[[-5454,-5439]],"type":"Polygon","properties":{"code":"407021174","name":"Mount Gambier - West","state":"South Australia"}},{"arcs":[[5454,-5417,5455,5456,5457,5458,5459,5460]],"type":"Polygon","properties":{"code":"407031159","name":"Barmera","state":"South Australia"}},{"arcs":[[5461,-5457]],"type":"Polygon","properties":{"code":"407031160","name":"Berri","state":"South Australia"}},{"arcs":[[5462,5463,-3312,-5451,5464,5465,5466]],"type":"Polygon","properties":{"code":"407031161","name":"Karoonda - Lameroo","state":"South Australia"}},{"arcs":[[5467,-5460]],"type":"Polygon","properties":{"code":"407031162","name":"Loxton","state":"South Australia"}},{"arcs":[[-5461,-5468,-5459,5468,-3313,-5464,5469]],"type":"Polygon","properties":{"code":"407031163","name":"Loxton Surrounds","state":"South Australia"}},{"arcs":[[5470,-5467,5471,-5022,-4999,-5321]],"type":"Polygon","properties":{"code":"407031164","name":"Mannum","state":"South Australia"}},{"arcs":[[5472]],"type":"Polygon","properties":{"code":"407031165","name":"Murray Bridge","state":"South Australia"}},{"arcs":[[-5466,5473,-5429,-5023,-5472],[-5473]],"type":"Polygon","properties":{"code":"407031166","name":"Murray Bridge Surrounds","state":"South Australia"}},{"arcs":[[-5415,5474]],"type":"Polygon","properties":{"code":"407031167","name":"Renmark","state":"South Australia"}},{"arcs":[[-5416,-5475,-5414,-3314,-5469,-5458,-5462,-5456]],"type":"Polygon","properties":{"code":"407031168","name":"Renmark Surrounds","state":"South Australia"}},{"arcs":[[-5424,-5430,-5474,-5465,-5452,-5440,5475]],"type":"Polygon","properties":{"code":"407031169","name":"The Coorong","state":"South Australia"}},{"arcs":[[-5418,-5455,-5470,-5463,-5471,-5320,-5326,-5341]],"type":"Polygon","properties":{"code":"407031170","name":"Waikerie","state":"South Australia"}},{"arcs":[[5476,5477,5478,5479]],"type":"Polygon","properties":{"code":"501011001","name":"Augusta","state":"Western Australia"}},{"arcs":[[5480,5481,5482,5483,5484,-5477,5485,5486]],"type":"Polygon","properties":{"code":"501011003","name":"Busselton Surrounds","state":"Western Australia"}},{"arcs":[[-5486,-5480,5487]],"type":"Polygon","properties":{"code":"501011004","name":"Margaret River","state":"Western Australia"}},{"arcs":[[5488,-5482,5489,5490]],"type":"Polygon","properties":{"code":"501011293","name":"Busselton - East","state":"Western Australia"}},{"arcs":[[5491,-5490,-5481]],"type":"Polygon","properties":{"code":"501011294","name":"Busselton - West","state":"Western Australia"}},{"arcs":[[5492,5493,5494,5495,5496]],"type":"Polygon","properties":{"code":"501021005","name":"Australind - Leschenault","state":"Western Australia"}},{"arcs":[[5497,5498,5499,5500,-5483,-5489,5501,5502]],"type":"Polygon","properties":{"code":"501021007","name":"Capel","state":"Western Australia"}},{"arcs":[[5503,5504,-5498,5505,5506,5507]],"type":"Polygon","properties":{"code":"501021008","name":"College Grove - Carey Park","state":"Western Australia"}},{"arcs":[[5508,5509,5510,5511,5512,5513]],"type":"Polygon","properties":{"code":"501021009","name":"Collie","state":"Western Australia"}},{"arcs":[[5514,-5500,5515,5516,5517,-5494,5518,-5513]],"type":"Polygon","properties":{"code":"501021010","name":"Dardanup","state":"Western Australia"}},{"arcs":[[5519,-5516,-5499,-5505]],"type":"Polygon","properties":{"code":"501021011","name":"Davenport","state":"Western Australia"}},{"arcs":[[-5495,-5518,5520]],"type":"Polygon","properties":{"code":"501021012","name":"Eaton - Pelican Point","state":"Western Australia"}},{"arcs":[[5521,5522,-5514,-5519,-5493,5523]],"type":"Polygon","properties":{"code":"501021014","name":"Harvey","state":"Western Australia"}},{"arcs":[[5524,-5496,-5521,-5517,-5520,-5504,5525]],"type":"Polygon","properties":{"code":"501021015","name":"East Bunbury - Glen Iris","state":"Western Australia"}},{"arcs":[[5526,5527,5528,-5522,5529,5530]],"type":"Polygon","properties":{"code":"501021016","name":"Waroona","state":"Western Australia"}},{"arcs":[[5531,5532,5533]],"type":"Polygon","properties":{"code":"501021251","name":"Dalyellup","state":"Western Australia"}},{"arcs":[[-5506,-5503,5534,-5533]],"type":"Polygon","properties":{"code":"501021252","name":"Gelorup - Stratham","state":"Western Australia"}},{"arcs":[[-5526,-5508,5535,5536]],"type":"Polygon","properties":{"code":"501021253","name":"South Bunbury - Bunbury","state":"Western Australia"}},{"arcs":[[-5507,-5532,5537,-5536]],"type":"Polygon","properties":{"code":"501021254","name":"Withers - Usher","state":"Western Australia"}},{"arcs":[[-5511,5538,5539,5540,5541]],"type":"Polygon","properties":{"code":"501031017","name":"Bridgetown - Boyup Brook","state":"Western Australia"}},{"arcs":[[-5515,-5512,-5542,5542,-5484,-5501]],"type":"Polygon","properties":{"code":"501031018","name":"Donnybrook - Balingup","state":"Western Australia"}},{"arcs":[[5543]],"type":"Polygon","properties":{"code":"501031019","name":"Manjimup","state":"Western Australia"}},{"arcs":[[-5485,-5543,-5541,5544,5545,5546,5547,-5478],[-5544]],"type":"Polygon","properties":{"code":"501031020","name":"Pemberton","state":"Western Australia"}},{"arcs":[[5548,5549,-5531,5550]],"type":"Polygon","properties":{"code":"502011021","name":"Dawesville - Bouvard","state":"Western Australia"}},{"arcs":[[5551,5552,-5549,5553]],"type":"Polygon","properties":{"code":"502011022","name":"Falcon - Wannanup","state":"Western Australia"}},{"arcs":[[5554,5555,5556,5557]],"type":"Polygon","properties":{"code":"502011023","name":"Greenfields","state":"Western Australia"}},{"arcs":[[-5552,5558]],"type":"Polygon","properties":{"code":"502011024","name":"Halls Head - Erskine","state":"Western Australia"}},{"arcs":[[5559,-5558,5560,5561]],"type":"Polygon","properties":{"code":"502011025","name":"Mandurah","state":"Western Australia"}},{"arcs":[[5562,5563,5564,5565,-5556]],"type":"Polygon","properties":{"code":"502011026","name":"Mandurah - East","state":"Western Australia"}},{"arcs":[[5566,5567,5568,-5563,-5555,-5560,5569]],"type":"Polygon","properties":{"code":"502011027","name":"Mandurah - North","state":"Western Australia"}},{"arcs":[[-5561,-5557,-5566,5570]],"type":"Polygon","properties":{"code":"502011028","name":"Mandurah - South","state":"Western Australia"}},{"arcs":[[-5569,5571,5572,5573,-5528,5574,-5564]],"type":"Polygon","properties":{"code":"502011029","name":"Pinjarra","state":"Western Australia"}},{"arcs":[[5575,5576,5577,5578,5579]],"type":"Polygon","properties":{"code":"503011030","name":"City Beach","state":"Western Australia"}},{"arcs":[[5580,5581,5582,5583,5584]],"type":"Polygon","properties":{"code":"503011031","name":"Claremont (WA)","state":"Western Australia"}},{"arcs":[[5585,-5584,5586,5587]],"type":"Polygon","properties":{"code":"503011032","name":"Cottesloe","state":"Western Australia"}},{"arcs":[[5588,5589,5590,5591,-5577]],"type":"Polygon","properties":{"code":"503011033","name":"Floreat","state":"Western Australia"}},{"arcs":[[-5583,5592,-5587]],"type":"Polygon","properties":{"code":"503011034","name":"Mosman Park - Peppermint Grove","state":"Western Australia"}},{"arcs":[[5593,5594,5595,5596,-5581]],"type":"Polygon","properties":{"code":"503011035","name":"Nedlands - Dalkeith - Crawley","state":"Western Australia"}},{"arcs":[[-5594,-5585,-5586,5597,-5578,-5592,5598]],"type":"Polygon","properties":{"code":"503011036","name":"Swanbourne - Mount Claremont","state":"Western Australia"}},{"arcs":[[-5596,5599,5600,5601]],"type":"Polygon","properties":{"code":"503021037","name":"Kings Park (WA)","state":"Western Australia"}},{"arcs":[[5602,5603,5604,5605,5606]],"type":"Polygon","properties":{"code":"503021038","name":"Mount Hawthorn - Leederville","state":"Western Australia"}},{"arcs":[[5607,5608,5609,5610,5611,5612,5613,5614]],"type":"Polygon","properties":{"code":"503021039","name":"Mount Lawley - Inglewood","state":"Western Australia"}},{"arcs":[[5615,-5614,5616,-5605,5617]],"type":"Polygon","properties":{"code":"503021040","name":"North Perth","state":"Western Australia"}},{"arcs":[[5618,-5600,-5595,-5599,-5591,5619]],"type":"Polygon","properties":{"code":"503021042","name":"Subiaco - Shenton Park","state":"Western Australia"}},{"arcs":[[5620,5621,5622,-5607,5623,-5620,-5590]],"type":"Polygon","properties":{"code":"503021043","name":"Wembley - West Leederville - Glendalough","state":"Western Australia"}},{"arcs":[[5624,-5612,5625,5626]],"type":"Polygon","properties":{"code":"503021295","name":"East Perth","state":"Western Australia"}},{"arcs":[[-5617,-5613,-5625,5627,-5606]],"type":"Polygon","properties":{"code":"503021296","name":"Perth (North) - Highgate","state":"Western Australia"}},{"arcs":[[-5624,-5628,-5627,5628,-5601,-5619]],"type":"Polygon","properties":{"code":"503021297","name":"Perth (West) - Northbridge","state":"Western Australia"}},{"arcs":[[5629,5630,5631,5632]],"type":"Polygon","properties":{"code":"504011044","name":"Bassendean - Eden Hill - Ashfield","state":"Western Australia"}},{"arcs":[[5633,-5633,5634,5635,-5609,5636]],"type":"Polygon","properties":{"code":"504011045","name":"Bayswater - Embleton - Bedford","state":"Western Australia"}},{"arcs":[[-5636,5637,-5610]],"type":"Polygon","properties":{"code":"504011046","name":"Maylands","state":"Western Australia"}},{"arcs":[[5638,5639,-5630,-5634,5640,5641,5642]],"type":"Polygon","properties":{"code":"504011047","name":"Morley","state":"Western Australia"}},{"arcs":[[5643,5644,-5643,5645]],"type":"Polygon","properties":{"code":"504011048","name":"Noranda","state":"Western Australia"}},{"arcs":[[5646,5647,5648,5649,5650]],"type":"Polygon","properties":{"code":"504021049","name":"Chidlow","state":"Western Australia"}},{"arcs":[[5651,5652,5653,5654,5655,5656]],"type":"Polygon","properties":{"code":"504021050","name":"Glen Forrest - Darlington","state":"Western Australia"}},{"arcs":[[5657,-5655,5658,5659,5660]],"type":"Polygon","properties":{"code":"504021051","name":"Helena Valley - Koongamia","state":"Western Australia"}},{"arcs":[[5661,5662,5663,5664,-5647]],"type":"Polygon","properties":{"code":"504021052","name":"Malmalling - Reservoir","state":"Western Australia"}},{"arcs":[[5665,5666,-5648,-5665,5667,-5652]],"type":"Polygon","properties":{"code":"504021053","name":"Mundaring","state":"Western Australia"}},{"arcs":[[5668,5669,-5656,-5658,5670]],"type":"Polygon","properties":{"code":"504021054","name":"Swan View - Greenmount - Midvale","state":"Western Australia"}},{"arcs":[[5671,5672,5673,5674]],"type":"Polygon","properties":{"code":"504031055","name":"Avon Valley National Park","state":"Western Australia"}},{"arcs":[[5675,5676,5677,5678,5679,5680]],"type":"Polygon","properties":{"code":"504031056","name":"Ballajura","state":"Western Australia"}},{"arcs":[[5681,-5639,-5645,5682,-5679,5683,5684,5685,5686]],"type":"Polygon","properties":{"code":"504031057","name":"Beechboro","state":"Western Australia"}},{"arcs":[[-5675,5687,5688,5689,5690,5691,5692,5693]],"type":"Polygon","properties":{"code":"504031058","name":"Bullsbrook","state":"Western Australia"}},{"arcs":[[5694,-5688,-5674,5695,-5649,-5667,5696,5697]],"type":"Polygon","properties":{"code":"504031060","name":"Gidgegannup","state":"Western Australia"}},{"arcs":[[-5660,5698,5699,5700,5701,5702,5703]],"type":"Polygon","properties":{"code":"504031061","name":"Hazelmere - Guildford","state":"Western Australia"}},{"arcs":[[5704,5705,5706,-5631,-5640,-5682]],"type":"Polygon","properties":{"code":"504031062","name":"Lockridge - Kiara","state":"Western Australia"}},{"arcs":[[5707,-5680,-5683,-5644,5708,5709]],"type":"Polygon","properties":{"code":"504031063","name":"Malaga","state":"Western Australia"}},{"arcs":[[5710,-5692,5711,-5684,-5678,5712,5713]],"type":"Polygon","properties":{"code":"504031064","name":"Melaleuca - Lexia","state":"Western Australia"}},{"arcs":[[5714,5715,5716,-5669,5717,-5705,-5687]],"type":"Polygon","properties":{"code":"504031065","name":"Middle Swan - Herne Hill","state":"Western Australia"}},{"arcs":[[-5718,-5671,-5661,-5704,5718,-5706]],"type":"Polygon","properties":{"code":"504031066","name":"Midland - Guildford","state":"Western Australia"}},{"arcs":[[5719,-5697,-5666,-5657,-5670,-5717]],"type":"Polygon","properties":{"code":"504031067","name":"Stratton - Jane Brook","state":"Western Australia"}},{"arcs":[[-5690,5720,-5698,-5720,-5716,5721,5722,5723]],"type":"Polygon","properties":{"code":"504031068","name":"The Vines","state":"Western Australia"}},{"arcs":[[-5695,-5721,-5689]],"type":"Polygon","properties":{"code":"504031069","name":"Walyunga National Park","state":"Western Australia"}},{"arcs":[[-5723,5724,5725]],"type":"Polygon","properties":{"code":"504031298","name":"Aveley","state":"Western Australia"}},{"arcs":[[5726,-5725,-5722,-5715,-5686]],"type":"Polygon","properties":{"code":"504031299","name":"Brabham - Henley Brook","state":"Western Australia"}},{"arcs":[[-5691,-5724,-5726,-5727,-5685,-5712]],"type":"Polygon","properties":{"code":"504031300","name":"Ellenbrook","state":"Western Australia"}},{"arcs":[[5727,5728,5729,5730,5731,5732,5733]],"type":"Polygon","properties":{"code":"505011070","name":"Craigie - Beldon","state":"Western Australia"}},{"arcs":[[5734,5735,5736,5737,5738]],"type":"Polygon","properties":{"code":"505011071","name":"Currambine - Kinross","state":"Western Australia"}},{"arcs":[[5739,5740,5741,5742]],"type":"Polygon","properties":{"code":"505011072","name":"Duncraig","state":"Western Australia"}},{"arcs":[[5743,5744,5745,5746,5747,5748,-5741]],"type":"Polygon","properties":{"code":"505011073","name":"Greenwood - Warwick","state":"Western Australia"}},{"arcs":[[-5738,5749,-5729,5750]],"type":"Polygon","properties":{"code":"505011074","name":"Heathridge - Connolly","state":"Western Australia"}},{"arcs":[[5751,5752,5753,5754]],"type":"Polygon","properties":{"code":"505011075","name":"Hillarys","state":"Western Australia"}},{"arcs":[[5755,-5739,5756,5757]],"type":"Polygon","properties":{"code":"505011076","name":"Iluka - Burns Beach","state":"Western Australia"}},{"arcs":[[5758,5759,5760,-5730,-5750,-5737]],"type":"Polygon","properties":{"code":"505011077","name":"Joondalup - Edgewater","state":"Western Australia"}},{"arcs":[[-5732,5761,5762,-5744,5763]],"type":"Polygon","properties":{"code":"505011078","name":"Kingsley","state":"Western Australia"}},{"arcs":[[5764,-5734,-5752,5765]],"type":"Polygon","properties":{"code":"505011079","name":"Mullaloo - Kallaroo","state":"Western Australia"}},{"arcs":[[-5757,-5751,-5728,-5765,5766]],"type":"Polygon","properties":{"code":"505011080","name":"Ocean Reef","state":"Western Australia"}},{"arcs":[[-5733,-5764,-5740,-5753]],"type":"Polygon","properties":{"code":"505011081","name":"Padbury","state":"Western Australia"}},{"arcs":[[-5743,5767,5768,-5754]],"type":"Polygon","properties":{"code":"505011082","name":"Sorrento - Marmion","state":"Western Australia"}},{"arcs":[[-5761,5769,5770,5771,-5762,-5731]],"type":"Polygon","properties":{"code":"505011083","name":"Woodvale","state":"Western Australia"}},{"arcs":[[5772,-5748,5773,5774,5775,5776]],"type":"Polygon","properties":{"code":"505021084","name":"Balcatta - Hamersley","state":"Western Australia"}},{"arcs":[[-5747,5777,5778,-5710,5779,5780,-5774]],"type":"Polygon","properties":{"code":"505021085","name":"Balga - Mirrabooka","state":"Western Australia"}},{"arcs":[[5781,-5622,5782]],"type":"Polygon","properties":{"code":"505021087","name":"Herdsman","state":"Western Australia"}},{"arcs":[[5783,5784,5785,5786,5787]],"type":"Polygon","properties":{"code":"505021088","name":"Innaloo - Doubleview","state":"Western Australia"}},{"arcs":[[-5742,-5749,-5773,5788,-5784,5789,5790]],"type":"Polygon","properties":{"code":"505021089","name":"Karrinyup - Gwelup - Carine","state":"Western Australia"}},{"arcs":[[-5781,5791,5792,5793,-5775]],"type":"Polygon","properties":{"code":"505021090","name":"Nollamara - Westminster","state":"Western Australia"}},{"arcs":[[5794,-5623,-5782,5795,-5786]],"type":"Polygon","properties":{"code":"505021091","name":"Osborne Park Industrial","state":"Western Australia"}},{"arcs":[[5796,-5790,-5788,5797,-5580,5798]],"type":"Polygon","properties":{"code":"505021092","name":"Scarborough","state":"Western Australia"}},{"arcs":[[-5789,-5777,5799,-5603,-5795,-5785]],"type":"Polygon","properties":{"code":"505021093","name":"Stirling - Osborne Park","state":"Western Australia"}},{"arcs":[[-5768,-5791,-5797,5800]],"type":"Polygon","properties":{"code":"505021094","name":"Trigg - North Beach - Watermans Bay","state":"Western Australia"}},{"arcs":[[-5776,5801,-5618,-5604,-5800]],"type":"Polygon","properties":{"code":"505021095","name":"Tuart Hill - Joondanna","state":"Western Australia"}},{"arcs":[[-5787,-5796,-5783,-5621,-5589,-5576,-5798]],"type":"Polygon","properties":{"code":"505021096","name":"Wembley Downs - Churchlands - Woodlands","state":"Western Australia"}},{"arcs":[[-5794,5802,-5615,-5616,-5802]],"type":"Polygon","properties":{"code":"505021097","name":"Yokine - Coolbinia - Menora","state":"Western Australia"}},{"arcs":[[-5780,-5709,-5646,-5642,5803,-5792]],"type":"Polygon","properties":{"code":"505021301","name":"Dianella - North","state":"Western Australia"}},{"arcs":[[-5793,-5804,-5641,-5637,-5608,-5803]],"type":"Polygon","properties":{"code":"505021302","name":"Dianella - South","state":"Western Australia"}},{"arcs":[[5804,-5681,-5708,-5779,5805,5806]],"type":"Polygon","properties":{"code":"505031098","name":"Alexander Heights - Koondoola","state":"Western Australia"}},{"arcs":[[5807,5808,5809,5810]],"type":"Polygon","properties":{"code":"505031099","name":"Butler - Merriwa - Ridgewood","state":"Western Australia"}},{"arcs":[[5811,5812,5813]],"type":"Polygon","properties":{"code":"505031100","name":"Carramar","state":"Western Australia"}},{"arcs":[[-5810,5814,-5735,-5756,5815,5816]],"type":"Polygon","properties":{"code":"505031101","name":"Clarkson","state":"Western Australia"}},{"arcs":[[5817,-5806,-5778,-5746]],"type":"Polygon","properties":{"code":"505031102","name":"Girrawheen","state":"Western Australia"}},{"arcs":[[5818,-5807,-5818,-5745]],"type":"Polygon","properties":{"code":"505031104","name":"Marangaroo","state":"Western Australia"}},{"arcs":[[5819,-5811,-5817,5820]],"type":"Polygon","properties":{"code":"505031105","name":"Mindarie - Quinns Rocks - Jindalee","state":"Western Australia"}},{"arcs":[[-5809,5821,5822,-5814,5823,-5759,-5736,-5815]],"type":"Polygon","properties":{"code":"505031106","name":"Neerabup National Park","state":"Western Australia"}},{"arcs":[[5824,-5714,5825,5826,-5813]],"type":"Polygon","properties":{"code":"505031107","name":"Tapping - Ashby - Sinagra","state":"Western Australia"}},{"arcs":[[5827,5828,-5822,-5808,-5820,5829]],"type":"Polygon","properties":{"code":"505031255","name":"Alkimos - Eglinton","state":"Western Australia"}},{"arcs":[[5830,5831,-5693,-5711,-5825,-5812,-5823,-5829,5832,5833]],"type":"Polygon","properties":{"code":"505031256","name":"Carabooda - Pinjar","state":"Western Australia"}},{"arcs":[[-5834,5834,5835,5836]],"type":"Polygon","properties":{"code":"505031257","name":"Two Rocks","state":"Western Australia"}},{"arcs":[[-5833,-5828,5837,-5835]],"type":"Polygon","properties":{"code":"505031258","name":"Yanchep","state":"Western Australia"}},{"arcs":[[-5826,-5713,-5677,5838,5839,-5771,5840]],"type":"Polygon","properties":{"code":"505031303","name":"Hocking - Pearsall","state":"Western Australia"}},{"arcs":[[-5676,-5805,5841,-5839]],"type":"Polygon","properties":{"code":"505031304","name":"Landsdale","state":"Western Australia"}},{"arcs":[[-5772,-5840,-5842,-5819,-5763]],"type":"Polygon","properties":{"code":"505031305","name":"Madeley - Darch","state":"Western Australia"}},{"arcs":[[-5824,-5827,-5841,-5770,-5760]],"type":"Polygon","properties":{"code":"505031306","name":"Wanneroo - Sinagra","state":"Western Australia"}},{"arcs":[[5842,5843,5844,5845,5846,5847]],"type":"Polygon","properties":{"code":"506011110","name":"Armadale - Wungong - Brookdale","state":"Western Australia"}},{"arcs":[[5848,5849,5850,5851,5852,5853,5854]],"type":"Polygon","properties":{"code":"506011111","name":"Ashendon - Lesley","state":"Western Australia"}},{"arcs":[[5855,5856,5857,5858,5859]],"type":"Polygon","properties":{"code":"506011112","name":"Camillo - Champion Lakes","state":"Western Australia"}},{"arcs":[[5860,5861,5862,5863,-5843,5864,-5856]],"type":"Polygon","properties":{"code":"506011114","name":"Kelmscott","state":"Western Australia"}},{"arcs":[[-5864,5865,-5854,5866,5867,-5844]],"type":"Polygon","properties":{"code":"506011115","name":"Mount Nasura - Mount Richon - Bedfordale","state":"Western Australia"}},{"arcs":[[5868,5869,-5855,-5866,-5863]],"type":"Polygon","properties":{"code":"506011116","name":"Roleystone","state":"Western Australia"}},{"arcs":[[-5865,-5848,5870,-5857]],"type":"Polygon","properties":{"code":"506011117","name":"Seville Grove","state":"Western Australia"}},{"arcs":[[5871,5872,5873]],"type":"Polygon","properties":{"code":"506011307","name":"Harrisdale","state":"Western Australia"}},{"arcs":[[-5874,5874,-5858,-5871,-5847,5875,5876]],"type":"Polygon","properties":{"code":"506011308","name":"Piara Waters - Forrestdale","state":"Western Australia"}},{"arcs":[[-5702,5877,5878,5879,5880]],"type":"Polygon","properties":{"code":"506021118","name":"Belmont - Ascot - Redcliffe","state":"Western Australia"}},{"arcs":[[5881,5882,5883,5884,5885,5886]],"type":"Polygon","properties":{"code":"506021119","name":"East Victoria Park - Carlisle","state":"Western Australia"}},{"arcs":[[5887,5888,5889,5890,5891]],"type":"Polygon","properties":{"code":"506021120","name":"Kewdale Commercial","state":"Western Australia"}},{"arcs":[[5892,-5888,5893,-5878,-5701,5894]],"type":"Polygon","properties":{"code":"506021121","name":"Perth Airport","state":"Western Australia"}},{"arcs":[[5895,-5887,5896,5897]],"type":"Polygon","properties":{"code":"506021123","name":"Victoria Park - Lathlain - Burswood","state":"Western Australia"}},{"arcs":[[-5894,-5892,5898,5899,-5879]],"type":"Polygon","properties":{"code":"506021309","name":"Cloverdale","state":"Western Australia"}},{"arcs":[[-5899,-5891,5900,-5883,5901]],"type":"Polygon","properties":{"code":"506021310","name":"Kewdale","state":"Western Australia"}},{"arcs":[[-5880,-5900,-5902,-5882,-5896,5902]],"type":"Polygon","properties":{"code":"506021311","name":"Rivervale","state":"Western Australia"}},{"arcs":[[5903,5904,5905,5906,5907,5908,5909,5910,-5885]],"type":"Polygon","properties":{"code":"506031124","name":"Bentley - Wilson - St James","state":"Western Australia"}},{"arcs":[[5911,5912,5913,5914]],"type":"Polygon","properties":{"code":"506031125","name":"Canning Vale - West","state":"Western Australia"}},{"arcs":[[5915,5916,-5915,5917,5918,5919,5920]],"type":"Polygon","properties":{"code":"506031126","name":"Canning Vale Commercial","state":"Western Australia"}},{"arcs":[[5921,5922,5923,-5905]],"type":"Polygon","properties":{"code":"506031127","name":"Cannington - Queens Park","state":"Western Australia"}},{"arcs":[[-5906,-5924,5924,-5921,5925,5926]],"type":"Polygon","properties":{"code":"506031128","name":"Parkwood - Ferndale - Lynwood","state":"Western Australia"}},{"arcs":[[-5907,-5927,5927,5928,5929,5930]],"type":"Polygon","properties":{"code":"506031129","name":"Riverton - Shelley - Rossmoyne","state":"Western Australia"}},{"arcs":[[5931,5932,-5922,-5904,-5884,-5901,-5890]],"type":"Polygon","properties":{"code":"506031130","name":"Welshpool","state":"Western Australia"}},{"arcs":[[-5928,-5926,-5920,5933,5934]],"type":"Polygon","properties":{"code":"506031131","name":"Willetton","state":"Western Australia"}},{"arcs":[[-5923,-5933,5935,5936,5937,-5925]],"type":"Polygon","properties":{"code":"506041132","name":"Beckenham - Kenwick - Langford","state":"Western Australia"}},{"arcs":[[-5917,5938,5939,-5872,5940,-5912]],"type":"Polygon","properties":{"code":"506041133","name":"Canning Vale - East","state":"Western Australia"}},{"arcs":[[5941,5942,-5861,-5860,5943]],"type":"Polygon","properties":{"code":"506041134","name":"Gosnells","state":"Western Australia"}},{"arcs":[[5944,-5944,-5859,-5875,-5873,-5940]],"type":"Polygon","properties":{"code":"506041135","name":"Huntingdale - Southern River","state":"Western Australia"}},{"arcs":[[5945,5946,-5869,-5862,-5943,5947,-5937]],"type":"Polygon","properties":{"code":"506041136","name":"Maddington - Orange Grove - Martin","state":"Western Australia"}},{"arcs":[[-5948,-5942,-5945,-5939,-5916,-5938]],"type":"Polygon","properties":{"code":"506041137","name":"Thornlie","state":"Western Australia"}},{"arcs":[[-5893,5948,5949,5950,-5946,-5936,-5932,-5889]],"type":"Polygon","properties":{"code":"506051138","name":"Forrestfield - Wattle Grove","state":"Western Australia"}},{"arcs":[[-5700,5951,-5949,-5895]],"type":"Polygon","properties":{"code":"506051139","name":"High Wycombe","state":"Western Australia"}},{"arcs":[[-5699,-5659,-5654,5952,-5950,-5952]],"type":"Polygon","properties":{"code":"506051140","name":"Kalamunda - Maida Vale - Gooseberry Hill","state":"Western Australia"}},{"arcs":[[-5953,-5653,-5668,-5664,5953,-5849,-5870,-5947,-5951]],"type":"Polygon","properties":{"code":"506051141","name":"Lesmurdie - Bickley - Carmel","state":"Western Australia"}},{"arcs":[[-5845,-5868,5954]],"type":"Polygon","properties":{"code":"506061142","name":"Byford","state":"Western Australia"}},{"arcs":[[5955,-5876,-5846,-5955,-5867,-5853,5956,5957,5958]],"type":"Polygon","properties":{"code":"506061143","name":"Mundijong","state":"Western Australia"}},{"arcs":[[-5852,5959,5960,-5573,5961,5962,5963,-5957]],"type":"Polygon","properties":{"code":"506061144","name":"Serpentine - Jarrahdale","state":"Western Australia"}},{"arcs":[[5964,-5910,5965,5966]],"type":"Polygon","properties":{"code":"506071145","name":"Como","state":"Western Australia"}},{"arcs":[[-5909,5967,-5966]],"type":"Polygon","properties":{"code":"506071146","name":"Manning - Waterford","state":"Western Australia"}},{"arcs":[[-5897,-5886,-5911,-5965,5968]],"type":"Polygon","properties":{"code":"506071147","name":"South Perth - Kensington","state":"Western Australia"}},{"arcs":[[5969,-5913,-5941,-5877,-5956,5970,5971]],"type":"Polygon","properties":{"code":"507011148","name":"Banjup","state":"Western Australia"}},{"arcs":[[5972,5973,5974,5975,5976]],"type":"Polygon","properties":{"code":"507011150","name":"Bibra Industrial","state":"Western Australia"}},{"arcs":[[5977,5978,-5977,5979]],"type":"Polygon","properties":{"code":"507011151","name":"Bibra Lake","state":"Western Australia"}},{"arcs":[[5980,5981,5982,5983,5984,5985]],"type":"Polygon","properties":{"code":"507011152","name":"Coogee","state":"Western Australia"}},{"arcs":[[5986,5987,-5980,-5976,5988]],"type":"Polygon","properties":{"code":"507011153","name":"Coolbellup","state":"Western Australia"}},{"arcs":[[-5989,5989,5990,5991]],"type":"Polygon","properties":{"code":"507011154","name":"Hamilton Hill","state":"Western Australia"}},{"arcs":[[-5985,5992,5993,5994,5995]],"type":"Polygon","properties":{"code":"507011155","name":"Henderson","state":"Western Australia"}},{"arcs":[[5996,-5991,5997,-5981,5998]],"type":"Polygon","properties":{"code":"507011158","name":"North Coogee","state":"Western Australia"}},{"arcs":[[5999,6000,6001,6002,6003,6004,-5973,-5979]],"type":"Polygon","properties":{"code":"507011159","name":"South Lake - Cockburn Central","state":"Western Australia"}},{"arcs":[[-5975,-5982,-5998,-5990]],"type":"Polygon","properties":{"code":"507011160","name":"Spearwood","state":"Western Australia"}},{"arcs":[[-6003,-5972,6005,6006]],"type":"Polygon","properties":{"code":"507011161","name":"Success - Hammond Park","state":"Western Australia"}},{"arcs":[[-6005,6007,-5983,-5974]],"type":"Polygon","properties":{"code":"507011163","name":"Yangebup","state":"Western Australia"}},{"arcs":[[-6008,-6004,-6007,6008,6009,-5993,-5984]],"type":"Polygon","properties":{"code":"507011259","name":"Beeliar - Wattleup","state":"Western Australia"}},{"arcs":[[6010,-5918,-5914,-5970,-6002]],"type":"Polygon","properties":{"code":"507011260","name":"Jandakot","state":"Western Australia"}},{"arcs":[[6011,6012,6013]],"type":"Polygon","properties":{"code":"507021164","name":"East Fremantle","state":"Western Australia"}},{"arcs":[[[-6013,6014,6015,6016,6017]],[[6018]]],"type":"MultiPolygon","properties":{"code":"507021165","name":"Fremantle","state":"Western Australia"}},{"arcs":[[-6017,6019,6020,-5987,-5992,-5997,6021]],"type":"Polygon","properties":{"code":"507021166","name":"Fremantle - South","state":"Western Australia"}},{"arcs":[[6022,6023,6024,-6020,-6016]],"type":"Polygon","properties":{"code":"507021167","name":"O'Connor (WA)","state":"Western Australia"}},{"arcs":[[6025,6026,6027,6028,6029]],"type":"Polygon","properties":{"code":"507031169","name":"Wellard (West) - Bertram","state":"Western Australia"}},{"arcs":[[6030,6031,-6030,6032,6033,6034,6035]],"type":"Polygon","properties":{"code":"507031170","name":"Calista","state":"Western Australia"}},{"arcs":[[-5994,-6010,6036,-6027,6037,-6031,6038]],"type":"Polygon","properties":{"code":"507031172","name":"Hope Valley - Postans","state":"Western Australia"}},{"arcs":[[-6036,6039,6040,-5995,-6039]],"type":"Polygon","properties":{"code":"507031173","name":"Kwinana Industrial","state":"Western Australia"}},{"arcs":[[-6038,-6026,-6032]],"type":"Polygon","properties":{"code":"507031174","name":"Parmelia - Orelia","state":"Western Australia"}},{"arcs":[[-6009,-6006,-5971,-5959,6041,-6028,-6037]],"type":"Polygon","properties":{"code":"507031261","name":"Casuarina - Wandi","state":"Western Australia"}},{"arcs":[[6042,6043,6044]],"type":"Polygon","properties":{"code":"507041175","name":"Applecross - Ardross","state":"Western Australia"}},{"arcs":[[6045,6046,6047,6048]],"type":"Polygon","properties":{"code":"507041176","name":"Bateman","state":"Western Australia"}},{"arcs":[[6049,6050,6051,-6023,-6015,-6012]],"type":"Polygon","properties":{"code":"507041177","name":"Bicton - Palmyra","state":"Western Australia"}},{"arcs":[[6052,-5930,6053,-6046,6054,6055,-6043]],"type":"Polygon","properties":{"code":"507041178","name":"Booragoon","state":"Western Australia"}},{"arcs":[[-6054,-5929,-5935,6056,-6047]],"type":"Polygon","properties":{"code":"507041179","name":"Bull Creek","state":"Western Australia"}},{"arcs":[[-6057,-5934,-5919,-6011,-6001,6057]],"type":"Polygon","properties":{"code":"507041180","name":"Leeming","state":"Western Australia"}},{"arcs":[[6058,-6044,-6056,6059,6060,-6051]],"type":"Polygon","properties":{"code":"507041181","name":"Melville","state":"Western Australia"}},{"arcs":[[-6048,-6058,-6000,-5978,-5988,-6021,-6025,6061,6062]],"type":"Polygon","properties":{"code":"507041182","name":"Murdoch - Kardinya","state":"Western Australia"}},{"arcs":[[-6061,6063,-6062,-6024,-6052]],"type":"Polygon","properties":{"code":"507041183","name":"Willagee","state":"Western Australia"}},{"arcs":[[-6060,-6055,-6049,-6063,-6064]],"type":"Polygon","properties":{"code":"507041184","name":"Winthrop","state":"Western Australia"}},{"arcs":[[6064,6065,6066,6067]],"type":"Polygon","properties":{"code":"507051186","name":"Cooloongup","state":"Western Australia"}},{"arcs":[[6068,6069,6070,6071,6072,6073]],"type":"Polygon","properties":{"code":"507051187","name":"Port Kennedy","state":"Western Australia"}},{"arcs":[[-6040,-6035,6074,-6068,6075,6076]],"type":"Polygon","properties":{"code":"507051188","name":"Rockingham","state":"Western Australia"}},{"arcs":[[-6065,-6075,-6034,6077,6078,-6070,6079,6080]],"type":"Polygon","properties":{"code":"507051189","name":"Rockingham Lakes","state":"Western Australia"}},{"arcs":[[6081,6082,-6076,-6067]],"type":"Polygon","properties":{"code":"507051190","name":"Safety Bay - Shoalwater","state":"Western Australia"}},{"arcs":[[6083,-5567,6084,-6073]],"type":"Polygon","properties":{"code":"507051191","name":"Singleton - Golden Bay - Secret Harbour","state":"Western Australia"}},{"arcs":[[-6066,-6081,6085,6086,-6082]],"type":"Polygon","properties":{"code":"507051192","name":"Waikiki","state":"Western Australia"}},{"arcs":[[-6080,-6069,6087,-6086]],"type":"Polygon","properties":{"code":"507051193","name":"Warnbro","state":"Western Australia"}},{"arcs":[[-6033,-6029,-6042,-5958,-5964,6088,-6078]],"type":"Polygon","properties":{"code":"507051312","name":"Baldivis - North","state":"Western Australia"}},{"arcs":[[-6089,-5963,6089,-6071,-6079]],"type":"Polygon","properties":{"code":"507051313","name":"Baldivis - South","state":"Western Australia"}},{"arcs":[[-6084,-6072,-6090,-5962,-5572,-5568]],"type":"Polygon","properties":{"code":"507051314","name":"Karnup","state":"Western Australia"}},{"arcs":[[6090,6091,6092,6093]],"type":"Polygon","properties":{"code":"509011225","name":"Albany","state":"Western Australia"}},{"arcs":[[6094,6095,6096,6097,6098,6099,6100,6101,6102]],"type":"Polygon","properties":{"code":"509011226","name":"Albany Surrounds","state":"Western Australia"}},{"arcs":[[6103,-6091,6104,-6101]],"type":"Polygon","properties":{"code":"509011227","name":"Bayonet Head - Lower King","state":"Western Australia"}},{"arcs":[[6105,-6096,6106,-5547]],"type":"Polygon","properties":{"code":"509011228","name":"Denmark","state":"Western Australia"}},{"arcs":[[6107,6108,6109,-6099,6110,6111,6112]],"type":"Polygon","properties":{"code":"509011229","name":"Gnowangerup","state":"Western Australia"}},{"arcs":[[6113,6114,-6113,6115]],"type":"Polygon","properties":{"code":"509011230","name":"Katanning","state":"Western Australia"}},{"arcs":[[6116,-6116,-6112,6117,6118,-5545,-5540]],"type":"Polygon","properties":{"code":"509011231","name":"Kojonup","state":"Western Australia"}},{"arcs":[[6119,-6093,6120,-6103]],"type":"Polygon","properties":{"code":"509011232","name":"Little Grove - Elleker","state":"Western Australia"}},{"arcs":[[-6105,-6094,-6120,-6102]],"type":"Polygon","properties":{"code":"509011233","name":"McKail - Willyung","state":"Western Australia"}},{"arcs":[[-6119,6121,-6097,-6106,-5546]],"type":"Polygon","properties":{"code":"509011234","name":"Plantagenet","state":"Western Australia"}},{"arcs":[[-6118,-6111,-6098,-6122]],"type":"Polygon","properties":{"code":"509011235","name":"Stirling Range National Park","state":"Western Australia"}},{"arcs":[[6122,6123,-5672,-5694,-5832,6124]],"type":"Polygon","properties":{"code":"509021236","name":"Chittering","state":"Western Australia"}},{"arcs":[[6125,6126,6127,6128,6129,6130]],"type":"Polygon","properties":{"code":"509021237","name":"Cunderdin","state":"Western Australia"}},{"arcs":[[6131,-6126,6132,6133,6134]],"type":"Polygon","properties":{"code":"509021238","name":"Dowerin","state":"Western Australia"}},{"arcs":[[6135,6136,-6125,-5831,-5837,6137]],"type":"Polygon","properties":{"code":"509021239","name":"Gingin - Dandaragan","state":"Western Australia"}},{"arcs":[[6138,6139,6140,-6128]],"type":"Polygon","properties":{"code":"509021240","name":"Merredin","state":"Western Australia"}},{"arcs":[[6141,6142,6143,-6135,6144,-6123,-6137]],"type":"Polygon","properties":{"code":"509021241","name":"Moora","state":"Western Australia"}},{"arcs":[[-6144,6145,6146,6147,6148,-6139,-6127,-6132]],"type":"Polygon","properties":{"code":"509021242","name":"Mukinbudin","state":"Western Australia"}},{"arcs":[[-6133,-6131,6149,-5662,-5651,6150]],"type":"Polygon","properties":{"code":"509021243","name":"Northam","state":"Western Australia"}},{"arcs":[[-6145,-6134,-6151,-5650,-5696,-5673,-6124]],"type":"Polygon","properties":{"code":"509021244","name":"Toodyay","state":"Western Australia"}},{"arcs":[[-6130,6151,-5850,-5954,-5663,-6150]],"type":"Polygon","properties":{"code":"509021245","name":"York - Beverley","state":"Western Australia"}},{"arcs":[[-6129,-6141,6152,6153,6154,-5960,-5851,-6152]],"type":"Polygon","properties":{"code":"509031246","name":"Brookton","state":"Western Australia"}},{"arcs":[[-6140,-6149,6155,6156,-6108,-6115,6157,-6153]],"type":"Polygon","properties":{"code":"509031247","name":"Kulin","state":"Western Australia"}},{"arcs":[[-5574,-5961,-6155,6158,-5509,-5523,-5529]],"type":"Polygon","properties":{"code":"509031248","name":"Murray","state":"Western Australia"}},{"arcs":[[6159]],"type":"Polygon","properties":{"code":"509031249","name":"Narrogin","state":"Western Australia"}},{"arcs":[[-6158,-6114,-6117,-5539,-5510,-6159,-6154],[-6160]],"type":"Polygon","properties":{"code":"509031250","name":"Wagin","state":"Western Australia"}},{"arcs":[[6160,6161]],"type":"Polygon","properties":{"code":"510011262","name":"Broome","state":"Western Australia"}},{"arcs":[[6162,6163,6164,6165,6166,6167]],"type":"Polygon","properties":{"code":"510011263","name":"Derby - West Kimberley","state":"Western Australia"}},{"arcs":[[6168,6169,6170,6171,-6165]],"type":"Polygon","properties":{"code":"510011264","name":"Halls Creek","state":"Western Australia"}},{"arcs":[[[-6164,6172,6173,-6169]],[[6174]],[[6175]],[[6176]],[[6177]]],"type":"MultiPolygon","properties":{"code":"510011265","name":"Kununurra","state":"Western Australia"}},{"arcs":[[-6167,6178,6179,-6161,6180]],"type":"Polygon","properties":{"code":"510011266","name":"Roebuck","state":"Western Australia"}},{"arcs":[[-6179,-6166,-6172,6181,6182,6183,6184,6185,6186,6187,6188,6189,6190],[6191]],"type":"Polygon","properties":{"code":"510021267","name":"East Pilbara","state":"Western Australia"}},{"arcs":[[-6192]],"type":"Polygon","properties":{"code":"510021268","name":"Newman","state":"Western Australia"}},{"arcs":[[-6190,6192,-6188,6193]],"type":"Polygon","properties":{"code":"510021269","name":"Port Hedland","state":"Western Australia"}},{"arcs":[[-6193,-6189]],"type":"Polygon","properties":{"code":"510021270","name":"South Hedland","state":"Western Australia"}},{"arcs":[[[-6185,6194,6195,6196,6197]],[[6198]]],"type":"MultiPolygon","properties":{"code":"510031271","name":"Ashburton (WA)","state":"Western Australia"}},{"arcs":[[6199,6200]],"type":"Polygon","properties":{"code":"510031272","name":"Karratha","state":"Western Australia"}},{"arcs":[[-6186,-6198,6201,-6201,6202]],"type":"Polygon","properties":{"code":"510031273","name":"Roebourne","state":"Western Australia"}},{"arcs":[[6203,6204]],"type":"Polygon","properties":{"code":"511011274","name":"Esperance","state":"Western Australia"}},{"arcs":[[6205,6206,-6205,6207,-6109,-6157]],"type":"Polygon","properties":{"code":"511011275","name":"Esperance Surrounds","state":"Western Australia"}},{"arcs":[[6208,6209]],"type":"Polygon","properties":{"code":"511021276","name":"Carnarvon","state":"Western Australia"}},{"arcs":[[[-6196,6210,6211,6212,-6210,6213]],[[6214]],[[6215]]],"type":"MultiPolygon","properties":{"code":"511021277","name":"Exmouth","state":"Western Australia"}},{"arcs":[[6216,6217,6218,6219]],"type":"Polygon","properties":{"code":"511031278","name":"Boulder","state":"Western Australia"}},{"arcs":[[6220,6221,-6220,6222,6223,6224]],"type":"Polygon","properties":{"code":"511031279","name":"Kalgoorlie","state":"Western Australia"}},{"arcs":[[-6225,6225]],"type":"Polygon","properties":{"code":"511031280","name":"Kalgoorlie - North","state":"Western Australia"}},{"arcs":[[-6223,-6219,6226]],"type":"Polygon","properties":{"code":"511031281","name":"Kalgoorlie Airport","state":"Western Australia"}},{"arcs":[[6227,-5399,-5392,6228,-6206,-6156,-6148],[-6224,-6227,-6218,6229,-6221,-6226]],"type":"Polygon","properties":{"code":"511031282","name":"Kambalda - Coolgardie - Norseman","state":"Western Australia"}},{"arcs":[[-6183,6230,6231,-5405,-5396,-6228,-6147,6232]],"type":"Polygon","properties":{"code":"511031283","name":"Leinster - Leonora","state":"Western Australia"}},{"arcs":[[-6222,-6230,-6217]],"type":"Polygon","properties":{"code":"511031284","name":"Trafalgar (WA)","state":"Western Australia"}},{"arcs":[[6233,6234,6235,6236]],"type":"Polygon","properties":{"code":"511041285","name":"Geraldton","state":"Western Australia"}},{"arcs":[[6237,6238,6239,-6235]],"type":"Polygon","properties":{"code":"511041286","name":"Geraldton - East","state":"Western Australia"}},{"arcs":[[6240,-6238,-6234,6241]],"type":"Polygon","properties":{"code":"511041287","name":"Geraldton - North","state":"Western Australia"}},{"arcs":[[-6236,-6240,6242,6243]],"type":"Polygon","properties":{"code":"511041288","name":"Geraldton - South","state":"Western Australia"}},{"arcs":[[6244,6245,6246]],"type":"Polygon","properties":{"code":"511041289","name":"Irwin","state":"Western Australia"}},{"arcs":[[-6195,-6184,-6233,-6146,-6143,6247,6248,-6211]],"type":"Polygon","properties":{"code":"511041290","name":"Meekatharra","state":"Western Australia"}},{"arcs":[[6249,-6248,-6142,-6136,6250,-6246]],"type":"Polygon","properties":{"code":"511041291","name":"Morawa","state":"Western Australia"}},{"arcs":[[-6212,-6249,-6250,-6245,6251,-6243,-6239,-6241,6252]],"type":"Polygon","properties":{"code":"511041292","name":"Northampton - Mullewa - Greenough","state":"Western Australia"}},{"arcs":[[[6253,6254,6255,6256,6257]],[[6258,6259,6260]]],"type":"MultiPolygon","properties":{"code":"601011001","name":"Bridgewater - Gagebrook","state":"Tasmania"}},{"arcs":[[6261,6262,-6259,6263,-6257,6264]],"type":"Polygon","properties":{"code":"601011002","name":"Brighton - Pontville","state":"Tasmania"}},{"arcs":[[-6260,-6263,6265,6266,6267]],"type":"Polygon","properties":{"code":"601011003","name":"Old Beach - Otago","state":"Tasmania"}},{"arcs":[[6268,6269,6270,6271]],"type":"Polygon","properties":{"code":"601021004","name":"Bellerive - Rosny","state":"Tasmania"}},{"arcs":[[6272,6273,6274,6275,6276,6277,6278,6279,6280]],"type":"Polygon","properties":{"code":"601021005","name":"Cambridge","state":"Tasmania"}},{"arcs":[[6281,6282,6283]],"type":"Polygon","properties":{"code":"601021006","name":"Geilston Bay - Risdon","state":"Tasmania"}},{"arcs":[[6284,-6273,6285,6286,-6271]],"type":"Polygon","properties":{"code":"601021007","name":"Howrah - Tranmere","state":"Tasmania"}},{"arcs":[[-6283,6287,-6275,6288,-6269,6289]],"type":"Polygon","properties":{"code":"601021008","name":"Lindisfarne - Rose Bay","state":"Tasmania"}},{"arcs":[[-6274,-6285,-6270,-6289]],"type":"Polygon","properties":{"code":"601021009","name":"Mornington - Warrane","state":"Tasmania"}},{"arcs":[[6290,-6267,6291,-6276,-6288,-6282]],"type":"Polygon","properties":{"code":"601021010","name":"Risdon Vale","state":"Tasmania"}},{"arcs":[[-6281,6292,-6286]],"type":"Polygon","properties":{"code":"601021011","name":"Rokeby","state":"Tasmania"}},{"arcs":[[-6279,6293]],"type":"Polygon","properties":{"code":"601021012","name":"South Arm","state":"Tasmania"}},{"arcs":[[6294,6295,6296]],"type":"Polygon","properties":{"code":"601031013","name":"Austins Ferry - Granton","state":"Tasmania"}},{"arcs":[[6297,6298,6299,6300,6301,6302]],"type":"Polygon","properties":{"code":"601031014","name":"Berriedale - Chigwell","state":"Tasmania"}},{"arcs":[[-6295,6303,-6303,6304]],"type":"Polygon","properties":{"code":"601031015","name":"Claremont (Tas.)","state":"Tasmania"}},{"arcs":[[6305,6306,6307,6308]],"type":"Polygon","properties":{"code":"601031016","name":"Derwent Park - Lutana","state":"Tasmania"}},{"arcs":[[6309,-6309,6310,6311,6312,6313,6314]],"type":"Polygon","properties":{"code":"601031017","name":"Glenorchy","state":"Tasmania"}},{"arcs":[[6315,-6315,6316,-6299]],"type":"Polygon","properties":{"code":"601031018","name":"Montrose - Rosetta","state":"Tasmania"}},{"arcs":[[-6311,-6308,6317,6318,6319]],"type":"Polygon","properties":{"code":"601031019","name":"Moonah","state":"Tasmania"}},{"arcs":[[-6254,6320,-6296,-6305,-6302,6321]],"type":"Polygon","properties":{"code":"601031020","name":"New Norfolk","state":"Tasmania"}},{"arcs":[[-6320,6322,-6312]],"type":"Polygon","properties":{"code":"601031021","name":"West Moonah","state":"Tasmania"}},{"arcs":[[6323,6324,6325,6326,6327,6328,6329]],"type":"Polygon","properties":{"code":"601041022","name":"Kingston - Huntingfield","state":"Tasmania"}},{"arcs":[[6330,6331,-6329]],"type":"Polygon","properties":{"code":"601041023","name":"Kingston Beach - Blackmans Bay","state":"Tasmania"}},{"arcs":[[6332,-6330,-6332,6333,6334,6335,6336]],"type":"Polygon","properties":{"code":"601041024","name":"Margate - Snug","state":"Tasmania"}},{"arcs":[[-6317,-6314,6337,6338,-6324,-6333,6339,6340,-6300]],"type":"Polygon","properties":{"code":"601041025","name":"Mount Wellington","state":"Tasmania"}},{"arcs":[[6341,6342,6343,-6327]],"type":"Polygon","properties":{"code":"601041026","name":"Taroona - Bonnet Hill","state":"Tasmania"}},{"arcs":[[6344,6345,6346,6347,6348,6349,6350]],"type":"Polygon","properties":{"code":"601051027","name":"Hobart","state":"Tasmania"}},{"arcs":[[-6323,-6319,6351,-6345,6352,6353,-6338,-6313]],"type":"Polygon","properties":{"code":"601051028","name":"Lenah Valley - Mount Stuart","state":"Tasmania"}},{"arcs":[[-6349,6354,-6342,-6326,6355]],"type":"Polygon","properties":{"code":"601051029","name":"Mount Nelson - Dynnyrne","state":"Tasmania"}},{"arcs":[[-6307,6356,-6346,-6352,-6318]],"type":"Polygon","properties":{"code":"601051030","name":"New Town","state":"Tasmania"}},{"arcs":[[-6348,6357,-6343,-6355]],"type":"Polygon","properties":{"code":"601051031","name":"Sandy Bay","state":"Tasmania"}},{"arcs":[[-6354,6358,-6350,-6356,-6325,-6339]],"type":"Polygon","properties":{"code":"601051032","name":"South Hobart - Fern Tree","state":"Tasmania"}},{"arcs":[[-6351,-6359,-6353]],"type":"Polygon","properties":{"code":"601051033","name":"West Hobart","state":"Tasmania"}},{"arcs":[[6359,6360,6361]],"type":"Polygon","properties":{"code":"601061034","name":"Dodges Ferry - Lewisham","state":"Tasmania"}},{"arcs":[[6362,6363,-6360,6364,-6277,-6292,-6266,-6262]],"type":"Polygon","properties":{"code":"601061035","name":"Sorell - Richmond","state":"Tasmania"}},{"arcs":[[6365,6366]],"type":"Polygon","properties":{"code":"602011036","name":"Invermay","state":"Tasmania"}},{"arcs":[[6367,6368,6369,6370,6371]],"type":"Polygon","properties":{"code":"602011037","name":"Kings Meadows - Punchbowl","state":"Tasmania"}},{"arcs":[[6372,6373,6374,6375]],"type":"Polygon","properties":{"code":"602011038","name":"Launceston","state":"Tasmania"}},{"arcs":[[6376,6377,6378]],"type":"Polygon","properties":{"code":"602011039","name":"Legana","state":"Tasmania"}},{"arcs":[[6379,6380,6381,-6366,6382]],"type":"Polygon","properties":{"code":"602011040","name":"Mowbray","state":"Tasmania"}},{"arcs":[[6383,6384,-6380,6385]],"type":"Polygon","properties":{"code":"602011041","name":"Newnham - Mayfield","state":"Tasmania"}},{"arcs":[[6386,6387,6388,-6368,6389,-6373]],"type":"Polygon","properties":{"code":"602011042","name":"Newstead","state":"Tasmania"}},{"arcs":[[-6389,6390,6391,-6369]],"type":"Polygon","properties":{"code":"602011043","name":"Norwood (Tas.)","state":"Tasmania"}},{"arcs":[[6392,6393,6394,6395,6396]],"type":"Polygon","properties":{"code":"602011044","name":"Prospect Vale - Blackstone","state":"Tasmania"}},{"arcs":[[-6385,6397,6398,6399,-6381]],"type":"Polygon","properties":{"code":"602011045","name":"Ravenswood","state":"Tasmania"}},{"arcs":[[6400,6401,-6393,6402,6403,6404,-6378]],"type":"Polygon","properties":{"code":"602011046","name":"Riverside","state":"Tasmania"}},{"arcs":[[-6390,-6372,6405,6406,-6374]],"type":"Polygon","properties":{"code":"602011047","name":"South Launceston","state":"Tasmania"}},{"arcs":[[-6406,-6371,6407,6408,6409,-6395,6410,6411]],"type":"Polygon","properties":{"code":"602011048","name":"Summerhill - Prospect","state":"Tasmania"}},{"arcs":[[6412,6413,-6411,-6394,-6402]],"type":"Polygon","properties":{"code":"602011049","name":"Trevallyn","state":"Tasmania"}},{"arcs":[[-6388,6414,-6399,6415,6416,-6391]],"type":"Polygon","properties":{"code":"602011050","name":"Waverley - St Leonards","state":"Tasmania"}},{"arcs":[[-6375,-6407,-6412,-6414,6417]],"type":"Polygon","properties":{"code":"602011051","name":"West Launceston","state":"Tasmania"}},{"arcs":[[-6392,-6417,6418,-6408,-6370]],"type":"Polygon","properties":{"code":"602011052","name":"Youngtown - Relbia","state":"Tasmania"}},{"arcs":[[6419,6420,6421]],"type":"Polygon","properties":{"code":"602021053","name":"Beauty Point - Beaconsfield","state":"Tasmania"}},{"arcs":[[6422,6423,6424,6425,6426,6427,6428]],"type":"Polygon","properties":{"code":"602021054","name":"Deloraine","state":"Tasmania"}},{"arcs":[[6429,-6379,-6405,6430,-6425,6431,-6420]],"type":"Polygon","properties":{"code":"602021055","name":"Grindelwald - Lanena","state":"Tasmania"}},{"arcs":[[-6403,-6397,6432,6433]],"type":"Polygon","properties":{"code":"602021056","name":"Hadspen - Carrick","state":"Tasmania"}},{"arcs":[[-6404,-6434,6434,6435,6436,-6426,-6431]],"type":"Polygon","properties":{"code":"602021057","name":"Westbury","state":"Tasmania"}},{"arcs":[[6437,6438,6439,-6416,-6398,-6384,6440,6441,6442]],"type":"Polygon","properties":{"code":"602031058","name":"Dilston - Lilydale","state":"Tasmania"}},{"arcs":[[6443,-6442,6444]],"type":"Polygon","properties":{"code":"602031059","name":"George Town","state":"Tasmania"}},{"arcs":[[-6396,-6410,6445,6446,-6435,-6433]],"type":"Polygon","properties":{"code":"602031060","name":"Longford","state":"Tasmania"}},{"arcs":[[-6436,-6447,6447,-6439,6448,6449,6450,6451]],"type":"Polygon","properties":{"code":"602031061","name":"Northern Midlands","state":"Tasmania"}},{"arcs":[[-6409,-6419,-6440,-6448,-6446]],"type":"Polygon","properties":{"code":"602031062","name":"Perth - Evandale","state":"Tasmania"}},{"arcs":[[6452,6453,-6449,-6438,6454]],"type":"Polygon","properties":{"code":"602031064","name":"St Helens - Scamander","state":"Tasmania"}},{"arcs":[[[6455]],[[6456]],[[6457]]],"type":"MultiPolygon","properties":{"code":"602031099","name":"Flinders and Cape Barren Islands","state":"Tasmania"}},{"arcs":[[-6455,-6443,-6444,6458]],"type":"Polygon","properties":{"code":"602031100","name":"Scottsdale - Bridport","state":"Tasmania"}},{"arcs":[[-6437,-6452,6459,6460,6461,6462,-6427]],"type":"Polygon","properties":{"code":"603011065","name":"Central Highlands","state":"Tasmania"}},{"arcs":[[6463,-6255,-6322,-6301,-6341,6464,6465,-6461]],"type":"Polygon","properties":{"code":"603011066","name":"Derwent Valley","state":"Tasmania"}},{"arcs":[[-6451,6466,-6363,-6265,-6256,-6464,-6460]],"type":"Polygon","properties":{"code":"603011067","name":"Southern Midlands","state":"Tasmania"}},{"arcs":[[6467,6468,-6462,-6466,6469,6470,6471]],"type":"Polygon","properties":{"code":"603011068","name":"Wilderness - East","state":"Tasmania"}},{"arcs":[[[-6335,6472,6473]],[[6474]]],"type":"MultiPolygon","properties":{"code":"603021069","name":"Bruny Island - Kettering","state":"Tasmania"}},{"arcs":[[6475,-6336,-6474,6476]],"type":"Polygon","properties":{"code":"603021070","name":"Cygnet","state":"Tasmania"}},{"arcs":[[6477,6478,-6471]],"type":"Polygon","properties":{"code":"603021071","name":"Geeveston - Dover","state":"Tasmania"}},{"arcs":[[-6340,-6337,-6476,6479,-6478,-6470,-6465]],"type":"Polygon","properties":{"code":"603021072","name":"Huonville - Franklin","state":"Tasmania"}},{"arcs":[[6480]],"type":"Polygon","properties":{"code":"603031073","name":"Forestier - Tasman","state":"Tasmania"}},{"arcs":[[[-6361,-6364,-6467,-6450,-6454,6481]],[[6482]]],"type":"MultiPolygon","properties":{"code":"603031074","name":"Triabunna - Bicheno","state":"Tasmania"}},{"arcs":[[6483,6484,6485]],"type":"Polygon","properties":{"code":"604011075","name":"Acton - Upper Burnie","state":"Tasmania"}},{"arcs":[[6486,6487,6488,6489,6490,6491,6492,6493,6494,6495,6496,6497]],"type":"Polygon","properties":{"code":"604011076","name":"Burnie - Ulverstone Surrounds","state":"Tasmania"}},{"arcs":[[[6498,-6484,6499,6500]],[[-6495,6501,6502]]],"type":"MultiPolygon","properties":{"code":"604011077","name":"Burnie - Wivenhoe","state":"Tasmania"}},{"arcs":[[-6500,-6486,6503,-6493,6504,6505]],"type":"Polygon","properties":{"code":"604011078","name":"Parklands - Camdale","state":"Tasmania"}},{"arcs":[[6506,-6497,6507]],"type":"Polygon","properties":{"code":"604011079","name":"Penguin - Sulphur Creek","state":"Tasmania"}},{"arcs":[[-6499,6508,-6502,-6494,-6504,-6485]],"type":"Polygon","properties":{"code":"604011080","name":"Romaine - Havenview","state":"Tasmania"}},{"arcs":[[-6505,-6492,6509,6510,6511]],"type":"Polygon","properties":{"code":"604011081","name":"Somerset","state":"Tasmania"}},{"arcs":[[6512,-6488,6513]],"type":"Polygon","properties":{"code":"604011082","name":"Ulverstone","state":"Tasmania"}},{"arcs":[[-6507,6514,-6498]],"type":"Polygon","properties":{"code":"604011083","name":"West Ulverstone","state":"Tasmania"}},{"arcs":[[-6511,6515,6516]],"type":"Polygon","properties":{"code":"604011084","name":"Wynyard","state":"Tasmania"}},{"arcs":[[6517,6518]],"type":"Polygon","properties":{"code":"604021085","name":"Devonport","state":"Tasmania"}},{"arcs":[[6519,6520,6521]],"type":"Polygon","properties":{"code":"604021086","name":"East Devonport","state":"Tasmania"}},{"arcs":[[-6521,6522,-6423,6523,6524,6525]],"type":"Polygon","properties":{"code":"604021087","name":"Latrobe","state":"Tasmania"}},{"arcs":[[6526,-6519,6527,6528,6529]],"type":"Polygon","properties":{"code":"604021088","name":"Miandetta - Don","state":"Tasmania"}},{"arcs":[[-6421,-6432,-6424,-6523,-6520,6530]],"type":"Polygon","properties":{"code":"604021089","name":"Port Sorell","state":"Tasmania"}},{"arcs":[[6531,-6525,6532,6533,-6529]],"type":"Polygon","properties":{"code":"604021090","name":"Quoiba - Spreyton","state":"Tasmania"}},{"arcs":[[-6533,-6524,-6429,6534,6535,-6490,6536]],"type":"Polygon","properties":{"code":"604021091","name":"Sheffield - Railton","state":"Tasmania"}},{"arcs":[[6537,-6530,-6534,-6537,-6489,-6513]],"type":"Polygon","properties":{"code":"604021092","name":"Turners Beach - Forth","state":"Tasmania"}},{"arcs":[[6538]],"type":"Polygon","properties":{"code":"604031093","name":"King Island","state":"Tasmania"}},{"arcs":[[[6539]],[[6540]],[[6541,6542,6543,6544,6545]]],"type":"MultiPolygon","properties":{"code":"604031094","name":"North West","state":"Tasmania"}},{"arcs":[[-6543,6546]],"type":"Polygon","properties":{"code":"604031095","name":"Smithton","state":"Tasmania"}},{"arcs":[[6547,-6516,-6510,-6491,-6536,6548,6549,-6545]],"type":"Polygon","properties":{"code":"604031096","name":"Waratah","state":"Tasmania"}},{"arcs":[[-6549,-6535,-6428,-6463,-6469,6550,6551]],"type":"Polygon","properties":{"code":"604031097","name":"West Coast (Tas.)","state":"Tasmania"}},{"arcs":[[-6468,6552,-6551]],"type":"Polygon","properties":{"code":"604031098","name":"Wilderness - West","state":"Tasmania"}},{"arcs":[[6553,6554,6555,6556,6557,6558]],"type":"Polygon","properties":{"code":"701011001","name":"Darwin Airport","state":"Northern Territory"}},{"arcs":[[6559,6560,6561,6562]],"type":"Polygon","properties":{"code":"701011002","name":"Darwin City","state":"Northern Territory"}},{"arcs":[[6563,6564,6565]],"type":"Polygon","properties":{"code":"701011003","name":"East Point","state":"Northern Territory"}},{"arcs":[[6566,6567,6568,-6560,6569,6570,-6566]],"type":"Polygon","properties":{"code":"701011004","name":"Fannie Bay - The Gardens","state":"Northern Territory"}},{"arcs":[[-6563,6571,-6570]],"type":"Polygon","properties":{"code":"701011005","name":"Larrakeyah","state":"Northern Territory"}},{"arcs":[[-6565,6572,6573,-6554,6574,6575,-6567]],"type":"Polygon","properties":{"code":"701011006","name":"Ludmilla - The Narrows","state":"Northern Territory"}},{"arcs":[[-6576,6576,6577,-6568]],"type":"Polygon","properties":{"code":"701011007","name":"Parap","state":"Northern Territory"}},{"arcs":[[-6578,6578,6579,-6561,-6569]],"type":"Polygon","properties":{"code":"701011008","name":"Stuart Park","state":"Northern Territory"}},{"arcs":[[-6559,6580,6581,6582,-6579,-6577,-6575]],"type":"Polygon","properties":{"code":"701011009","name":"Woolner - Bayview - Winnellie","state":"Northern Territory"}},{"arcs":[[6583,6584,6585,6586,6587]],"type":"Polygon","properties":{"code":"701021010","name":"Alawa","state":"Northern Territory"}},{"arcs":[[6588,6589,6590,6591]],"type":"Polygon","properties":{"code":"701021011","name":"Anula","state":"Northern Territory"}},{"arcs":[[-6558,6592,6593,6594,6595,6596,6597,6598,6599,-6581]],"type":"Polygon","properties":{"code":"701021012","name":"Berrimah","state":"Northern Territory"}},{"arcs":[[6600,6601,6602,-6584,6603,6604]],"type":"Polygon","properties":{"code":"701021013","name":"Brinkin - Nakara","state":"Northern Territory"}},{"arcs":[[6605,6606,6607,-6595,6608,6609,6610,6611]],"type":"Polygon","properties":{"code":"701021014","name":"Buffalo Creek","state":"Northern Territory"}},{"arcs":[[-6600,6612,6613,-6582]],"type":"Polygon","properties":{"code":"701021015","name":"Charles Darwin","state":"Northern Territory"}},{"arcs":[[6614,6615,6616,-6555,-6574,6617]],"type":"Polygon","properties":{"code":"701021016","name":"Coconut Grove","state":"Northern Territory"}},{"arcs":[[-6613,-6599,6618,6619]],"type":"Polygon","properties":{"code":"701021017","name":"East Arm","state":"Northern Territory"}},{"arcs":[[-6587,6620,6621,6622,6623]],"type":"Polygon","properties":{"code":"701021018","name":"Jingili","state":"Northern Territory"}},{"arcs":[[-6609,-6594,6624]],"type":"Polygon","properties":{"code":"701021019","name":"Karama","state":"Northern Territory"}},{"arcs":[[6625,-6612,6626,6627]],"type":"Polygon","properties":{"code":"701021020","name":"Leanyer","state":"Northern Territory"}},{"arcs":[[6628,-6606,-6626,6629,6630]],"type":"Polygon","properties":{"code":"701021021","name":"Lyons (NT)","state":"Northern Territory"}},{"arcs":[[6631,-6610,-6625,-6593,-6557,6632,-6622,6633,-6591]],"type":"Polygon","properties":{"code":"701021022","name":"Malak - Marrara","state":"Northern Territory"}},{"arcs":[[-6623,-6633,-6556,-6617,6634]],"type":"Polygon","properties":{"code":"701021023","name":"Millner","state":"Northern Territory"}},{"arcs":[[-6586,6635,-6592,-6634,-6621]],"type":"Polygon","properties":{"code":"701021024","name":"Moil","state":"Northern Territory"}},{"arcs":[[6636,-6615,6637]],"type":"Polygon","properties":{"code":"701021025","name":"Nightcliff","state":"Northern Territory"}},{"arcs":[[6638,-6604,-6588,-6624,-6635,-6616,-6637]],"type":"Polygon","properties":{"code":"701021026","name":"Rapid Creek","state":"Northern Territory"}},{"arcs":[[6639,-6631,6640,-6601]],"type":"Polygon","properties":{"code":"701021027","name":"Tiwi","state":"Northern Territory"}},{"arcs":[[-6603,6641,6642,-6589,-6636,-6585]],"type":"Polygon","properties":{"code":"701021028","name":"Wagaman","state":"Northern Territory"}},{"arcs":[[-6630,-6628,-6642,-6602,-6641]],"type":"Polygon","properties":{"code":"701021029","name":"Wanguri","state":"Northern Territory"}},{"arcs":[[-6627,-6611,-6632,-6590,-6643]],"type":"Polygon","properties":{"code":"701021030","name":"Wulagi","state":"Northern Territory"}},{"arcs":[[6643,-6597,6644,6645,6646,6647,6648]],"type":"Polygon","properties":{"code":"701031031","name":"Howard Springs","state":"Northern Territory"}},{"arcs":[[6649,6650,-6646,6651]],"type":"Polygon","properties":{"code":"701031032","name":"Humpty Doo","state":"Northern Territory"}},{"arcs":[[6652,-6652,-6645,-6596,-6608,6653,6654]],"type":"Polygon","properties":{"code":"701031033","name":"Koolpinyah","state":"Northern Territory"}},{"arcs":[[-6647,-6651,6655,6656]],"type":"Polygon","properties":{"code":"701031034","name":"Virginia","state":"Northern Territory"}},{"arcs":[[-6656,-6650,-6653,6657,6658,6659]],"type":"Polygon","properties":{"code":"701031035","name":"Weddell","state":"Northern Territory"}},{"arcs":[[6660,6661,6662,6663,6664]],"type":"Polygon","properties":{"code":"701041036","name":"Bakewell","state":"Northern Territory"}},{"arcs":[[6665,6666,6667,6668,6669]],"type":"Polygon","properties":{"code":"701041037","name":"Driver","state":"Northern Territory"}},{"arcs":[[-6598,-6644,6670,-6670,6671,6672,6673,-6619]],"type":"Polygon","properties":{"code":"701041038","name":"Durack - Marlow Lagoon","state":"Northern Territory"}},{"arcs":[[6674,-6664,6675,-6667]],"type":"Polygon","properties":{"code":"701041039","name":"Gray","state":"Northern Territory"}},{"arcs":[[-6669,6676,6677,6678,-6672]],"type":"Polygon","properties":{"code":"701041040","name":"Moulden","state":"Northern Territory"}},{"arcs":[[6679,-6665,-6675,-6666,-6671,-6649]],"type":"Polygon","properties":{"code":"701041041","name":"Palmerston - North","state":"Northern Territory"}},{"arcs":[[-6648,-6657,-6660,6680,-6673,-6679,6681,-6661,-6680]],"type":"Polygon","properties":{"code":"701041042","name":"Palmerston - South","state":"Northern Territory"}},{"arcs":[[-6662,-6682,-6678,6682]],"type":"Polygon","properties":{"code":"701041043","name":"Rosebery - Bellamack","state":"Northern Territory"}},{"arcs":[[-6668,-6676,-6663,-6683,-6677]],"type":"Polygon","properties":{"code":"701041044","name":"Woodroffe","state":"Northern Territory"}},{"arcs":[[6683,6684,6685,6686]],"type":"Polygon","properties":{"code":"702011045","name":"Charles","state":"Northern Territory"}},{"arcs":[[6687,6688,6689,-6684]],"type":"Polygon","properties":{"code":"702011046","name":"East Side","state":"Northern Territory"}},{"arcs":[[-6686,6690,6691,6692,6693]],"type":"Polygon","properties":{"code":"702011047","name":"Flynn (NT)","state":"Northern Territory"}},{"arcs":[[6694,-6688,-6687,-6694]],"type":"Polygon","properties":{"code":"702011048","name":"Larapinta","state":"Northern Territory"}},{"arcs":[[-6685,-6690,6695,6696,-6691]],"type":"Polygon","properties":{"code":"702011049","name":"Mount Johns","state":"Northern Territory"}},{"arcs":[[6697,6698,-4675,-5413,-5403,-6232]],"type":"Polygon","properties":{"code":"702011050","name":"Petermann - Simpson","state":"Northern Territory"}},{"arcs":[[-6697,6699,-6692]],"type":"Polygon","properties":{"code":"702011051","name":"Ross","state":"Northern Territory"}},{"arcs":[[6700,-4676,-6699,6701,6702],[-6696,-6689,-6695,-6693,-6700]],"type":"Polygon","properties":{"code":"702011052","name":"Sandover - Plenty","state":"Northern Territory"}},{"arcs":[[-6171,6703,6704,6705,-6702,-6698,-6231,-6182]],"type":"Polygon","properties":{"code":"702011053","name":"Tanami","state":"Northern Territory"}},{"arcs":[[-6706,6706,-6703]],"type":"Polygon","properties":{"code":"702011054","name":"Yuendumu - Anmatjere","state":"Northern Territory"}},{"arcs":[[6707,6708,-4653,-4659,-4671,-6701,-6707,-6705,6709],[6710]],"type":"Polygon","properties":{"code":"702021055","name":"Barkly","state":"Northern Territory"}},{"arcs":[[-6711]],"type":"Polygon","properties":{"code":"702021056","name":"Tennant Creek","state":"Northern Territory"}},{"arcs":[[[-6658,-6655,6711,6712,6713,6714,6715]],[[6716]]],"type":"MultiPolygon","properties":{"code":"702031057","name":"Alligator","state":"Northern Territory"}},{"arcs":[[-6715,6717,6718,6719,6720,6721,6722]],"type":"Polygon","properties":{"code":"702031058","name":"Daly","state":"Northern Territory"}},{"arcs":[[-6722,6723]],"type":"Polygon","properties":{"code":"702031059","name":"Thamarrurr","state":"Northern Territory"}},{"arcs":[[[6724]],[[6725]]],"type":"MultiPolygon","properties":{"code":"702031060","name":"Tiwi Islands","state":"Northern Territory"}},{"arcs":[[[6726,6727,-6713,6728]],[[6729]],[[6730]],[[6731]]],"type":"MultiPolygon","properties":{"code":"702031061","name":"West Arnhem","state":"Northern Territory"}},{"arcs":[[[6732]],[[6733]],[[6734]]],"type":"MultiPolygon","properties":{"code":"702041062","name":"Anindilyakwa","state":"Northern Territory"}},{"arcs":[[[6735,6736,-6727,6737],[6741]],[[6738]],[[6739]],[[6740]],[[6742]],[[6743]],[[6744]]],"type":"MultiPolygon","properties":{"code":"702041063","name":"East Arnhem","state":"Northern Territory"}},{"arcs":[[-6742]],"type":"Polygon","properties":{"code":"702041064","name":"Nhulunbuy","state":"Northern Territory"}},{"arcs":[[-6714,-6728,-6737,6745,-6708,6746,6747,-6718]],"type":"Polygon","properties":{"code":"702051065","name":"Elsey","state":"Northern Territory"}},{"arcs":[[[-6736,6748,-4654,-6709,-6746]],[[6749]],[[6750]],[[6751]],[[6752]]],"type":"MultiPolygon","properties":{"code":"702051066","name":"Gulf","state":"Northern Territory"}},{"arcs":[[-6748,6753,-6719]],"type":"Polygon","properties":{"code":"702051067","name":"Katherine","state":"Northern Territory"}},{"arcs":[[-6720,-6754,-6747,-6710,-6704,-6170,-6174,6754]],"type":"Polygon","properties":{"code":"702051068","name":"Victoria River","state":"Northern Territory"}},{"arcs":[[6755,6756,6757,6758,6759]],"type":"Polygon","properties":{"code":"801011001","name":"Aranda","state":"Australian Capital Territory"}},{"arcs":[[6760,6761,6762,6763,6764,6765,6766]],"type":"Polygon","properties":{"code":"801011002","name":"Belconnen","state":"Australian Capital Territory"}},{"arcs":[[6767,6768,6769,-6757,-6765]],"type":"Polygon","properties":{"code":"801011003","name":"Bruce","state":"Australian Capital Territory"}},{"arcs":[[6770,6771,6772,6773,6774]],"type":"Polygon","properties":{"code":"801011004","name":"Charnwood","state":"Australian Capital Territory"}},{"arcs":[[-6760,6775,6776]],"type":"Polygon","properties":{"code":"801011005","name":"Cook","state":"Australian Capital Territory"}},{"arcs":[[-93,6777,6778,-6775,6779,6780]],"type":"Polygon","properties":{"code":"801011006","name":"Dunlop","state":"Australian Capital Territory"}},{"arcs":[[6781,6782,-6762,6783,6784,6785]],"type":"Polygon","properties":{"code":"801011007","name":"Evatt","state":"Australian Capital Territory"}},{"arcs":[[6786,-6784,-6761,6787,6788,6789]],"type":"Polygon","properties":{"code":"801011008","name":"Florey","state":"Australian Capital Territory"}},{"arcs":[[6790,-6772,6791,6792]],"type":"Polygon","properties":{"code":"801011009","name":"Flynn (ACT)","state":"Australian Capital Territory"}},{"arcs":[[-6779,6793,6794,6795,-6792,-6771]],"type":"Polygon","properties":{"code":"801011010","name":"Fraser","state":"Australian Capital Territory"}},{"arcs":[[6796,6797,6798,6799,6800]],"type":"Polygon","properties":{"code":"801011011","name":"Giralang","state":"Australian Capital Territory"}},{"arcs":[[-6794,-6778,-92,6801,6802,6803,-6801,6804,-6782,6805]],"type":"Polygon","properties":{"code":"801011012","name":"Gooromon","state":"Australian Capital Territory"}},{"arcs":[[6806,6807,6808,6809,6810]],"type":"Polygon","properties":{"code":"801011013","name":"Hawker","state":"Australian Capital Territory"}},{"arcs":[[6811,6812,-6811,6813,6814]],"type":"Polygon","properties":{"code":"801011014","name":"Higgins","state":"Australian Capital Territory"}},{"arcs":[[6815,6816,6817,-6815,6818,6819]],"type":"Polygon","properties":{"code":"801011015","name":"Holt","state":"Australian Capital Territory"}},{"arcs":[[-6798,6820,6821,6822,-6769,6823]],"type":"Polygon","properties":{"code":"801011016","name":"Kaleen","state":"Australian Capital Territory"}},{"arcs":[[-6773,-6791,-6790,-6812,-6818,6824]],"type":"Polygon","properties":{"code":"801011017","name":"Latham","state":"Australian Capital Territory"}},{"arcs":[[6825,-6799,-6824,-6768,-6764]],"type":"Polygon","properties":{"code":"801011018","name":"Lawson","state":"Australian Capital Territory"}},{"arcs":[[-6780,-6774,-6825,-6817,6826]],"type":"Polygon","properties":{"code":"801011019","name":"Macgregor (ACT)","state":"Australian Capital Territory"}},{"arcs":[[-6766,-6756,-6777,6827]],"type":"Polygon","properties":{"code":"801011020","name":"Macquarie","state":"Australian Capital Territory"}},{"arcs":[[-6805,-6800,-6826,-6763,-6783]],"type":"Polygon","properties":{"code":"801011021","name":"McKellar","state":"Australian Capital Territory"}},{"arcs":[[-6796,6828,-6785,-6787,-6793]],"type":"Polygon","properties":{"code":"801011022","name":"Melba","state":"Australian Capital Territory"}},{"arcs":[[-6788,-6767,6829,-6808,6830]],"type":"Polygon","properties":{"code":"801011023","name":"Page","state":"Australian Capital Territory"}},{"arcs":[[-6789,-6831,-6807,-6813]],"type":"Polygon","properties":{"code":"801011024","name":"Scullin","state":"Australian Capital Territory"}},{"arcs":[[-6806,-6786,-6829,-6795]],"type":"Polygon","properties":{"code":"801011025","name":"Spence","state":"Australian Capital Territory"}},{"arcs":[[-6828,6831,-6809,-6830]],"type":"Polygon","properties":{"code":"801011026","name":"Weetangera","state":"Australian Capital Territory"}},{"arcs":[[6832,6833,6834,-6819,-6814,-6810,-6832,-6776,-6759,6835,6836,6837,6838]],"type":"Polygon","properties":{"code":"801011111","name":"Molonglo Corridor","state":"Australian Capital Territory"}},{"arcs":[[6839,6840,6841,-95]],"type":"Polygon","properties":{"code":"801011142","name":"Macnamara","state":"Australian Capital Territory"}},{"arcs":[[-6835,6842,-6841,6843,-6820]],"type":"Polygon","properties":{"code":"801011143","name":"Strathnairn","state":"Australian Capital Territory"}},{"arcs":[[-6781,-6827,-6816,-6844,-6840,-94]],"type":"Polygon","properties":{"code":"801011144","name":"West Belconnen","state":"Australian Capital Territory"}},{"arcs":[[6844,-18,-29,6845,6846]],"type":"Polygon","properties":{"code":"801031031","name":"Hume","state":"Australian Capital Territory"}},{"arcs":[[-15,6847,-21]],"type":"Polygon","properties":{"code":"801031032","name":"Kowen","state":"Australian Capital Territory"}},{"arcs":[[-19,-6845,6848,6849,6850,6851,6852,6853,6854,-13]],"type":"Polygon","properties":{"code":"801031113","name":"Canberra East","state":"Australian Capital Territory"}},{"arcs":[[6855]],"type":"Polygon","properties":{"code":"801031114","name":"Canberra Airport","state":"Australian Capital Territory"}},{"arcs":[[6856,6857,6858,6859,6860,-22,-6848,-14,-6855,6861,6862,6863],[-6856]],"type":"Polygon","properties":{"code":"801031115","name":"Majura","state":"Australian Capital Territory"}},{"arcs":[[6864,6865,6866,6867,6868,6869]],"type":"Polygon","properties":{"code":"801041034","name":"Amaroo","state":"Australian Capital Territory"}},{"arcs":[[6870,6871,-6867,6872]],"type":"Polygon","properties":{"code":"801041035","name":"Bonner","state":"Australian Capital Territory"}},{"arcs":[[6873,6874,6875,6876,6877]],"type":"Polygon","properties":{"code":"801041036","name":"Casey","state":"Australian Capital Territory"}},{"arcs":[[6878,6879,-6821,-6797,6880]],"type":"Polygon","properties":{"code":"801041037","name":"Crace","state":"Australian Capital Territory"}},{"arcs":[[6881,6882,-6868,-6872]],"type":"Polygon","properties":{"code":"801041038","name":"Forde","state":"Australian Capital Territory"}},{"arcs":[[6883,6884,6885]],"type":"Polygon","properties":{"code":"801041039","name":"Franklin","state":"Australian Capital Territory"}},{"arcs":[[-6869,-6883,6886,6887,6888,-6886,6889,6890,6891]],"type":"Polygon","properties":{"code":"801041040","name":"Gungahlin","state":"Australian Capital Territory"}},{"arcs":[[-91,6892,-6802]],"type":"Polygon","properties":{"code":"801041043","name":"Hall","state":"Australian Capital Territory"}},{"arcs":[[-6889,6893,6894,-6884]],"type":"Polygon","properties":{"code":"801041044","name":"Harrison","state":"Australian Capital Territory"}},{"arcs":[[-6880,6895,-6890,-6885,6896,6897,-6822]],"type":"Polygon","properties":{"code":"801041045","name":"Mitchell","state":"Australian Capital Territory"}},{"arcs":[[6898,-6870,-6892,6899,-6876]],"type":"Polygon","properties":{"code":"801041046","name":"Ngunnawal","state":"Australian Capital Territory"}},{"arcs":[[6900,-6877,-6900,6901,-6881,-6804]],"type":"Polygon","properties":{"code":"801041047","name":"Nicholls","state":"Australian Capital Territory"}},{"arcs":[[-6891,-6896,-6879,-6902]],"type":"Polygon","properties":{"code":"801041048","name":"Palmerston","state":"Australian Capital Territory"}},{"arcs":[[-6882,6902,-89,-23,-6861,6903,6904,-6887]],"type":"Polygon","properties":{"code":"801041116","name":"Gungahlin - East","state":"Australian Capital Territory"}},{"arcs":[[6905,6906,-6878,-6901,-6803,-6893,-90,-6903,-6871]],"type":"Polygon","properties":{"code":"801041117","name":"Gungahlin - West","state":"Australian Capital Territory"}},{"arcs":[[6907,6908,-6906,-6873,-6866]],"type":"Polygon","properties":{"code":"801041118","name":"Jacka","state":"Australian Capital Territory"}},{"arcs":[[-6895,6909,-6904,-6860,6910,6911,-6897]],"type":"Polygon","properties":{"code":"801041119","name":"Kenny","state":"Australian Capital Territory"}},{"arcs":[[-6908,-6865,-6899,-6875,6912]],"type":"Polygon","properties":{"code":"801041120","name":"Moncrieff","state":"Australian Capital Territory"}},{"arcs":[[-6909,-6913,-6874,-6907]],"type":"Polygon","properties":{"code":"801041121","name":"Taylor","state":"Australian Capital Territory"}},{"arcs":[[-6888,-6905,-6910,-6894]],"type":"Polygon","properties":{"code":"801041122","name":"Throsby","state":"Australian Capital Territory"}},{"arcs":[[6913,6914,6915,6916,6917,6918]],"type":"Polygon","properties":{"code":"801051049","name":"Acton","state":"Australian Capital Territory"}},{"arcs":[[6919,-6857,6920,6921,6922]],"type":"Polygon","properties":{"code":"801051050","name":"Ainslie","state":"Australian Capital Territory"}},{"arcs":[[6923,-6922,6924,6925,6926]],"type":"Polygon","properties":{"code":"801051051","name":"Braddon","state":"Australian Capital Territory"}},{"arcs":[[6927,-6926,6928,6929,-6917]],"type":"Polygon","properties":{"code":"801051053","name":"Civic","state":"Australian Capital Territory"}},{"arcs":[[6930,6931,-6923,-6924,6932]],"type":"Polygon","properties":{"code":"801051054","name":"Dickson","state":"Australian Capital Territory"}},{"arcs":[[6933,-6931,6934]],"type":"Polygon","properties":{"code":"801051055","name":"Downer","state":"Australian Capital Territory"}},{"arcs":[[6935,-6858,-6920,-6932]],"type":"Polygon","properties":{"code":"801051056","name":"Hackett","state":"Australian Capital Territory"}},{"arcs":[[-6898,-6912,6936,-6935,-6933,6937,6938,-6823]],"type":"Polygon","properties":{"code":"801051057","name":"Lyneham","state":"Australian Capital Territory"}},{"arcs":[[-6939,6939,-6915,6940,-6770]],"type":"Polygon","properties":{"code":"801051058","name":"O'Connor (ACT)","state":"Australian Capital Territory"}},{"arcs":[[-6938,-6927,-6928,-6916,-6940]],"type":"Polygon","properties":{"code":"801051060","name":"Turner","state":"Australian Capital Territory"}},{"arcs":[[-6911,-6859,-6936,-6934,-6937]],"type":"Polygon","properties":{"code":"801051061","name":"Watson","state":"Australian Capital Territory"}},{"arcs":[[-6836,-6758,-6941,-6914,6941,6942]],"type":"Polygon","properties":{"code":"801051123","name":"Black Mountain","state":"Australian Capital Territory"}},{"arcs":[[-6921,-6864,6943,6944,6945,6946]],"type":"Polygon","properties":{"code":"801051124","name":"Campbell","state":"Australian Capital Territory"}},{"arcs":[[-6863,6947,6948,6949,6950,-6944]],"type":"Polygon","properties":{"code":"801051125","name":"Duntroon","state":"Australian Capital Territory"}},{"arcs":[[-6918,-6930,6951,-6946,6952,-6950,6953]],"type":"Polygon","properties":{"code":"801051126","name":"Parkes (ACT) - North","state":"Australian Capital Territory"}},{"arcs":[[-6925,-6947,-6952,-6929]],"type":"Polygon","properties":{"code":"801051127","name":"Reid","state":"Australian Capital Territory"}},{"arcs":[[-6945,-6951,-6953]],"type":"Polygon","properties":{"code":"801051128","name":"Russell","state":"Australian Capital Territory"}},{"arcs":[[6954,6955,6956,6957,6958,6959]],"type":"Polygon","properties":{"code":"801061062","name":"Deakin","state":"Australian Capital Territory"}},{"arcs":[[6960,6961,6962,6963,-6956]],"type":"Polygon","properties":{"code":"801061063","name":"Forrest","state":"Australian Capital Territory"}},{"arcs":[[6964,6965,6966,-6963,6967,6968]],"type":"Polygon","properties":{"code":"801061064","name":"Griffith (ACT)","state":"Australian Capital Territory"}},{"arcs":[[6969,6970,-6942,-6919,-6954,-6949,6971,6972,6973,6974,6975]],"type":"Polygon","properties":{"code":"801061066","name":"Lake Burley Griffin","state":"Australian Capital Territory"}},{"arcs":[[6976,-6853,6977,-6966]],"type":"Polygon","properties":{"code":"801061067","name":"Narrabundah","state":"Australian Capital Territory"}},{"arcs":[[-6975,6978,-6961,-6955,6979]],"type":"Polygon","properties":{"code":"801061068","name":"Parkes (ACT) - South","state":"Australian Capital Territory"}},{"arcs":[[6980,-6957,-6964,-6967,-6978,-6852,6981]],"type":"Polygon","properties":{"code":"801061069","name":"Red Hill (ACT)","state":"Australian Capital Territory"}},{"arcs":[[-6980,-6960,6982,6983,-6976]],"type":"Polygon","properties":{"code":"801061070","name":"Yarralumla","state":"Australian Capital Territory"}},{"arcs":[[-6974,6984,-6968,-6962,-6979]],"type":"Polygon","properties":{"code":"801061129","name":"Barton","state":"Australian Capital Territory"}},{"arcs":[[-6972,-6948,-6862,-6854,-6977,-6965,6985]],"type":"Polygon","properties":{"code":"801061130","name":"Fyshwick","state":"Australian Capital Territory"}},{"arcs":[[-6973,-6986,-6969,-6985]],"type":"Polygon","properties":{"code":"801061131","name":"Kingston (ACT)","state":"Australian Capital Territory"}},{"arcs":[[6986,6987,6988]],"type":"Polygon","properties":{"code":"801071071","name":"Banks","state":"Australian Capital Territory"}},{"arcs":[[6989,6990,6991,6992]],"type":"Polygon","properties":{"code":"801071072","name":"Bonython","state":"Australian Capital Territory"}},{"arcs":[[6993,6994,6995,6996,6997]],"type":"Polygon","properties":{"code":"801071073","name":"Calwell","state":"Australian Capital Territory"}},{"arcs":[[6998,6999,7000,7001]],"type":"Polygon","properties":{"code":"801071074","name":"Chisholm","state":"Australian Capital Territory"}},{"arcs":[[-6996,7002,7003,-6987,7004]],"type":"Polygon","properties":{"code":"801071075","name":"Conder","state":"Australian Capital Territory"}},{"arcs":[[7005,-7002,7006,7007,7008]],"type":"Polygon","properties":{"code":"801071076","name":"Fadden","state":"Australian Capital Territory"}},{"arcs":[[7009,7010,-6999,7011]],"type":"Polygon","properties":{"code":"801071077","name":"Gilmore","state":"Australian Capital Territory"}},{"arcs":[[-6991,-6997,-7005,-6989,7012]],"type":"Polygon","properties":{"code":"801071078","name":"Gordon (ACT)","state":"Australian Capital Territory"}},{"arcs":[[7013,-7007,7014,7015]],"type":"Polygon","properties":{"code":"801071079","name":"Gowrie (ACT)","state":"Australian Capital Territory"}},{"arcs":[[7016,7017,7018,7019,-6993,7020,7021,7022]],"type":"Polygon","properties":{"code":"801071080","name":"Greenway","state":"Australian Capital Territory"}},{"arcs":[[7023,-6998,-6990,7024]],"type":"Polygon","properties":{"code":"801071081","name":"Isabella Plains","state":"Australian Capital Territory"}},{"arcs":[[7025,7026,-7017,7027]],"type":"Polygon","properties":{"code":"801071082","name":"Kambah","state":"Australian Capital Territory"}},{"arcs":[[7028,-7012,-7006]],"type":"Polygon","properties":{"code":"801071083","name":"Macarthur","state":"Australian Capital Territory"}},{"arcs":[[7029,-7016,-7025,-7020,7030]],"type":"Polygon","properties":{"code":"801071084","name":"Monash","state":"Australian Capital Territory"}},{"arcs":[[7031,7032,7033,7034,7035,7036,7037,7038,7039,-6849,-6847,7040,-7010,-7029,-7009,7041,-7026]],"type":"Polygon","properties":{"code":"801071085","name":"Mount Taylor","state":"Australian Capital Territory"}},{"arcs":[[7042,-7031,-7019]],"type":"Polygon","properties":{"code":"801071086","name":"Oxley (ACT)","state":"Australian Capital Territory"}},{"arcs":[[-7015,-7001,7043,-6994,-7024]],"type":"Polygon","properties":{"code":"801071087","name":"Richardson","state":"Australian Capital Territory"}},{"arcs":[[7044,-7003,-6995]],"type":"Polygon","properties":{"code":"801071088","name":"Theodore","state":"Australian Capital Territory"}},{"arcs":[[-7004,-7045,-7044,-7000,-7011,-7041,-6846,-28,7045,7046,-7021,-6992,-7013,-6988]],"type":"Polygon","properties":{"code":"801071089","name":"Tuggeranong","state":"Australian Capital Territory"}},{"arcs":[[-7027,-7042,-7008,-7014,-7030,-7043,-7018]],"type":"Polygon","properties":{"code":"801071090","name":"Wanniassa","state":"Australian Capital Territory"}},{"arcs":[[-7032,-7028,-7023,7047]],"type":"Polygon","properties":{"code":"801071132","name":"Tuggeranong - West","state":"Australian Capital Territory"}},{"arcs":[[7048,7049,7050,7051,-7034,7052]],"type":"Polygon","properties":{"code":"801081091","name":"Chapman","state":"Australian Capital Territory"}},{"arcs":[[7053,7054,7055,7056,-7049,7057]],"type":"Polygon","properties":{"code":"801081092","name":"Duffy","state":"Australian Capital Territory"}},{"arcs":[[7058,7059,-7035,-7052]],"type":"Polygon","properties":{"code":"801081093","name":"Fisher","state":"Australian Capital Territory"}},{"arcs":[[7060,7061,7062,-7056]],"type":"Polygon","properties":{"code":"801081094","name":"Holder","state":"Australian Capital Territory"}},{"arcs":[[-7057,-7063,7063,-7050]],"type":"Polygon","properties":{"code":"801081095","name":"Rivett","state":"Australian Capital Territory"}},{"arcs":[[7064,7065,-7059,-7051,-7064]],"type":"Polygon","properties":{"code":"801081096","name":"Stirling","state":"Australian Capital Territory"}},{"arcs":[[7066,7067,-7060,-7066]],"type":"Polygon","properties":{"code":"801081097","name":"Waramanga","state":"Australian Capital Territory"}},{"arcs":[[7068,7069,7070,7071,7072,-7067,-7065,-7062]],"type":"Polygon","properties":{"code":"801081098","name":"Weston","state":"Australian Capital Territory"}},{"arcs":[[-6970,-6984,7073,-7071,7074]],"type":"Polygon","properties":{"code":"801081133","name":"Scrivener","state":"Australian Capital Territory"}},{"arcs":[[7075,7076,-7036,-7068,7077]],"type":"Polygon","properties":{"code":"801091099","name":"Chifley","state":"Australian Capital Territory"}},{"arcs":[[-7074,-6983,-6959,7078,7079,7080,-7072]],"type":"Polygon","properties":{"code":"801091100","name":"Curtin","state":"Australian Capital Territory"}},{"arcs":[[7081,-7039,7082,7083]],"type":"Polygon","properties":{"code":"801091101","name":"Farrer","state":"Australian Capital Territory"}},{"arcs":[[7084,-6982,7085,7086]],"type":"Polygon","properties":{"code":"801091102","name":"Garran","state":"Australian Capital Territory"}},{"arcs":[[-6958,-6981,-7085,7087,-7079]],"type":"Polygon","properties":{"code":"801091103","name":"Hughes","state":"Australian Capital Territory"}},{"arcs":[[7088,7089,-6850,-7040,-7082]],"type":"Polygon","properties":{"code":"801091104","name":"Isaacs","state":"Australian Capital Territory"}},{"arcs":[[-7081,7090,-7078,-7073]],"type":"Polygon","properties":{"code":"801091105","name":"Lyons (ACT)","state":"Australian Capital Territory"}},{"arcs":[[7091,7092,-7089,-7084,7093,7094]],"type":"Polygon","properties":{"code":"801091106","name":"Mawson","state":"Australian Capital Territory"}},{"arcs":[[-6851,-7090,-7093,7095,-7086]],"type":"Polygon","properties":{"code":"801091107","name":"O'Malley","state":"Australian Capital Territory"}},{"arcs":[[7096,-7095,7097,-7037,-7077]],"type":"Polygon","properties":{"code":"801091108","name":"Pearce","state":"Australian Capital Territory"}},{"arcs":[[-7080,-7088,-7087,-7096,-7092,-7097,-7076,-7091]],"type":"Polygon","properties":{"code":"801091109","name":"Phillip","state":"Australian Capital Territory"}},{"arcs":[[-7098,-7094,-7083,-7038]],"type":"Polygon","properties":{"code":"801091110","name":"Torrens","state":"Australian Capital Territory"}},{"arcs":[[-6837,-6943,-6971,-7075,-7070,7098,7099]],"type":"Polygon","properties":{"code":"801101134","name":"Arboretum","state":"Australian Capital Territory"}},{"arcs":[[7100,7101,-7099,-7069,-7061,-7055,7102]],"type":"Polygon","properties":{"code":"801101135","name":"Coombs","state":"Australian Capital Territory"}},{"arcs":[[-6833,7103,7104,7105,7106,7107]],"type":"Polygon","properties":{"code":"801101136","name":"Denman Prospect","state":"Australian Capital Territory"}},{"arcs":[[-7101,-7106,7108]],"type":"Polygon","properties":{"code":"801101137","name":"Molonglo","state":"Australian Capital Territory"}},{"arcs":[[-7107,-7103,-7054,7109]],"type":"Polygon","properties":{"code":"801101139","name":"Wright","state":"Australian Capital Territory"}},{"arcs":[[-7105,7110,-6838,-7100,-7102,-7109]],"type":"Polygon","properties":{"code":"801101145","name":"Molonglo - East","state":"Australian Capital Territory"}},{"arcs":[[-7111,-7104,-6839]],"type":"Polygon","properties":{"code":"801101146","name":"Whitlam","state":"Australian Capital Territory"}},{"arcs":[[-6842,-6843,-6834,-7108,-7110,-7058,-7053,-7033,-7048,-7022,-7047,7111,-96]],"type":"Polygon","properties":{"code":"801111140","name":"ACT - South West","state":"Australian Capital Territory"}},{"arcs":[[-97,-7112,-7046,-27,-38,-842]],"type":"Polygon","properties":{"code":"801111141","name":"Namadgi","state":"Australian Capital Territory"}}]},"states":{"type":"GeometryCollection","geometries":[{"arcs":[[[33,40,41,838,839,584,571,572,579,580,581,586,587,611,612,607,613,614,615,616,633,634,635,624,629,630,626,627,628,619,620,621,599,600,601,602,603,604,594,595,596,597,592,605,606,333,329,308,309,325,672,668,669,670,652,665,666,660,661,662,797,798,799,815,810,811,820,821,822,817,818,827,826,828,824,808,816,780,783,788,767,772,785,281,273,307,302,290,293,303,305,536,534,531,524,537,526,549,545,554,556,541,566,561,518,521,514,520,512,418,423,409,410,406,419,764,421,413,737,761,751,759,765,758,756,696,709,689,693,691,712,714,716,730,732,727,720,728,189,191,184,710,186,168,194,193,195,170,187,164,174,199,197,172,159,157,152,106,110,141,150,131,137,148,158,153,120,967,1425,1420,1452,1514,1487,1491,1490,1482,1488,1492,1494,1485,1515,1501,1525,1519,1524,1522,1511,1480,1477,1508,1442,1410,1459,1471,1473,1462,1468,1470,1467,1416,1418,1397,1767,1763,1760,1775,1780,1773,1686,1681,1683,1353,1354,1349,1335,1347,1342,1343,1376,1361,1355,1357,1362,1113,1136,1143,1142,1118,1178,1176,1173,1167,1154,1150,1198,1202,1186,1189,1201,1073,1060,1065,1075,1325,1331,1323,1303,1294,1313,1299,1300,1227,1230,1251,1889,1888,1890,1902,1895,1872,1873,1883,1880,1884,1877,1882,1879,1869,1863,1896,500,504,506,496,491,507,445,451,454,453,450,432,472,488,489,486,477,475,481,862,873,871,879,884,888,893,891,894,71,43,46,59,73,67,74,53,49,72,65,56,57],[12,13,14,20,21,22,88,89,90,91,92,93,94,95,96,841,37,26,27,28,17,18]],[[538]]],"type":"MultiPolygon","properties":{"state":"New South Wales"}},{"arcs":[[[2045,2065,2060,2081,2087,2088,2094,2093,2091,2083,3379,3377,3380,3388,3386,3358,3364,3360,3361,3362,3298,3299,3295,3289,3310,3311,3312,3313,3314,-606,-593,-598,-597,-596,-595,-605,-604,-603,-602,-601,-600,-622,-621,-620,-629,-628,-627,-631,-630,-625,-636,-635,-634,-617,-616,-615,-614,-608,-613,-612,-588,-587,-582,-581,-580,-573,-572,-585,-840,-839,-42,-41,-34,-58,2202,2200,2239,2247,2206,2218,2208,2220,2937,2998,3269,3257,3254,3267,3268,3249,3265,3272,3261,3239,3236,3245,2560,2563,2570,2578,2573,2501,2518,2517,2506,2372,2386,2364,2374,2381,3129,3133,3116,3120,3202,3199,2058,2074,2077,2070]],[[2211]],[[2217]],[[2248]]],"type":"MultiPolygon","properties":{"state":"Victoria"}},{"arcs":[[[3397,3411,3405,3412,3417,3415,3430,3432,3419,4198,4212,4185,4194,4192,4140,4144,4145,4134,4141,4234,4236,4245,4242,4243,4246,4109,4115,4098,4126,4118,4117,-818,-823,-822,-821,-812,-811,-816,-800,-799,-798,-663,-662,-661,-667,-666,-653,-671,-670,-669,-673,-326,-310,-309,-330,4677,4673,4674,4675,4670,4658,4652,4653,4654,4631,4612,4619,4614,4620,4649,4622,4634,4642,4636,4632,4640,4638,4641,4625,3901,3907,3823,3837,3839,3828,3844,3879,3858,3900,3887,3889,3890,3895,4820,4879,4893,4834,4890,4885,4891,4888,4812,4451,4436,4452,4510,4507,4508,4511,4498,4499,4467,4500,4478,4485,4481,4486,4503,4474,4464,4489,4502,4493,4444,4044,4051,4046,4053,4010,4041,4003,4080,4066,4075,4089,4064,4082,4057,4917,4903,4921,4973,4960,4961,4965,4963,4966,4968,4956,4969,4982,4944,4774,4735,4744,4747,4723,4727,4731,4734,4700,4712,4715,4696,4711,4704,4708,4753,4759,4513,4519,4552,4574,4577,4569,4567,4564,4571,4605,4597,3540,3544,3531,3523,3525,3793,3778,3802,3754,3745,3741,3816,3810,3817,3714,3710,3708,3692,3695,3697,3675,4340,4259,3670,3674,3662,3671,4257,3704,3709,3701,3593,3576,3748,3759,3755,3752,3766,3773,3770,3765,3771,3450,3458,3437,3456,3439]],[[3433]],[[3434]],[[3898]],[[4049]],[[4052]],[[4085]],[[4195]],[[4504]],[[4516]],[[4576]],[[4643]],[[4644]],[[4645]],[[4646]],[[4647]],[[4648]],[[4655]],[[4656]],[[4822]],[[4877]],[[4974]]],"type":"MultiPolygon","properties":{"state":"Queensland"}},{"arcs":[[[5111,5333,5345,5367,5370,5369,5364,5366,5349,5359,5356,5358,5355,5406,5419,5408,5420,5410,5380,5401,5400,5383,5375,5389,5377,5386,5394,5372,5390,5391,5398,5395,5404,5402,5412,-4674,-4678,-334,-607,-3315,-3314,-3313,-3312,-3311,-3290,-3296,-3300,-3299,-3363,-3362,5436,5452,5443,5475,5424,5431,5433,5223,5266,5265,5232,5250,5184,5188,5169,5172,5316,5281,5289,5293,5302,5303,5300,5305,5298,5130]],[[5306]],[[5388]],[[5426]]],"type":"MultiPolygon","properties":{"state":"South Australia"}},{"arcs":[[[5478,5487,5486,5491,5490,5501,5534,5533,5537,5536,5524,5496,5523,5529,5550,5553,5558,5552,5549,5526,5574,5564,5570,5561,5569,6084,6073,6087,6086,6082,6076,6040,5995,5985,5998,6021,6017,6013,6049,6058,6044,6052,5930,5907,5967,5966,5968,5897,5902,5880,5702,5718,5706,5631,5634,5637,5610,5625,5628,5601,5596,5581,5592,5587,5597,5578,5798,5800,5768,5754,5765,5766,5757,5815,5820,5829,5837,5835,6137,6250,6246,6251,6243,6236,6241,6252,6212,6208,6213,6196,6201,6199,6202,6186,6193,6190,6179,6161,6180,6167,6162,6172,6173,6169,6170,6181,6230,6231,-5405,-5396,-5399,-5392,6228,6206,6203,6207,6109,6099,6103,6091,6120,6094,6106,5547]],[[6018]],[[6174]],[[6175]],[[6176]],[[6177]],[[6198]],[[6214]],[[6215]]],"type":"MultiPolygon","properties":{"state":"Western Australia"}},{"arcs":[[[6257,6320,6296,6303,6297,6315,6309,6305,6356,6346,6357,6343,6327,6330,6333,6472,6476,6479,6478,6471,6552,6551,6549,6545,6541,6546,6543,6547,6516,6511,6505,6500,6508,6502,6495,6507,6514,6486,6513,6537,6526,6517,6527,6531,6525,6521,6530,6421,6429,6376,6400,6412,6417,6375,6386,6414,6399,6381,6366,6382,6385,6440,6444,6458,6452,6481,6361,6364,6277,6293,6279,6292,6286,6271,6289,6283,6290,6267,6260,6263]],[[6480]],[[6455]],[[6456]],[[6457]],[[6474]],[[6482]],[[6538]],[[6539]],[[6540]]],"type":"MultiPolygon","properties":{"state":"Tasmania"}},{"arcs":[[[6561,6571,6570,6563,6572,6617,6637,6638,6604,6639,6628,6606,6653,6711,6728,6737,6748,-4654,-4653,-4659,-4671,-4676,-4675,-5413,-5403,-6232,-6231,-6182,-6171,-6170,-6174,6754,6720,6723,6722,6715,6658,6680,6673,6619,6613,6582,6579]],[[6716]],[[6724]],[[6725]],[[6729]],[[6730]],[[6731]],[[6732]],[[6733]],[[6734]],[[6738]],[[6739]],[[6740]],[[6742]],[[6743]],[[6744]],[[6749]],[[6750]],[[6751]],[[6752]]],"type":"MultiPolygon","properties":{"state":"Northern Territory"}},{"arcs":[[-93,-92,-91,-90,-89,-23,-22,-21,-15,-14,-13,-19,-18,-29,-28,-27,-38,-842,-97,-96,-95,-94]],"type":"Polygon","properties":{"state":"Australian Capital Territory"}}]}}}