station,town,state,year,month,rain_mm,quality
010092,Merredin,WA,1903,1,2.8,Y
010092,Merredin,WA,1903,2,15.5,Y
010092,Merredin,WA,1903,3,1.3,Y
010092,Merredin,WA,1903,4,32.5,Y
010092,Merredin,WA,1903,5,24.6,Y
010092,Merredin,WA,1903,6,21.6,Y
010092,Merredin,WA,1903,7,27.4,Y
010092,Merredin,WA,1903,8,43.2,Y
010092,Merredin,WA,1903,9,47.0,Y
010092,Merredin,WA,1903,10,22.9,Y
010092,Merredin,WA,1903,11,7.1,Y
010092,Merredin,WA,1903,12,3.3,Y
010092,Merredin,WA,1904,1,0.0,Y
010092,Merredin,WA,1904,2,0.0,Y
010092,Merredin,WA,1904,3,28.4,Y
010092,Merredin,WA,1904,4,10.2,Y
010092,Merredin,WA,1904,5,19.8,Y
010092,Merredin,WA,1904,6,55.9,Y
010092,Merredin,WA,1904,7,84.1,Y
010092,Merredin,WA,1904,8,20.1,Y
010092,Merredin,WA,1904,9,85.6,Y
010092,Merredin,WA,1904,10,60.2,Y
010092,Merredin,WA,1904,11,5.8,Y
010092,Merredin,WA,1904,12,44.7,Y
010092,Merredin,WA,1905,1,2.8,Y
010092,Merredin,WA,1905,2,9.1,Y
010092,Merredin,WA,1905,3,0.0,Y
010092,Merredin,WA,1905,4,8.1,Y
010092,Merredin,WA,1905,5,64.8,Y
010092,Merredin,WA,1905,6,24.6,Y
010092,Merredin,WA,1905,7,42.4,Y
010092,Merredin,WA,1905,8,26.9,Y
010092,Merredin,WA,1905,9,45.5,Y
010092,Merredin,WA,1905,10,4.3,Y
010092,Merredin,WA,1905,11,10.7,Y
010092,Merredin,WA,1905,12,32.0,Y
010092,Merredin,WA,1906,1,5.1,Y
010092,Merredin,WA,1906,2,4.8,Y
010092,Merredin,WA,1906,3,0.0,Y
010092,Merredin,WA,1906,4,1.5,Y
010092,Merredin,WA,1906,5,41.9,Y
010092,Merredin,WA,1906,6,36.3,Y
010092,Merredin,WA,1906,7,83.3,Y
010092,Merredin,WA,1906,8,34.3,Y
010092,Merredin,WA,1906,9,20.8,Y
010092,Merredin,WA,1906,10,9.4,Y
010092,Merredin,WA,1906,11,11.4,Y
010092,Merredin,WA,1906,12,7.9,Y
010092,Merredin,WA,1907,1,15.5,Y
010092,Merredin,WA,1907,2,2.5,Y
010092,Merredin,WA,1907,3,30.5,Y
010092,Merredin,WA,1907,4,6.6,Y
010092,Merredin,WA,1907,5,29.2,Y
010092,Merredin,WA,1907,6,42.2,Y
010092,Merredin,WA,1907,7,74.6,Y
010092,Merredin,WA,1907,8,36.1,Y
010092,Merredin,WA,1907,9,21.5,Y
010092,Merredin,WA,1907,10,5.6,Y
010092,Merredin,WA,1907,11,1.0,Y
010092,Merredin,WA,1907,12,0.0,Y
010092,Merredin,WA,1908,1,0.0,Y
010092,Merredin,WA,1908,2,9.1,Y
010092,Merredin,WA,1908,3,17.5,Y
010092,Merredin,WA,1908,4,31.5,Y
010092,Merredin,WA,1908,5,64.2,Y
010092,Merredin,WA,1908,6,27.2,Y
010092,Merredin,WA,1908,7,45.0,Y
010092,Merredin,WA,1908,8,16.7,Y
010092,Merredin,WA,1908,9,7.6,Y
010092,Merredin,WA,1908,10,3.1,Y
010092,Merredin,WA,1908,11,32.5,Y
010092,Merredin,WA,1908,12,7.1,Y
010092,Merredin,WA,1909,1,8.6,Y
010092,Merredin,WA,1909,2,5.3,Y
010092,Merredin,WA,1909,3,7.9,Y
010092,Merredin,WA,1909,4,42.0,Y
010092,Merredin,WA,1909,5,33.9,Y
010092,Merredin,WA,1909,6,61.8,Y
010092,Merredin,WA,1909,7,42.8,Y
010092,Merredin,WA,1909,8,86.2,Y
010092,Merredin,WA,1909,9,25.9,Y
010092,Merredin,WA,1909,10,14.7,Y
010092,Merredin,WA,1909,11,14.5,Y
010092,Merredin,WA,1909,12,0.0,Y
010092,Merredin,WA,1910,1,0.5,Y
010092,Merredin,WA,1910,2,27.9,Y
010092,Merredin,WA,1910,3,0.0,Y
010092,Merredin,WA,1910,4,2.8,Y
010092,Merredin,WA,1910,5,57.5,Y
010092,Merredin,WA,1910,6,95.1,Y
010092,Merredin,WA,1910,7,91.2,Y
010092,Merredin,WA,1910,8,16.4,Y
010092,Merredin,WA,1910,9,6.4,Y
010092,Merredin,WA,1910,10,21.1,Y
010092,Merredin,WA,1910,11,8.7,Y
010092,Merredin,WA,1910,12,0.0,Y
010092,Merredin,WA,1911,1,20.9,Y
010092,Merredin,WA,1911,2,4.3,Y
010092,Merredin,WA,1911,3,4.3,Y
010092,Merredin,WA,1911,4,8.6,Y
010092,Merredin,WA,1911,5,18.0,Y
010092,Merredin,WA,1911,6,15.0,Y
010092,Merredin,WA,1911,7,39.4,Y
010092,Merredin,WA,1911,8,24.3,Y
010092,Merredin,WA,1911,9,10.9,Y
010092,Merredin,WA,1911,10,7.6,Y
010092,Merredin,WA,1911,11,0.0,Y
010092,Merredin,WA,1911,12,1.8,Y
010092,Merredin,WA,1912,1,22.1,Y
010092,Merredin,WA,1912,2,0.6,Y
010092,Merredin,WA,1912,3,1.3,Y
010092,Merredin,WA,1912,4,25.5,Y
010092,Merredin,WA,1912,5,38.2,Y
010092,Merredin,WA,1912,6,5.9,Y
010092,Merredin,WA,1912,7,80.9,Y
010092,Merredin,WA,1912,8,15.8,N
010092,Merredin,WA,1912,9,36.7,N
010092,Merredin,WA,1912,10,21.8,N
010092,Merredin,WA,1912,11,5.3,N
010092,Merredin,WA,1912,12,23.4,N
010092,Merredin,WA,1913,1,0.0,Y
010092,Merredin,WA,1913,2,0.0,Y
010092,Merredin,WA,1913,3,2.3,Y
010092,Merredin,WA,1913,4,9.3,Y
010092,Merredin,WA,1913,5,8.1,Y
010092,Merredin,WA,1913,6,70.9,Y
010092,Merredin,WA,1913,7,28.3,Y
010092,Merredin,WA,1913,8,60.0,Y
010092,Merredin,WA,1913,9,34.9,Y
010092,Merredin,WA,1913,10,26.0,Y
010092,Merredin,WA,1913,11,1.3,Y
010092,Merredin,WA,1913,12,57.2,Y
010092,Merredin,WA,1914,1,2.0,Y
010092,Merredin,WA,1914,2,0.8,Y
010092,Merredin,WA,1914,3,0.5,Y
010092,Merredin,WA,1914,4,7.9,Y
010092,Merredin,WA,1914,5,2.3,Y
010092,Merredin,WA,1914,6,27.9,Y
010092,Merredin,WA,1914,7,28.6,Y
010092,Merredin,WA,1914,8,17.8,Y
010092,Merredin,WA,1914,9,0.0,Y
010092,Merredin,WA,1914,10,25.7,Y
010092,Merredin,WA,1914,11,16.8,Y
010092,Merredin,WA,1914,12,0.0,Y
010092,Merredin,WA,1915,1,55.8,Y
010092,Merredin,WA,1915,2,45.4,Y
010092,Merredin,WA,1915,3,10.5,Y
010092,Merredin,WA,1915,4,14.1,Y
010092,Merredin,WA,1915,5,55.9,Y
010092,Merredin,WA,1915,6,38.6,Y
010092,Merredin,WA,1915,7,58.5,Y
010092,Merredin,WA,1915,8,48.3,Y
010092,Merredin,WA,1915,9,28.2,Y
010092,Merredin,WA,1915,10,22.7,Y
010092,Merredin,WA,1915,11,0.0,Y
010092,Merredin,WA,1915,12,0.0,Y
010092,Merredin,WA,1916,1,34.9,Y
010092,Merredin,WA,1916,2,5.1,Y
010092,Merredin,WA,1916,3,13.0,Y
010092,Merredin,WA,1916,4,6.6,Y
010092,Merredin,WA,1916,5,28.5,Y
010092,Merredin,WA,1916,6,54.0,Y
010092,Merredin,WA,1916,7,52.2,Y
010092,Merredin,WA,1916,8,49.3,Y
010092,Merredin,WA,1916,9,17.0,Y
010092,Merredin,WA,1916,10,34.4,Y
010092,Merredin,WA,1916,11,22.2,Y
010092,Merredin,WA,1916,12,0.3,Y
010092,Merredin,WA,1917,1,0.0,Y
010092,Merredin,WA,1917,2,1.9,Y
010092,Merredin,WA,1917,3,120.1,Y
010092,Merredin,WA,1917,4,12.0,Y
010092,Merredin,WA,1917,5,46.0,Y
010092,Merredin,WA,1917,6,81.5,Y
010092,Merredin,WA,1917,7,116.9,Y
010092,Merredin,WA,1917,8,53.4,Y
010092,Merredin,WA,1917,9,54.0,Y
010092,Merredin,WA,1917,10,47.2,Y
010092,Merredin,WA,1917,11,17.8,Y
010092,Merredin,WA,1917,12,14.2,Y
010092,Merredin,WA,1918,1,15.5,Y
010092,Merredin,WA,1918,2,62.1,Y
010092,Merredin,WA,1918,3,15.6,Y
010092,Merredin,WA,1918,4,52.4,Y
010092,Merredin,WA,1918,5,38.8,Y
010092,Merredin,WA,1918,6,73.4,Y
010092,Merredin,WA,1918,7,44.0,Y
010092,Merredin,WA,1918,8,43.0,Y
010092,Merredin,WA,1918,9,25.0,Y
010092,Merredin,WA,1918,10,29.0,Y
010092,Merredin,WA,1918,11,31.0,Y
010092,Merredin,WA,1918,12,2.5,Y
010092,Merredin,WA,1919,1,1.5,Y
010092,Merredin,WA,1919,2,0.0,Y
010092,Merredin,WA,1919,3,26.4,Y
010092,Merredin,WA,1919,4,108.6,Y
010092,Merredin,WA,1919,5,6.0,Y
010092,Merredin,WA,1919,6,38.4,Y
010092,Merredin,WA,1919,7,66.4,Y
010092,Merredin,WA,1919,8,37.0,Y
010092,Merredin,WA,1919,9,14.5,Y
010092,Merredin,WA,1919,10,55.2,Y
010092,Merredin,WA,1919,11,11.4,Y
010092,Merredin,WA,1919,12,4.1,Y
010092,Merredin,WA,1920,1,19.5,Y
010092,Merredin,WA,1920,2,10.8,Y
010092,Merredin,WA,1920,3,66.5,Y
010092,Merredin,WA,1920,4,35.3,Y
010092,Merredin,WA,1920,5,38.1,Y
010092,Merredin,WA,1920,6,64.1,Y
010092,Merredin,WA,1920,7,55.1,Y
010092,Merredin,WA,1920,8,67.1,Y
010092,Merredin,WA,1920,9,25.3,Y
010092,Merredin,WA,1920,10,8.5,Y
010092,Merredin,WA,1920,11,12.7,Y
010092,Merredin,WA,1920,12,0.0,Y
010092,Merredin,WA,1921,1,9.1,Y
010092,Merredin,WA,1921,2,6.8,Y
010092,Merredin,WA,1921,3,7.4,Y
010092,Merredin,WA,1921,4,0.8,Y
010092,Merredin,WA,1921,5,117.3,Y
010092,Merredin,WA,1921,6,57.2,Y
010092,Merredin,WA,1921,7,35.1,Y
010092,Merredin,WA,1921,8,39.1,Y
010092,Merredin,WA,1921,9,31.5,Y
010092,Merredin,WA,1921,10,23.3,Y
010092,Merredin,WA,1921,11,0.5,Y
010092,Merredin,WA,1921,12,30.8,Y
010092,Merredin,WA,1922,1,0.0,Y
010092,Merredin,WA,1922,2,18.8,Y
010092,Merredin,WA,1922,3,43.8,Y
010092,Merredin,WA,1922,4,24.1,Y
010092,Merredin,WA,1922,5,53.9,Y
010092,Merredin,WA,1922,6,10.0,Y
010092,Merredin,WA,1922,7,94.5,Y
010092,Merredin,WA,1922,8,25.1,Y
010092,Merredin,WA,1922,9,17.8,Y
010092,Merredin,WA,1922,10,2.5,Y
010092,Merredin,WA,1922,11,4.3,Y
010092,Merredin,WA,1922,12,12.5,Y
010092,Merredin,WA,1923,1,4.8,Y
010092,Merredin,WA,1923,2,20.1,Y
010092,Merredin,WA,1923,3,6.6,Y
010092,Merredin,WA,1923,4,46.0,Y
010092,Merredin,WA,1923,5,53.3,Y
010092,Merredin,WA,1923,6,131.0,Y
010092,Merredin,WA,1923,7,32.1,Y
010092,Merredin,WA,1923,8,19.6,Y
010092,Merredin,WA,1923,9,36.5,Y
010092,Merredin,WA,1923,10,8.7,Y
010092,Merredin,WA,1923,11,0.0,Y
010092,Merredin,WA,1923,12,92.5,Y
010092,Merredin,WA,1924,1,0.0,Y
010092,Merredin,WA,1924,2,6.9,Y
010092,Merredin,WA,1924,3,17.3,Y
010092,Merredin,WA,1924,4,12.2,Y
010092,Merredin,WA,1924,5,54.7,Y
010092,Merredin,WA,1924,6,57.6,Y
010092,Merredin,WA,1924,7,25.9,Y
010092,Merredin,WA,1924,8,48.1,Y
010092,Merredin,WA,1924,9,35.1,Y
010092,Merredin,WA,1924,10,52.9,Y
010092,Merredin,WA,1924,11,11.7,Y
010092,Merredin,WA,1924,12,0.8,Y
010092,Merredin,WA,1925,1,46.7,Y
010092,Merredin,WA,1925,2,34.1,Y
010092,Merredin,WA,1925,3,12.7,Y
010092,Merredin,WA,1925,4,11.5,Y
010092,Merredin,WA,1925,5,36.9,Y
010092,Merredin,WA,1925,6,51.3,Y
010092,Merredin,WA,1925,7,41.2,Y
010092,Merredin,WA,1925,8,6.2,Y
010092,Merredin,WA,1925,9,22.9,Y
010092,Merredin,WA,1925,10,11.7,Y
010092,Merredin,WA,1925,11,1.8,Y
010092,Merredin,WA,1925,12,24.3,Y
010092,Merredin,WA,1926,1,0.0,Y
010092,Merredin,WA,1926,2,6.9,Y
010092,Merredin,WA,1926,3,56.8,Y
010092,Merredin,WA,1926,4,15.5,Y
010092,Merredin,WA,1926,5,27.8,Y
010092,Merredin,WA,1926,6,48.4,Y
010092,Merredin,WA,1926,7,74.4,Y
010092,Merredin,WA,1926,8,23.2,Y
010092,Merredin,WA,1926,9,25.8,Y
010092,Merredin,WA,1926,10,24.1,Y
010092,Merredin,WA,1926,11,9.6,Y
010092,Merredin,WA,1926,12,1.3,Y
010092,Merredin,WA,1927,1,6.4,Y
010092,Merredin,WA,1927,2,1.3,Y
010092,Merredin,WA,1927,3,161.0,Y
010092,Merredin,WA,1927,4,12.0,Y
010092,Merredin,WA,1927,5,14.7,Y
010092,Merredin,WA,1927,6,48.8,Y
010092,Merredin,WA,1927,7,40.9,Y
010092,Merredin,WA,1927,8,30.1,Y
010092,Merredin,WA,1927,9,67.5,Y
010092,Merredin,WA,1927,10,17.1,Y
010092,Merredin,WA,1927,11,5.6,Y
010092,Merredin,WA,1927,12,17.0,Y
010092,Merredin,WA,1928,1,12.1,Y
010092,Merredin,WA,1928,2,0.0,Y
010092,Merredin,WA,1928,3,29.7,Y
010092,Merredin,WA,1928,4,19.6,Y
010092,Merredin,WA,1928,5,24.0,Y
010092,Merredin,WA,1928,6,32.0,Y
010092,Merredin,WA,1928,7,56.1,Y
010092,Merredin,WA,1928,8,40.6,Y
010092,Merredin,WA,1928,9,16.3,Y
010092,Merredin,WA,1928,10,6.9,Y
010092,Merredin,WA,1928,11,0.0,Y
010092,Merredin,WA,1928,12,24.6,Y
010092,Merredin,WA,1929,1,11.9,Y
010092,Merredin,WA,1929,2,49.1,Y
010092,Merredin,WA,1929,3,23.3,Y
010092,Merredin,WA,1929,4,0.5,Y
010092,Merredin,WA,1929,5,90.4,Y
010092,Merredin,WA,1929,6,98.8,Y
010092,Merredin,WA,1929,7,34.9,Y
010092,Merredin,WA,1929,8,32.5,Y
010092,Merredin,WA,1929,9,5.4,Y
010092,Merredin,WA,1929,10,13.2,Y
010092,Merredin,WA,1929,11,59.1,Y
010092,Merredin,WA,1929,12,0.3,Y
010092,Merredin,WA,1930,1,0.0,Y
010092,Merredin,WA,1930,2,0.3,Y
010092,Merredin,WA,1930,3,54.1,Y
010092,Merredin,WA,1930,4,69.2,Y
010092,Merredin,WA,1930,5,13.0,Y
010092,Merredin,WA,1930,6,95.1,Y
010092,Merredin,WA,1930,7,56.7,Y
010092,Merredin,WA,1930,8,46.0,Y
010092,Merredin,WA,1930,9,23.1,Y
010092,Merredin,WA,1930,10,9.7,Y
010092,Merredin,WA,1930,11,0.0,Y
010092,Merredin,WA,1930,12,7.9,Y
010092,Merredin,WA,1931,1,0.0,Y
010092,Merredin,WA,1931,2,2.0,Y
010092,Merredin,WA,1931,3,0.5,Y
010092,Merredin,WA,1931,4,57.1,Y
010092,Merredin,WA,1931,5,60.0,Y
010092,Merredin,WA,1931,6,32.5,Y
010092,Merredin,WA,1931,7,64.3,Y
010092,Merredin,WA,1931,8,68.2,Y
010092,Merredin,WA,1931,9,27.2,Y
010092,Merredin,WA,1931,10,17.4,Y
010092,Merredin,WA,1931,11,10.7,Y
010092,Merredin,WA,1931,12,12.4,Y
010092,Merredin,WA,1932,1,18.3,Y
010092,Merredin,WA,1932,2,3.6,Y
010092,Merredin,WA,1932,3,17.3,Y
010092,Merredin,WA,1932,4,13.0,Y
010092,Merredin,WA,1932,5,43.9,Y
010092,Merredin,WA,1932,6,23.4,Y
010092,Merredin,WA,1932,7,73.7,Y
010092,Merredin,WA,1932,8,72.7,Y
010092,Merredin,WA,1932,9,20.1,Y
010092,Merredin,WA,1932,10,75.2,Y
010092,Merredin,WA,1932,11,0.0,Y
010092,Merredin,WA,1932,12,3.8,Y
010092,Merredin,WA,1933,1,5.8,Y
010092,Merredin,WA,1933,2,0.0,Y
010092,Merredin,WA,1933,3,4.8,Y
010092,Merredin,WA,1933,4,5.6,Y
010092,Merredin,WA,1933,5,45.3,Y
010092,Merredin,WA,1933,6,63.0,Y
010092,Merredin,WA,1933,7,35.4,Y
010092,Merredin,WA,1933,8,50.6,Y
010092,Merredin,WA,1933,9,16.0,Y
010092,Merredin,WA,1933,10,31.2,Y
010092,Merredin,WA,1933,11,12.8,Y
010092,Merredin,WA,1933,12,7.1,Y
010092,Merredin,WA,1934,1,19.8,Y
010092,Merredin,WA,1934,2,3.3,Y
010092,Merredin,WA,1934,3,43.3,Y
010092,Merredin,WA,1934,4,113.6,Y
010092,Merredin,WA,1934,5,6.6,Y
010092,Merredin,WA,1934,6,50.4,Y
010092,Merredin,WA,1934,7,60.5,Y
010092,Merredin,WA,1934,8,48.3,Y
010092,Merredin,WA,1934,9,31.0,Y
010092,Merredin,WA,1934,10,11.2,Y
010092,Merredin,WA,1934,11,18.0,Y
010092,Merredin,WA,1934,12,4.3,Y
010092,Merredin,WA,1935,1,13.4,Y
010092,Merredin,WA,1935,2,10.1,Y
010092,Merredin,WA,1935,3,10.4,Y
010092,Merredin,WA,1935,4,21.2,Y
010092,Merredin,WA,1935,5,16.4,Y
010092,Merredin,WA,1935,6,21.5,Y
010092,Merredin,WA,1935,7,67.3,Y
010092,Merredin,WA,1935,8,65.7,Y
010092,Merredin,WA,1935,9,23.1,Y
010092,Merredin,WA,1935,10,34.3,Y
010092,Merredin,WA,1935,11,2.0,Y
010092,Merredin,WA,1935,12,6.1,Y
010092,Merredin,WA,1936,1,23.3,Y
010092,Merredin,WA,1936,2,0.5,Y
010092,Merredin,WA,1936,3,13.3,Y
010092,Merredin,WA,1936,4,2.8,Y
010092,Merredin,WA,1936,5,22.9,Y
010092,Merredin,WA,1936,6,58.7,Y
010092,Merredin,WA,1936,7,36.6,Y
010092,Merredin,WA,1936,8,43.8,Y
010092,Merredin,WA,1936,9,13.8,Y
010092,Merredin,WA,1936,10,3.5,Y
010092,Merredin,WA,1936,11,4.6,Y
010092,Merredin,WA,1936,12,31.2,Y
010092,Merredin,WA,1937,1,5.1,Y
010092,Merredin,WA,1937,2,0.8,Y
010092,Merredin,WA,1937,3,12.4,Y
010092,Merredin,WA,1937,4,15.2,Y
010092,Merredin,WA,1937,5,59.7,Y
010092,Merredin,WA,1937,6,41.7,Y
010092,Merredin,WA,1937,7,11.8,Y
010092,Merredin,WA,1937,8,50.5,Y
010092,Merredin,WA,1937,9,11.6,Y
010092,Merredin,WA,1937,10,7.4,Y
010092,Merredin,WA,1937,11,19.8,Y
010092,Merredin,WA,1937,12,2.5,Y
010092,Merredin,WA,1938,1,14.5,Y
010092,Merredin,WA,1938,2,0.8,Y
010092,Merredin,WA,1938,3,22.6,Y
010092,Merredin,WA,1938,4,19.9,Y
010092,Merredin,WA,1938,5,21.6,Y
010092,Merredin,WA,1938,6,42.9,Y
010092,Merredin,WA,1938,7,46.7,Y
010092,Merredin,WA,1938,8,22.1,Y
010092,Merredin,WA,1938,9,28.7,Y
010092,Merredin,WA,1938,10,7.5,Y
010092,Merredin,WA,1938,11,12.5,Y
010092,Merredin,WA,1938,12,5.4,Y
010092,Merredin,WA,1939,1,4.6,Y
010092,Merredin,WA,1939,2,69.6,Y
010092,Merredin,WA,1939,3,0.3,Y
010092,Merredin,WA,1939,4,11.1,Y
010092,Merredin,WA,1939,5,56.5,Y
010092,Merredin,WA,1939,6,66.9,Y
010092,Merredin,WA,1939,7,59.1,Y
010092,Merredin,WA,1939,8,55.5,Y
010092,Merredin,WA,1939,9,3.6,Y
010092,Merredin,WA,1939,10,42.4,Y
010092,Merredin,WA,1939,11,30.0,Y
010092,Merredin,WA,1939,12,0.0,Y
010092,Merredin,WA,1940,1,1.4,Y
010092,Merredin,WA,1940,2,0.0,Y
010092,Merredin,WA,1940,3,2.0,Y
010092,Merredin,WA,1940,4,2.8,Y
010092,Merredin,WA,1940,5,15.4,Y
010092,Merredin,WA,1940,6,30.2,Y
010092,Merredin,WA,1940,7,40.2,Y
010092,Merredin,WA,1940,8,6.9,Y
010092,Merredin,WA,1940,9,16.3,Y
010092,Merredin,WA,1940,10,36.8,Y
010092,Merredin,WA,1940,11,5.6,Y
010092,Merredin,WA,1940,12,55.1,Y
010092,Merredin,WA,1941,1,0.0,Y
010092,Merredin,WA,1941,2,8.4,Y
010092,Merredin,WA,1941,3,4.3,Y
010092,Merredin,WA,1941,4,23.0,Y
010092,Merredin,WA,1941,5,59.3,Y
010092,Merredin,WA,1941,6,88.0,Y
010092,Merredin,WA,1941,7,44.0,Y
010092,Merredin,WA,1941,8,39.1,Y
010092,Merredin,WA,1941,9,33.6,Y
010092,Merredin,WA,1941,10,17.4,Y
010092,Merredin,WA,1941,11,9.9,Y
010092,Merredin,WA,1941,12,17.9,Y
010092,Merredin,WA,1942,1,8.9,Y
010092,Merredin,WA,1942,2,12.1,Y
010092,Merredin,WA,1942,3,39.3,Y
010092,Merredin,WA,1942,4,39.5,Y
010092,Merredin,WA,1942,5,44.1,Y
010092,Merredin,WA,1942,6,44.7,Y
010092,Merredin,WA,1942,7,48.9,Y
010092,Merredin,WA,1942,8,48.0,Y
010092,Merredin,WA,1942,9,32.0,Y
010092,Merredin,WA,1942,10,11.8,Y
010092,Merredin,WA,1942,11,16.0,Y
010092,Merredin,WA,1942,12,67.4,Y
010092,Merredin,WA,1943,1,15.7,Y
010092,Merredin,WA,1943,2,80.0,Y
010092,Merredin,WA,1943,3,77.4,Y
010092,Merredin,WA,1943,4,48.5,Y
010092,Merredin,WA,1943,5,31.0,Y
010092,Merredin,WA,1943,6,64.7,Y
010092,Merredin,WA,1943,7,50.5,Y
010092,Merredin,WA,1943,8,62.4,Y
010092,Merredin,WA,1943,9,28.2,Y
010092,Merredin,WA,1943,10,6.9,Y
010092,Merredin,WA,1943,11,12.4,Y
010092,Merredin,WA,1943,12,21.9,Y
010092,Merredin,WA,1944,1,4.5,Y
010092,Merredin,WA,1944,2,0.5,Y
010092,Merredin,WA,1944,3,6.9,Y
010092,Merredin,WA,1944,4,16.5,Y
010092,Merredin,WA,1944,5,67.6,Y
010092,Merredin,WA,1944,6,19.9,Y
010092,Merredin,WA,1944,7,76.4,Y
010092,Merredin,WA,1944,8,53.3,Y
010092,Merredin,WA,1944,9,10.2,Y
010092,Merredin,WA,1944,10,1.8,Y
010092,Merredin,WA,1944,11,0.5,Y
010092,Merredin,WA,1944,12,5.1,Y
010092,Merredin,WA,1945,1,0.0,Y
010092,Merredin,WA,1945,2,1.8,Y
010092,Merredin,WA,1945,3,26.4,Y
010092,Merredin,WA,1945,4,8.1,Y
010092,Merredin,WA,1945,5,44.4,Y
010092,Merredin,WA,1945,6,118.6,Y
010092,Merredin,WA,1945,7,31.5,Y
010092,Merredin,WA,1945,8,85.2,Y
010092,Merredin,WA,1945,9,25.8,Y
010092,Merredin,WA,1945,10,2.8,Y
010092,Merredin,WA,1945,11,1.5,Y
010092,Merredin,WA,1945,12,4.6,Y
010092,Merredin,WA,1946,1,0.0,Y
010092,Merredin,WA,1946,2,10.7,Y
010092,Merredin,WA,1946,3,1.0,Y
010092,Merredin,WA,1946,4,11.5,Y
010092,Merredin,WA,1946,5,52.0,Y
010092,Merredin,WA,1946,6,86.5,Y
010092,Merredin,WA,1946,7,103.0,Y
010092,Merredin,WA,1946,8,53.9,Y
010092,Merredin,WA,1946,9,22.4,Y
010092,Merredin,WA,1946,10,1.8,Y
010092,Merredin,WA,1946,11,37.6,Y
010092,Merredin,WA,1946,12,0.0,Y
010092,Merredin,WA,1947,1,1.8,Y
010092,Merredin,WA,1947,2,0.6,Y
010092,Merredin,WA,1947,3,24.2,Y
010092,Merredin,WA,1947,4,28.0,Y
010092,Merredin,WA,1947,5,45.9,Y
010092,Merredin,WA,1947,6,64.2,Y
010092,Merredin,WA,1947,7,48.5,Y
010092,Merredin,WA,1947,8,13.0,Y
010092,Merredin,WA,1947,9,19.8,Y
010092,Merredin,WA,1947,10,54.5,Y
010092,Merredin,WA,1947,11,10.5,Y
010092,Merredin,WA,1947,12,2.8,Y
010092,Merredin,WA,1948,1,8.1,Y
010092,Merredin,WA,1948,2,3.1,Y
010092,Merredin,WA,1948,3,2.6,Y
010092,Merredin,WA,1948,4,41.2,Y
010092,Merredin,WA,1948,5,1.3,Y
010092,Merredin,WA,1948,6,51.3,Y
010092,Merredin,WA,1948,7,58.8,Y
010092,Merredin,WA,1948,8,51.4,Y
010092,Merredin,WA,1948,9,30.2,Y
010092,Merredin,WA,1948,10,13.2,Y
010092,Merredin,WA,1948,11,12.7,Y
010092,Merredin,WA,1948,12,5.1,Y
010092,Merredin,WA,1949,1,0.0,Y
010092,Merredin,WA,1949,2,3.8,Y
010092,Merredin,WA,1949,3,4.0,Y
010092,Merredin,WA,1949,4,8.7,Y
010092,Merredin,WA,1949,5,2.5,Y
010092,Merredin,WA,1949,6,37.5,Y
010092,Merredin,WA,1949,7,68.7,Y
010092,Merredin,WA,1949,8,79.8,Y
010092,Merredin,WA,1949,9,5.3,Y
010092,Merredin,WA,1949,10,16.0,Y
010092,Merredin,WA,1949,11,20.1,Y
010092,Merredin,WA,1949,12,4.0,Y
010092,Merredin,WA,1950,1,6.6,Y
010092,Merredin,WA,1950,2,0.0,Y
010092,Merredin,WA,1950,3,0.0,Y
010092,Merredin,WA,1950,4,0.0,Y
010092,Merredin,WA,1950,5,76.5,Y
010092,Merredin,WA,1950,6,29.5,Y
010092,Merredin,WA,1950,7,39.5,Y
010092,Merredin,WA,1950,8,37.1,Y
010092,Merredin,WA,1950,9,28.4,Y
010092,Merredin,WA,1950,10,24.9,Y
010092,Merredin,WA,1950,11,6.3,Y
010092,Merredin,WA,1950,12,0.0,Y
010092,Merredin,WA,1951,1,12.0,Y
010092,Merredin,WA,1951,2,73.4,Y
010092,Merredin,WA,1951,3,1.6,Y
010092,Merredin,WA,1951,4,51.0,Y
010092,Merredin,WA,1951,5,22.3,Y
010092,Merredin,WA,1951,6,65.4,Y
010092,Merredin,WA,1951,7,49.6,Y
010092,Merredin,WA,1951,8,27.8,Y
010092,Merredin,WA,1951,9,9.5,Y
010092,Merredin,WA,1951,10,14.4,Y
010092,Merredin,WA,1951,11,37.1,Y
010092,Merredin,WA,1951,12,18.2,Y
010092,Merredin,WA,1952,1,18.0,Y
010092,Merredin,WA,1952,2,5.8,Y
010092,Merredin,WA,1952,3,14.0,Y
010092,Merredin,WA,1952,4,5.1,Y
010092,Merredin,WA,1952,5,57.5,Y
010092,Merredin,WA,1952,6,23.4,Y
010092,Merredin,WA,1952,7,55.0,Y
010092,Merredin,WA,1952,8,14.3,Y
010092,Merredin,WA,1952,9,22.5,Y
010092,Merredin,WA,1952,10,24.7,Y
010092,Merredin,WA,1952,11,7.6,Y
010092,Merredin,WA,1952,12,34.1,Y
010092,Merredin,WA,1953,1,0.6,Y
010092,Merredin,WA,1953,2,11.2,Y
010092,Merredin,WA,1953,3,94.0,Y
010092,Merredin,WA,1953,4,39.8,Y
010092,Merredin,WA,1953,5,104.9,Y
010092,Merredin,WA,1953,6,69.4,Y
010092,Merredin,WA,1953,7,54.9,Y
010092,Merredin,WA,1953,8,26.9,Y
010092,Merredin,WA,1953,9,11.9,Y
010092,Merredin,WA,1953,10,15.0,Y
010092,Merredin,WA,1953,11,11.5,Y
010092,Merredin,WA,1953,12,0.0,Y
010092,Merredin,WA,1954,1,1.0,Y
010092,Merredin,WA,1954,2,0.3,Y
010092,Merredin,WA,1954,3,0.0,Y
010092,Merredin,WA,1954,4,6.6,Y
010092,Merredin,WA,1954,5,77.5,Y
010092,Merredin,WA,1954,6,14.5,Y
010092,Merredin,WA,1954,7,56.9,Y
010092,Merredin,WA,1954,8,41.0,Y
010092,Merredin,WA,1954,9,18.1,Y
010092,Merredin,WA,1954,10,11.2,Y
010092,Merredin,WA,1954,11,6.6,Y
010092,Merredin,WA,1954,12,2.3,Y
010092,Merredin,WA,1955,1,0.3,Y
010092,Merredin,WA,1955,2,67.3,Y
010092,Merredin,WA,1955,3,5.9,Y
010092,Merredin,WA,1955,4,16.2,Y
010092,Merredin,WA,1955,5,29.8,Y
010092,Merredin,WA,1955,6,22.7,Y
010092,Merredin,WA,1955,7,24.0,Y
010092,Merredin,WA,1955,8,75.8,Y
010092,Merredin,WA,1955,9,80.8,Y
010092,Merredin,WA,1955,10,27.3,Y
010092,Merredin,WA,1955,11,4.6,Y
010092,Merredin,WA,1955,12,7.1,Y
010092,Merredin,WA,1956,1,0.0,Y
010092,Merredin,WA,1956,2,0.0,Y
010092,Merredin,WA,1956,3,3.6,Y
010092,Merredin,WA,1956,4,14.5,Y
010092,Merredin,WA,1956,5,60.6,Y
010092,Merredin,WA,1956,6,50.4,Y
010092,Merredin,WA,1956,7,63.2,Y
010092,Merredin,WA,1956,8,1.1,Y
010092,Merredin,WA,1956,9,10.1,Y
010092,Merredin,WA,1956,10,36.6,Y
010092,Merredin,WA,1956,11,68.8,Y
010092,Merredin,WA,1956,12,0.3,Y
010092,Merredin,WA,1957,1,30.8,Y
010092,Merredin,WA,1957,2,0.8,Y
010092,Merredin,WA,1957,3,12.0,Y
010092,Merredin,WA,1957,4,9.9,Y
010092,Merredin,WA,1957,5,37.2,Y
010092,Merredin,WA,1957,6,88.9,Y
010092,Merredin,WA,1957,7,8.7,Y
010092,Merredin,WA,1957,8,29.3,Y
010092,Merredin,WA,1957,9,9.4,Y
010092,Merredin,WA,1957,10,2.8,Y
010092,Merredin,WA,1957,11,0.0,Y
010092,Merredin,WA,1957,12,0.0,Y
010092,Merredin,WA,1958,1,1.6,Y
010092,Merredin,WA,1958,2,0.0,Y
010092,Merredin,WA,1958,3,22.9,Y
010092,Merredin,WA,1958,4,2.6,Y
010092,Merredin,WA,1958,5,55.9,Y
010092,Merredin,WA,1958,6,33.2,Y
010092,Merredin,WA,1958,7,123.0,Y
010092,Merredin,WA,1958,8,25.2,Y
010092,Merredin,WA,1958,9,51.3,Y
010092,Merredin,WA,1958,10,9.8,Y
010092,Merredin,WA,1958,11,24.1,Y
010092,Merredin,WA,1958,12,37.4,Y
010092,Merredin,WA,1959,1,2.1,Y
010092,Merredin,WA,1959,2,7.8,Y
010092,Merredin,WA,1959,3,15.2,Y
010092,Merredin,WA,1959,4,11.0,Y
010092,Merredin,WA,1959,5,7.4,Y
010092,Merredin,WA,1959,6,76.2,Y
010092,Merredin,WA,1959,7,19.5,Y
010092,Merredin,WA,1959,8,42.7,Y
010092,Merredin,WA,1959,9,21.3,Y
010092,Merredin,WA,1959,10,13.6,Y
010092,Merredin,WA,1959,11,36.5,Y
010092,Merredin,WA,1959,12,15.0,Y
010092,Merredin,WA,1960,1,26.7,Y
010092,Merredin,WA,1960,2,1.8,Y
010092,Merredin,WA,1960,3,28.7,Y
010092,Merredin,WA,1960,4,15.0,Y
010092,Merredin,WA,1960,5,51.7,Y
010092,Merredin,WA,1960,6,19.2,Y
010092,Merredin,WA,1960,7,126.6,Y
010092,Merredin,WA,1960,8,9.4,Y
010092,Merredin,WA,1960,9,38.6,Y
010092,Merredin,WA,1960,10,0.8,Y
010092,Merredin,WA,1960,11,3.6,Y
010092,Merredin,WA,1960,12,4.1,Y
010092,Merredin,WA,1961,1,49.0,Y
010092,Merredin,WA,1961,2,5.6,Y
010092,Merredin,WA,1961,3,11.0,Y
010092,Merredin,WA,1961,4,40.5,Y
010092,Merredin,WA,1961,5,10.2,Y
010092,Merredin,WA,1961,6,53.3,Y
010092,Merredin,WA,1961,7,26.0,Y
010092,Merredin,WA,1961,8,19.0,Y
010092,Merredin,WA,1961,9,7.6,Y
010092,Merredin,WA,1961,10,4.0,Y
010092,Merredin,WA,1961,11,0.0,Y
010092,Merredin,WA,1961,12,7.1,Y
010092,Merredin,WA,1962,1,6.8,Y
010092,Merredin,WA,1962,2,0.3,Y
010092,Merredin,WA,1962,3,19.0,Y
010092,Merredin,WA,1962,4,0.0,Y
010092,Merredin,WA,1962,5,55.1,Y
010092,Merredin,WA,1962,6,37.4,Y
010092,Merredin,WA,1962,7,27.5,Y
010092,Merredin,WA,1962,8,24.0,Y
010092,Merredin,WA,1962,9,27.8,Y
010092,Merredin,WA,1962,10,14.0,Y
010092,Merredin,WA,1962,11,2.1,Y
010092,Merredin,WA,1962,12,20.3,Y
010092,Merredin,WA,1963,1,39.2,Y
010092,Merredin,WA,1963,2,43.2,Y
010092,Merredin,WA,1963,3,47.4,Y
010092,Merredin,WA,1963,4,15.3,Y
010092,Merredin,WA,1963,5,131.6,Y
010092,Merredin,WA,1963,6,86.2,Y
010092,Merredin,WA,1963,7,79.5,Y
010092,Merredin,WA,1963,8,72.2,Y
010092,Merredin,WA,1963,9,5.9,Y
010092,Merredin,WA,1963,10,8.1,Y
010092,Merredin,WA,1963,11,11.7,Y
010092,Merredin,WA,1963,12,9.1,Y
010092,Merredin,WA,1964,1,1.5,Y
010092,Merredin,WA,1964,2,9.9,Y
010092,Merredin,WA,1964,3,10.2,Y
010092,Merredin,WA,1964,4,13.7,Y
010092,Merredin,WA,1964,5,1.8,Y
010092,Merredin,WA,1964,6,74.6,Y
010092,Merredin,WA,1964,7,76.2,Y
010092,Merredin,WA,1964,8,44.6,Y
010092,Merredin,WA,1964,9,21.6,Y
010092,Merredin,WA,1964,10,15.5,Y
010092,Merredin,WA,1964,11,7.8,Y
010092,Merredin,WA,1964,12,7.1,Y
010092,Merredin,WA,1965,1,2.1,Y
010092,Merredin,WA,1965,2,0.8,Y
010092,Merredin,WA,1965,3,3.0,Y
010092,Merredin,WA,1965,4,6.4,Y
010092,Merredin,WA,1965,5,78.2,Y
010092,Merredin,WA,1965,6,111.3,Y
010092,Merredin,WA,1965,7,56.0,Y
010092,Merredin,WA,1965,8,39.5,Y
010092,Merredin,WA,1965,9,14.5,Y
010092,Merredin,WA,1965,10,30.2,Y
010092,Merredin,WA,1965,11,52.6,Y
010092,Merredin,WA,1965,12,2.1,Y
010092,Merredin,WA,1966,1,76.9,Y
010092,Merredin,WA,1966,2,40.4,Y
010092,Merredin,WA,1966,3,0.5,Y
010092,Merredin,WA,1966,4,63.3,Y
010092,Merredin,WA,1966,5,5.9,Y
010092,Merredin,WA,1966,6,76.9,Y
010092,Merredin,WA,1966,7,61.1,Y
010092,Merredin,WA,1966,8,21.6,Y
010092,Merredin,WA,1966,9,30.1,Y
010092,Merredin,WA,1966,10,35.2,Y
010092,Merredin,WA,1966,11,2.0,Y
010092,Merredin,WA,1966,12,1.1,Y
010092,Merredin,WA,1967,1,24.9,Y
010092,Merredin,WA,1967,2,0.8,Y
010092,Merredin,WA,1967,3,1.3,Y
010092,Merredin,WA,1967,4,19.0,Y
010092,Merredin,WA,1967,5,63.0,Y
010092,Merredin,WA,1967,6,41.9,Y
010092,Merredin,WA,1967,7,51.7,Y
010092,Merredin,WA,1967,8,23.9,Y
010092,Merredin,WA,1967,9,4.6,Y
010092,Merredin,WA,1967,10,26.2,Y
010092,Merredin,WA,1967,11,0.0,Y
010092,Merredin,WA,1967,12,1.3,Y
010092,Merredin,WA,1968,1,67.6,Y
010092,Merredin,WA,1968,2,4.9,Y
010092,Merredin,WA,1968,3,31.2,Y
010092,Merredin,WA,1968,4,20.9,Y
010092,Merredin,WA,1968,5,26.6,Y
010092,Merredin,WA,1968,6,134.7,Y
010092,Merredin,WA,1968,7,33.0,Y
010092,Merredin,WA,1968,8,17.6,Y
010092,Merredin,WA,1968,9,25.5,Y
010092,Merredin,WA,1968,10,6.1,Y
010092,Merredin,WA,1968,11,1.5,Y
010092,Merredin,WA,1968,12,0.8,Y
010092,Merredin,WA,1969,1,3.6,Y
010092,Merredin,WA,1969,2,2.0,Y
010092,Merredin,WA,1969,3,13.7,Y
010092,Merredin,WA,1969,4,18.0,Y
010092,Merredin,WA,1969,5,24.1,Y
010092,Merredin,WA,1969,6,46.0,Y
010092,Merredin,WA,1969,7,21.6,Y
010092,Merredin,WA,1969,8,11.5,Y
010092,Merredin,WA,1969,9,25.1,Y
010092,Merredin,WA,1969,10,0.0,Y
010092,Merredin,WA,1969,11,10.2,Y
010092,Merredin,WA,1969,12,1.3,Y
010092,Merredin,WA,1970,1,0.0,Y
010092,Merredin,WA,1970,2,73.7,Y
010092,Merredin,WA,1970,3,5.5,Y
010092,Merredin,WA,1970,4,24.3,Y
010092,Merredin,WA,1970,5,28.3,Y
010092,Merredin,WA,1970,6,62.3,Y
010092,Merredin,WA,1970,7,31.5,Y
010092,Merredin,WA,1970,8,17.7,Y
010092,Merredin,WA,1970,9,77.5,Y
010092,Merredin,WA,1970,10,18.8,N
010092,Merredin,WA,1970,11,6.8,Y
010092,Merredin,WA,1970,12,3.8,Y
010092,Merredin,WA,1971,1,4.4,Y
010092,Merredin,WA,1971,2,10.4,Y
010092,Merredin,WA,1971,3,143.7,Y
010092,Merredin,WA,1971,4,9.7,Y
010092,Merredin,WA,1971,5,22.5,Y
010092,Merredin,WA,1971,6,28.0,Y
010092,Merredin,WA,1971,7,37.2,Y
010092,Merredin,WA,1971,8,36.0,Y
010092,Merredin,WA,1971,9,37.7,Y
010092,Merredin,WA,1971,10,21.0,Y
010092,Merredin,WA,1971,11,32.0,Y
010092,Merredin,WA,1971,12,1.8,Y
010092,Merredin,WA,1972,1,1.3,Y
010092,Merredin,WA,1972,2,0.0,Y
010092,Merredin,WA,1972,3,18.6,Y
010092,Merredin,WA,1972,4,10.2,Y
010092,Merredin,WA,1972,5,25.1,Y
010092,Merredin,WA,1972,6,94.7,Y
010092,Merredin,WA,1972,7,62.4,Y
010092,Merredin,WA,1972,8,38.5,Y
010092,Merredin,WA,1972,9,19.5,Y
010092,Merredin,WA,1972,10,6.3,Y
010092,Merredin,WA,1972,11,9.2,Y
010092,Merredin,WA,1972,12,0.8,Y
010092,Merredin,WA,1973,1,6.9,Y
010092,Merredin,WA,1973,2,3.0,Y
010092,Merredin,WA,1973,3,0.0,Y
010092,Merredin,WA,1973,4,26.2,Y
010092,Merredin,WA,1973,5,30.1,Y
010092,Merredin,WA,1973,6,65.2,Y
010092,Merredin,WA,1973,7,97.3,Y
010092,Merredin,WA,1973,8,57.5,Y
010092,Merredin,WA,1973,9,47.9,Y
010092,Merredin,WA,1973,10,22.7,Y
010092,Merredin,WA,1973,11,20.1,Y
010092,Merredin,WA,1973,12,1.3,Y
010092,Merredin,WA,1974,1,0.0,Y
010092,Merredin,WA,1974,2,2.0,Y
010092,Merredin,WA,1974,3,39.4,Y
010092,Merredin,WA,1974,4,85.9,Y
010092,Merredin,WA,1974,5,116.7,Y
010092,Merredin,WA,1974,6,34.8,Y
010092,Merredin,WA,1974,7,45.8,Y
010092,Merredin,WA,1974,8,58.5,Y
010092,Merredin,WA,1974,9,33.4,Y
010092,Merredin,WA,1974,10,24.2,Y
010092,Merredin,WA,1974,11,15.8,Y
010092,Merredin,WA,1974,12,24.2,Y
010092,Merredin,WA,1975,1,0.0,Y
010092,Merredin,WA,1975,2,2.6,Y
010092,Merredin,WA,1975,3,10.3,Y
010092,Merredin,WA,1975,4,52.0,Y
010092,Merredin,WA,1975,5,22.5,Y
010092,Merredin,WA,1975,6,43.2,Y
010092,Merredin,WA,1975,8,33.0,Y
010092,Merredin,WA,1975,9,23.6,Y
010092,Merredin,WA,1975,10,45.4,Y
010092,Merredin,WA,1975,11,12.8,Y
010092,Merredin,WA,1975,12,41.0,Y
010092,Merredin,WA,1976,1,7.4,Y
010092,Merredin,WA,1976,2,23.2,Y
010092,Merredin,WA,1976,3,4.0,Y
010092,Merredin,WA,1976,4,33.2,Y
010092,Merredin,WA,1976,5,27.6,Y
010092,Merredin,WA,1976,6,22.8,Y
010092,Merredin,WA,1976,7,12.6,Y
010092,Merredin,WA,1976,8,58.8,Y
010092,Merredin,WA,1976,9,44.2,Y
010092,Merredin,WA,1976,10,28.5,Y
010092,Merredin,WA,1976,11,32.4,Y
010092,Merredin,WA,1976,12,0.0,Y
010092,Merredin,WA,1977,1,1.1,Y
010092,Merredin,WA,1977,2,9.8,Y
010092,Merredin,WA,1977,3,3.8,Y
010092,Merredin,WA,1977,4,15.4,Y
010092,Merredin,WA,1977,5,26.8,Y
010092,Merredin,WA,1977,6,32.1,Y
010092,Merredin,WA,1977,7,11.5,Y
010092,Merredin,WA,1977,8,51.8,Y
010092,Merredin,WA,1977,9,14.9,Y
010092,Merredin,WA,1977,10,31.3,Y
010092,Merredin,WA,1977,11,7.4,Y
010092,Merredin,WA,1977,12,10.6,Y
010092,Merredin,WA,1978,1,40.9,Y
010092,Merredin,WA,1978,2,113.4,Y
010092,Merredin,WA,1978,3,0.0,Y
010092,Merredin,WA,1978,4,35.6,Y
010092,Merredin,WA,1978,5,20.5,Y
010092,Merredin,WA,1978,6,33.5,Y
010092,Merredin,WA,1978,7,77.7,Y
010092,Merredin,WA,1978,8,18.7,Y
010092,Merredin,WA,1978,9,33.9,Y
010092,Merredin,WA,1978,10,18.0,Y
010092,Merredin,WA,1978,11,17.6,Y
010092,Merredin,WA,1978,12,50.4,Y
010092,Merredin,WA,1979,1,9.9,Y
010092,Merredin,WA,1979,2,56.9,Y
010092,Merredin,WA,1979,3,12.9,Y
010092,Merredin,WA,1979,4,17.9,Y
010092,Merredin,WA,1979,5,42.5,Y
010092,Merredin,WA,1979,6,46.2,Y
010092,Merredin,WA,1979,7,21.7,Y
010092,Merredin,WA,1979,8,65.4,Y
010092,Merredin,WA,1979,9,8.9,Y
010092,Merredin,WA,1979,10,3.8,Y
010092,Merredin,WA,1979,11,17.7,Y
010092,Merredin,WA,1979,12,1.2,Y
010092,Merredin,WA,1980,1,6.8,Y
010092,Merredin,WA,1980,2,16.1,Y
010092,Merredin,WA,1980,3,0.0,Y
010092,Merredin,WA,1980,4,22.4,Y
010092,Merredin,WA,1980,5,33.5,Y
010092,Merredin,WA,1980,6,38.8,Y
010092,Merredin,WA,1980,7,27.7,Y
010092,Merredin,WA,1980,8,26.2,Y
010092,Merredin,WA,1980,9,5.4,Y
010092,Merredin,WA,1980,10,22.6,Y
010092,Merredin,WA,1980,11,8.8,Y
010092,Merredin,WA,1980,12,3.8,Y
010092,Merredin,WA,1981,1,4.0,Y
010092,Merredin,WA,1981,2,29.0,Y
010092,Merredin,WA,1981,3,14.6,Y
010092,Merredin,WA,1981,4,15.5,Y
010092,Merredin,WA,1981,5,85.4,Y
010092,Merredin,WA,1981,6,53.2,Y
010092,Merredin,WA,1981,7,44.7,Y
010092,Merredin,WA,1981,8,48.3,Y
010092,Merredin,WA,1981,9,8.7,Y
010092,Merredin,WA,1981,10,10.7,Y
010092,Merredin,WA,1981,11,26.6,Y
010092,Merredin,WA,1981,12,29.8,Y
010092,Merredin,WA,1982,1,22.2,Y
010092,Merredin,WA,1982,2,0.6,Y
010092,Merredin,WA,1982,3,15.8,Y
010092,Merredin,WA,1982,4,1.4,Y
010092,Merredin,WA,1982,5,20.6,Y
010092,Merredin,WA,1982,6,52.9,Y
010092,Merredin,WA,1982,7,17.8,Y
010092,Merredin,WA,1982,8,49.6,Y
010092,Merredin,WA,1982,9,29.8,Y
010092,Merredin,WA,1982,10,14.5,Y
010092,Merredin,WA,1982,11,12.8,Y
010092,Merredin,WA,1982,12,10.8,Y
010092,Merredin,WA,1983,1,4.6,Y
010092,Merredin,WA,1983,2,4.2,Y
010092,Merredin,WA,1983,3,5.4,Y
010092,Merredin,WA,1983,4,2.2,Y
010092,Merredin,WA,1983,5,10.0,Y
010092,Merredin,WA,1983,6,55.6,Y
010092,Merredin,WA,1983,7,54.0,Y
010092,Merredin,WA,1983,8,33.1,Y
010092,Merredin,WA,1983,9,36.4,Y
010092,Merredin,WA,1983,10,3.4,Y
010092,Merredin,WA,1983,11,71.8,Y
010092,Merredin,WA,1983,12,33.0,Y
010092,Merredin,WA,1984,1,12.8,Y
010092,Merredin,WA,1984,2,11.8,Y
010092,Merredin,WA,1984,3,28.9,Y
010092,Merredin,WA,1984,4,55.6,Y
010092,Merredin,WA,1984,5,109.4,Y
010092,Merredin,WA,1984,6,19.2,Y
010092,Merredin,WA,1984,7,33.4,Y
010092,Merredin,WA,1984,8,29.2,Y
010092,Merredin,WA,1984,9,21.0,Y
010092,Merredin,WA,1984,10,2.0,Y
010092,Merredin,WA,1984,11,14.0,Y
010092,Merredin,WA,1984,12,2.4,Y
010092,Merredin,WA,1985,1,0.0,Y
010092,Merredin,WA,1985,2,26.6,Y
010092,Merredin,WA,1985,3,21.0,Y
010092,Merredin,WA,1985,4,5.8,Y
010092,Merredin,WA,1985,5,13.6,Y
010092,Merredin,WA,1985,6,17.4,Y
010092,Merredin,WA,1985,7,53.8,Y
010092,Merredin,WA,1985,8,30.9,Y
010092,Merredin,WA,1985,9,31.0,Y
010092,Merredin,WA,1985,10,7.6,Y
010092,Merredin,WA,1985,11,38.4,Y
010092,Merredin,WA,1985,12,4.0,Y
010092,Merredin,WA,1986,1,7.2,Y
010092,Merredin,WA,1986,2,26.4,Y
010092,Merredin,WA,1986,3,11.0,Y
010092,Merredin,WA,1986,4,8.2,Y
010092,Merredin,WA,1986,5,54.4,Y
010092,Merredin,WA,1986,6,72.8,Y
010092,Merredin,WA,1986,7,38.4,Y
010092,Merredin,WA,1986,8,34.8,Y
010092,Merredin,WA,1986,9,25.4,Y
010092,Merredin,WA,1986,10,8.8,Y
010092,Merredin,WA,1986,11,16.2,Y
010092,Merredin,WA,1986,12,6.6,Y
010092,Merredin,WA,1987,1,0.2,Y
010092,Merredin,WA,1987,2,0.0,Y
010092,Merredin,WA,1987,3,3.8,Y
010092,Merredin,WA,1987,4,14.2,Y
010092,Merredin,WA,1987,5,52.2,Y
010092,Merredin,WA,1987,6,35.6,Y
010092,Merredin,WA,1987,7,41.2,Y
010092,Merredin,WA,1987,8,39.8,Y
010092,Merredin,WA,1987,9,17.0,Y
010092,Merredin,WA,1987,10,10.8,Y
010092,Merredin,WA,1987,11,19.8,Y
010092,Merredin,WA,1987,12,54.0,Y
010092,Merredin,WA,1988,1,0.0,Y
010092,Merredin,WA,1988,2,0.4,Y
010092,Merredin,WA,1988,3,7.2,Y
010092,Merredin,WA,1988,4,38.6,Y
010092,Merredin,WA,1988,5,73.4,Y
010092,Merredin,WA,1988,6,61.4,Y
010092,Merredin,WA,1988,7,47.8,Y
010092,Merredin,WA,1988,8,54.2,Y
010092,Merredin,WA,1988,9,15.0,Y
010092,Merredin,WA,1988,10,10.6,Y
010092,Merredin,WA,1988,11,6.8,Y
010092,Merredin,WA,1988,12,37.6,Y
010092,Merredin,WA,1989,1,29.6,Y
010092,Merredin,WA,1989,2,19.2,Y
010092,Merredin,WA,1989,3,1.4,Y
010092,Merredin,WA,1989,4,31.2,Y
010092,Merredin,WA,1989,5,67.0,Y
010092,Merredin,WA,1989,6,68.8,Y
010092,Merredin,WA,1989,7,38.8,Y
010092,Merredin,WA,1989,8,13.0,Y
010092,Merredin,WA,1989,9,9.0,Y
010092,Merredin,WA,1989,10,8.6,Y
010092,Merredin,WA,1989,11,0.0,Y
010092,Merredin,WA,1989,12,0.0,Y
010092,Merredin,WA,1990,1,72.6,Y
010092,Merredin,WA,1990,2,17.8,Y
010092,Merredin,WA,1990,3,43.5,Y
010092,Merredin,WA,1990,4,37.8,Y
010092,Merredin,WA,1990,5,7.4,Y
010092,Merredin,WA,1990,6,35.6,Y
010092,Merredin,WA,1990,7,56.2,Y
010092,Merredin,WA,1990,8,22.8,Y
010092,Merredin,WA,1990,9,28.4,Y
010092,Merredin,WA,1990,10,30.8,Y
010092,Merredin,WA,1990,11,0.0,Y
010092,Merredin,WA,1990,12,1.2,Y
010092,Merredin,WA,1991,1,24.8,Y
010092,Merredin,WA,1991,2,0.0,Y
010092,Merredin,WA,1991,3,1.6,Y
010092,Merredin,WA,1991,4,12.6,Y
010092,Merredin,WA,1991,5,28.6,Y
010092,Merredin,WA,1991,6,51.6,Y
010092,Merredin,WA,1991,7,45.4,Y
010092,Merredin,WA,1991,8,21.2,Y
010092,Merredin,WA,1991,9,30.0,Y
010092,Merredin,WA,1991,10,13.4,Y
010092,Merredin,WA,1991,11,18.2,Y
010092,Merredin,WA,1991,12,62.6,Y
010092,Merredin,WA,1992,1,0.8,Y
010092,Merredin,WA,1992,2,72.6,Y
010092,Merredin,WA,1992,3,76.8,Y
010092,Merredin,WA,1992,4,16.4,Y
010092,Merredin,WA,1992,5,7.2,Y
010092,Merredin,WA,1992,6,74.4,Y
010092,Merredin,WA,1992,7,42.4,Y
010092,Merredin,WA,1992,8,99.0,Y
010092,Merredin,WA,1992,9,43.0,Y
010092,Merredin,WA,1992,10,8.8,Y
010092,Merredin,WA,1992,11,11.4,Y
010092,Merredin,WA,1992,12,10.2,Y
010092,Merredin,WA,1993,1,0.6,Y
010092,Merredin,WA,1993,2,2.0,Y
010092,Merredin,WA,1993,3,4.4,Y
010092,Merredin,WA,1993,4,12.0,Y
010092,Merredin,WA,1993,5,90.8,Y
010092,Merredin,WA,1993,6,59.2,Y
010092,Merredin,WA,1993,7,28.6,Y
010092,Merredin,WA,1993,8,57.2,Y
010092,Merredin,WA,1993,9,13.6,Y
010092,Merredin,WA,1993,10,5.8,Y
010092,Merredin,WA,1993,11,52.4,Y
010092,Merredin,WA,1993,12,0.0,Y
010092,Merredin,WA,1994,1,0.0,Y
010092,Merredin,WA,1994,2,20.6,Y
010092,Merredin,WA,1994,3,1.0,Y
010092,Merredin,WA,1994,4,0.0,Y
010092,Merredin,WA,1994,5,38.4,Y
010092,Merredin,WA,1994,6,33.6,Y
010092,Merredin,WA,1994,7,26.8,N
010092,Merredin,WA,1994,8,49.8,Y
010092,Merredin,WA,1994,9,11.4,Y
010092,Merredin,WA,1994,10,4.2,Y
010092,Merredin,WA,1994,11,0.0,Y
010092,Merredin,WA,1994,12,6.8,Y
010092,Merredin,WA,1995,1,9.6,Y
010092,Merredin,WA,1995,2,40.2,Y
010092,Merredin,WA,1995,3,43.6,Y
010092,Merredin,WA,1995,4,5.8,Y
010092,Merredin,WA,1995,5,46.0,Y
010092,Merredin,WA,1995,6,49.0,Y
010092,Merredin,WA,1995,7,90.0,Y
010092,Merredin,WA,1995,8,18.0,Y
010092,Merredin,WA,1995,9,25.8,Y
010092,Merredin,WA,1995,10,27.8,Y
010092,Merredin,WA,1995,11,0.0,Y
010092,Merredin,WA,1995,12,49.4,Y
010092,Merredin,WA,1996,1,0.0,Y
010092,Merredin,WA,1996,2,1.0,Y
010092,Merredin,WA,1996,3,1.2,Y
010092,Merredin,WA,1996,4,32.0,Y
010092,Merredin,WA,1996,5,15.8,Y
010092,Merredin,WA,1996,6,51.0,Y
010092,Merredin,WA,1996,7,73.4,Y
010092,Merredin,WA,1996,8,47.2,Y
010092,Merredin,WA,1996,9,56.4,Y
010092,Merredin,WA,1996,10,4.6,Y
010092,Merredin,WA,1996,11,37.0,Y
010092,Merredin,WA,1996,12,1.6,Y
010092,Merredin,WA,1997,1,0.0,Y
010092,Merredin,WA,1997,2,56.7,Y
010092,Merredin,WA,1997,3,21.4,Y
010092,Merredin,WA,1997,4,40.2,Y
010092,Merredin,WA,1997,5,37.6,Y
010092,Merredin,WA,1997,6,25.6,Y
010092,Merredin,WA,1997,7,51.2,Y
010092,Merredin,WA,1997,8,54.4,Y
010092,Merredin,WA,1997,9,31.8,Y
010092,Merredin,WA,1997,10,7.6,Y
010092,Merredin,WA,1997,11,8.8,Y
010092,Merredin,WA,1997,12,2.0,Y
010092,Merredin,WA,1998,1,0.0,Y
010092,Merredin,WA,1998,2,0.0,Y
010092,Merredin,WA,1998,3,8.2,Y
010092,Merredin,WA,1998,4,59.8,Y
010092,Merredin,WA,1998,5,32.4,Y
010092,Merredin,WA,1998,6,79.4,Y
010092,Merredin,WA,1998,7,54.0,Y
010092,Merredin,WA,1998,8,33.4,Y
010092,Merredin,WA,1998,9,17.8,Y
010092,Merredin,WA,1998,10,16.6,Y
010092,Merredin,WA,1998,11,1.4,Y
010092,Merredin,WA,1998,12,7.4,Y
010092,Merredin,WA,1999,1,15.4,Y
010092,Merredin,WA,1999,2,26.6,Y
010092,Merredin,WA,1999,3,79.2,Y
010092,Merredin,WA,1999,4,33.6,Y
010092,Merredin,WA,1999,5,110.0,Y
010092,Merredin,WA,1999,6,30.6,Y
010092,Merredin,WA,1999,7,56.0,Y
010092,Merredin,WA,1999,8,36.6,Y
010092,Merredin,WA,1999,9,32.4,Y
010092,Merredin,WA,1999,10,38.2,Y
010092,Merredin,WA,1999,11,16.6,Y
010092,Merredin,WA,1999,12,27.6,Y
010092,Merredin,WA,2000,1,77.8,Y
010092,Merredin,WA,2000,2,3.0,Y
010092,Merredin,WA,2000,3,54.2,Y
010092,Merredin,WA,2000,4,31.2,Y
010092,Merredin,WA,2000,5,8.4,Y
010092,Merredin,WA,2000,6,20.2,Y
010092,Merredin,WA,2000,7,49.6,Y
010092,Merredin,WA,2000,8,36.6,Y
010092,Merredin,WA,2000,9,9.0,Y
010092,Merredin,WA,2000,10,0.4,Y
010092,Merredin,WA,2000,11,4.6,Y
010092,Merredin,WA,2000,12,4.6,Y
010092,Merredin,WA,2001,1,134.6,Y
010092,Merredin,WA,2001,2,37.4,Y
010092,Merredin,WA,2001,3,0.0,Y
010092,Merredin,WA,2001,4,3.8,Y
010092,Merredin,WA,2001,5,39.0,Y
010092,Merredin,WA,2001,6,12.2,Y
010092,Merredin,WA,2001,7,60.8,Y
010092,Merredin,WA,2001,8,32.8,Y
010092,Merredin,WA,2001,9,27.0,Y
010092,Merredin,WA,2001,10,12.0,Y
010092,Merredin,WA,2001,11,21.6,Y
010092,Merredin,WA,2001,12,13.2,Y
010092,Merredin,WA,2002,1,18.6,Y
010092,Merredin,WA,2002,2,0.6,Y
010092,Merredin,WA,2002,3,0.0,Y
010092,Merredin,WA,2002,4,61.6,Y
010092,Merredin,WA,2002,5,8.0,Y
010092,Merredin,WA,2002,6,22.4,Y
010092,Merredin,WA,2002,7,24.0,Y
010092,Merredin,WA,2002,8,30.6,Y
010092,Merredin,WA,2002,9,15.0,Y
010092,Merredin,WA,2002,10,8.2,Y
010092,Merredin,WA,2002,11,13.6,Y
010092,Merredin,WA,2002,12,56.4,Y
010092,Merredin,WA,2003,1,0.0,Y
010092,Merredin,WA,2003,2,42.4,Y
010092,Merredin,WA,2003,3,17.6,Y
010092,Merredin,WA,2003,4,28.0,Y
010092,Merredin,WA,2003,5,73.4,Y
010092,Merredin,WA,2003,6,33.0,Y
010092,Merredin,WA,2003,7,47.0,Y
010092,Merredin,WA,2003,8,63.8,Y
010092,Merredin,WA,2003,9,27.7,Y
010092,Merredin,WA,2003,10,10.8,Y
010092,Merredin,WA,2003,11,17.8,Y
010092,Merredin,WA,2003,12,16.4,Y
010092,Merredin,WA,2004,1,14.8,Y
010092,Merredin,WA,2004,2,21.4,Y
010092,Merredin,WA,2004,3,9.6,Y
010092,Merredin,WA,2004,4,37.5,Y
010092,Merredin,WA,2004,5,43.4,Y
010092,Merredin,WA,2004,6,72.1,Y
010092,Merredin,WA,2004,7,49.4,Y
010092,Merredin,WA,2004,8,35.4,Y
010092,Merredin,WA,2004,9,10.0,Y
010092,Merredin,WA,2004,10,15.8,Y
010092,Merredin,WA,2004,11,7.0,Y
010092,Merredin,WA,2004,12,4.0,Y
010092,Merredin,WA,2005,1,0.0,Y
010092,Merredin,WA,2005,2,1.6,Y
010092,Merredin,WA,2005,3,29.8,Y
010092,Merredin,WA,2005,4,25.0,Y
010092,Merredin,WA,2005,5,62.2,Y
010092,Merredin,WA,2005,6,70.4,Y
010092,Merredin,WA,2005,7,11.6,Y
010092,Merredin,WA,2005,8,53.2,Y
010092,Merredin,WA,2005,9,30.4,Y
010092,Merredin,WA,2005,10,13.8,Y
010092,Merredin,WA,2005,11,8.4,Y
010092,Merredin,WA,2005,12,1.0,Y
010092,Merredin,WA,2006,1,109.8,Y
010092,Merredin,WA,2006,2,12.6,Y
010092,Merredin,WA,2006,3,33.6,Y
010092,Merredin,WA,2006,4,40.8,Y
010092,Merredin,WA,2006,5,51.2,Y
010092,Merredin,WA,2006,6,7.6,Y
010092,Merredin,WA,2006,7,30.0,Y
010092,Merredin,WA,2006,8,25.4,Y
010092,Merredin,WA,2006,9,59.4,Y
010092,Merredin,WA,2006,10,10.6,Y
010092,Merredin,WA,2006,11,15.0,Y
010092,Merredin,WA,2006,12,7.2,Y
010092,Merredin,WA,2007,1,17.6,Y
010092,Merredin,WA,2007,2,1.8,Y
010092,Merredin,WA,2007,3,0.0,Y
010092,Merredin,WA,2007,4,10.0,Y
010092,Merredin,WA,2007,5,23.4,Y
010092,Merredin,WA,2007,6,22.2,Y
010092,Merredin,WA,2007,7,47.6,Y
010092,Merredin,WA,2007,8,18.8,Y
010092,Merredin,WA,2007,9,16.8,Y
010092,Merredin,WA,2007,10,28.8,Y
010092,Merredin,WA,2007,11,0.0,Y
010092,Merredin,WA,2007,12,39.2,Y
010092,Merredin,WA,2008,1,1.8,Y
010092,Merredin,WA,2008,2,31.4,Y
010092,Merredin,WA,2008,3,1.6,Y
010092,Merredin,WA,2008,4,27.4,Y
010092,Merredin,WA,2008,5,13.4,Y
010092,Merredin,WA,2008,6,24.3,Y
010092,Merredin,WA,2008,7,73.3,Y
010092,Merredin,WA,2008,8,19.4,Y
010092,Merredin,WA,2008,9,58.8,Y
010092,Merredin,WA,2008,10,49.8,Y
010092,Merredin,WA,2008,11,14.0,Y
010092,Merredin,WA,2008,12,1.4,Y
010092,Merredin,WA,2009,1,6.4,Y
010092,Merredin,WA,2009,2,8.6,Y
010092,Merredin,WA,2009,3,14.0,Y
010092,Merredin,WA,2009,4,8.6,Y
010092,Merredin,WA,2009,5,9.8,Y
010092,Merredin,WA,2009,6,39.2,Y
010092,Merredin,WA,2009,7,62.2,Y
010092,Merredin,WA,2009,8,42.2,Y
010092,Merredin,WA,2009,9,22.0,Y
010092,Merredin,WA,2009,10,8.7,Y
010092,Merredin,WA,2009,11,43.4,Y
010092,Merredin,WA,2009,12,8.1,Y
010092,Merredin,WA,2010,1,4.8,Y
010092,Merredin,WA,2010,2,0.0,Y
010092,Merredin,WA,2010,3,8.0,Y
010092,Merredin,WA,2010,4,0.0,Y
010092,Merredin,WA,2010,5,45.6,Y
010092,Merredin,WA,2010,6,21.0,Y
010092,Merredin,WA,2010,7,51.0,Y
010092,Merredin,WA,2010,8,17.0,Y
010092,Merredin,WA,2010,9,9.2,Y
010092,Merredin,WA,2010,10,4.6,Y
010092,Merredin,WA,2010,11,4.8,Y
010092,Merredin,WA,2010,12,13.2,Y
010092,Merredin,WA,2011,1,70.2,Y
010092,Merredin,WA,2011,2,30.4,Y
010092,Merredin,WA,2011,3,0.0,Y
010092,Merredin,WA,2011,4,5.8,Y
010092,Merredin,WA,2011,5,36.4,Y
010092,Merredin,WA,2011,6,30.0,Y
010092,Merredin,WA,2011,7,45.2,Y
010092,Merredin,WA,2011,8,43.2,Y
010092,Merredin,WA,2011,9,32.6,Y
010092,Merredin,WA,2011,10,55.8,Y
010092,Merredin,WA,2011,11,13.4,Y
010092,Merredin,WA,2011,12,53.6,Y
010092,Merredin,WA,2012,1,18.6,Y
010092,Merredin,WA,2012,2,14.8,Y
010092,Merredin,WA,2012,3,6.2,Y
010092,Merredin,WA,2012,4,7.6,Y
010092,Merredin,WA,2012,5,10.6,Y
010092,Merredin,WA,2012,6,52.0,Y
010092,Merredin,WA,2012,7,16.0,Y
010092,Merredin,WA,2012,8,25.8,Y
010092,Merredin,WA,2012,9,34.9,Y
010092,Merredin,WA,2012,10,6.8,Y
010092,Merredin,WA,2012,11,87.4,Y
010092,Merredin,WA,2012,12,35.0,Y
010092,Merredin,WA,2013,1,57.8,Y
010092,Merredin,WA,2013,2,2.2,Y
010092,Merredin,WA,2013,3,55.2,Y
010092,Merredin,WA,2013,4,11.0,Y
010092,Merredin,WA,2013,5,32.8,Y
010092,Merredin,WA,2013,6,6.6,Y
010092,Merredin,WA,2013,7,36.0,Y
010092,Merredin,WA,2013,8,40.4,Y
010092,Merredin,WA,2013,9,42.8,Y
010092,Merredin,WA,2013,10,15.8,N
010092,Merredin,WA,2013,11,6.2,Y
010092,Merredin,WA,2013,12,2.0,Y
010092,Merredin,WA,2014,1,8.2,Y
010092,Merredin,WA,2014,2,13.4,Y
010092,Merredin,WA,2014,3,4.2,Y
010092,Merredin,WA,2014,4,27.0,Y
010092,Merredin,WA,2014,5,53.2,Y
010092,Merredin,WA,2014,6,16.0,Y
010092,Merredin,WA,2014,7,47.2,Y
010092,Merredin,WA,2014,8,12.6,Y
010092,Merredin,WA,2014,9,25.4,Y
010092,Merredin,WA,2014,10,54.6,Y
010092,Merredin,WA,2014,11,24.2,Y
010092,Merredin,WA,2014,12,5.2,Y
010092,Merredin,WA,2015,1,4.4,Y
010092,Merredin,WA,2015,2,4.6,N
010092,Merredin,WA,2015,3,85.0,Y
010092,Merredin,WA,2015,4,15.8,Y
010092,Merredin,WA,2015,5,15.4,Y
010092,Merredin,WA,2015,6,42.4,Y
010092,Merredin,WA,2015,7,62.6,Y
010092,Merredin,WA,2015,8,80.4,Y
010092,Merredin,WA,2015,9,7.2,Y
010092,Merredin,WA,2015,10,6.2,Y
010092,Merredin,WA,2015,11,30.6,Y
010092,Merredin,WA,2015,12,6.4,Y
010092,Merredin,WA,2016,1,41.0,Y
010092,Merredin,WA,2016,2,12.0,Y
010092,Merredin,WA,2016,3,76.4,Y
010092,Merredin,WA,2016,4,55.4,Y
010092,Merredin,WA,2016,5,41.8,Y
010092,Merredin,WA,2016,6,43.4,Y
010092,Merredin,WA,2016,7,38.8,Y
010092,Merredin,WA,2016,8,41.8,Y
010092,Merredin,WA,2016,9,21.4,Y
010092,Merredin,WA,2016,10,10.6,Y
010092,Merredin,WA,2016,11,2.0,Y
010092,Merredin,WA,2016,12,22.4,Y
010092,Merredin,WA,2017,1,32.0,Y
010092,Merredin,WA,2017,2,53.4,Y
010092,Merredin,WA,2017,3,21.0,Y
010092,Merredin,WA,2017,4,4.8,Y
010092,Merredin,WA,2017,5,27.6,Y
010092,Merredin,WA,2017,6,5.0,Y
010092,Merredin,WA,2017,7,35.9,N
010092,Merredin,WA,2017,8,47.6,Y
010092,Merredin,WA,2017,9,48.2,Y
010092,Merredin,WA,2017,10,25.6,Y
010092,Merredin,WA,2017,11,10.8,Y
010092,Merredin,WA,2017,12,5.8,Y
010092,Merredin,WA,2018,1,22.6,Y
010092,Merredin,WA,2018,2,11.2,Y
010092,Merredin,WA,2018,3,9.0,Y
010092,Merredin,WA,2018,4,1.2,Y
010092,Merredin,WA,2018,5,11.0,Y
010092,Merredin,WA,2018,6,39.2,Y
010092,Merredin,WA,2018,7,51.8,Y
010092,Merredin,WA,2018,8,61.6,Y
010092,Merredin,WA,2018,9,8.5,Y
010092,Merredin,WA,2018,10,44.4,Y
010092,Merredin,WA,2018,11,17.8,Y
010092,Merredin,WA,2018,12,24.2,Y
010092,Merredin,WA,2019,1,0.6,Y
010092,Merredin,WA,2019,2,2.8,Y
010092,Merredin,WA,2019,3,6.4,Y
010092,Merredin,WA,2019,4,22.8,Y
010092,Merredin,WA,2019,5,5.8,Y
010092,Merredin,WA,2019,6,68.4,Y
010092,Merredin,WA,2019,7,37.0,Y
010092,Merredin,WA,2019,8,52.0,Y
010092,Merredin,WA,2019,9,3.6,Y
010092,Merredin,WA,2019,10,20.6,Y
010092,Merredin,WA,2019,11,2.2,Y
010092,Merredin,WA,2019,12,0.2,Y
010092,Merredin,WA,2020,1,0.2,Y
010092,Merredin,WA,2020,2,44.0,Y
010092,Merredin,WA,2020,3,9.7,Y
010092,Merredin,WA,2020,4,3.8,Y
010092,Merredin,WA,2020,5,64.8,N
010092,Merredin,WA,2020,6,41.6,Y
010092,Merredin,WA,2020,7,36.1,Y
010092,Merredin,WA,2020,8,48.6,Y
010092,Merredin,WA,2020,9,19.9,Y
010092,Merredin,WA,2020,10,1.2,Y
010092,Merredin,WA,2020,11,48.2,N
010092,Merredin,WA,2020,12,13.2,Y
010092,Merredin,WA,2021,1,0.2,Y
010092,Merredin,WA,2021,2,18.8,Y
010092,Merredin,WA,2021,3,63.2,N
010092,Merredin,WA,2021,4,17.0,Y
010092,Merredin,WA,2021,5,65.4,Y
010092,Merredin,WA,2021,6,22.7,Y
010092,Merredin,WA,2021,7,63.1,N
010092,Merredin,WA,2021,8,23.6,Y
010092,Merredin,WA,2021,9,10.4,Y
010092,Merredin,WA,2021,10,38.2,Y
010092,Merredin,WA,2021,11,19.4,N
010092,Merredin,WA,2021,12,0.0,Y
010092,Merredin,WA,2022,1,0.0,Y
010092,Merredin,WA,2022,2,35.8,N
010092,Merredin,WA,2022,3,27.4,N
010092,Merredin,WA,2022,4,60.7,N
010092,Merredin,WA,2022,5,32.2,N
010092,Merredin,WA,2022,6,37.1,Y
010092,Merredin,WA,2022,7,31.7,N
010092,Merredin,WA,2022,8,71.0,N
010092,Merredin,WA,2022,9,39.2,Y
010092,Merredin,WA,2022,10,23.4,Y
010092,Merredin,WA,2022,11,37.6,Y
010092,Merredin,WA,2022,12,0.2,Y
010092,Merredin,WA,2023,1,2.0,N
010092,Merredin,WA,2023,2,0.0,Y
010092,Merredin,WA,2023,3,23.2,Y
010092,Merredin,WA,2023,4,31.2,Y
010092,Merredin,WA,2023,5,11.6,Y
010092,Merredin,WA,2023,6,57.7,N
010092,Merredin,WA,2023,7,16.2,Y
010092,Merredin,WA,2023,8,21.0,Y
010092,Merredin,WA,2023,9,15.6,Y
010092,Merredin,WA,2023,10,1.6,Y
010092,Merredin,WA,2023,11,12.2,Y
010092,Merredin,WA,2023,12,4.2,Y
010092,Merredin,WA,2024,1,29.7,Y
010092,Merredin,WA,2024,2,18.4,Y
010092,Merredin,WA,2024,3,22.5,Y
010092,Merredin,WA,2024,4,0.0,Y
010092,Merredin,WA,2024,5,18.0,Y
010092,Merredin,WA,2024,6,58.1,Y
010092,Merredin,WA,2024,7,72.2,Y
010092,Merredin,WA,2024,8,49.4,Y
010092,Merredin,WA,2024,9,8.6,Y
010092,Merredin,WA,2024,10,10.8,Y
010092,Merredin,WA,2024,11,25.0,N
010092,Merredin,WA,2024,12,15.2,N
010092,Merredin,WA,2025,1,9.0,N
010092,Merredin,WA,2025,2,2.0,Y
010092,Merredin,WA,2025,3,21.6,Y
010092,Merredin,WA,2025,4,25.2,Y
010092,Merredin,WA,2025,5,20.9,Y
010092,Merredin,WA,2025,6,21.2,Y
010092,Merredin,WA,2025,7,47.7,Y
010092,Merredin,WA,2025,8,69.0,Y
010092,Merredin,WA,2025,9,21.2,Y
010092,Merredin,WA,2025,10,12.4,Y
010092,Merredin,WA,2025,11,44.0,Y
010092,Merredin,WA,2026,1,0.0,Y
010092,Merredin,WA,2026,3,0.0,N
010092,Merredin,WA,2026,5,1.4,N
010092,Merredin,WA,2026,6,77.2,N
010092,Merredin,WA,2026,7,44.6,N
010092,Merredin,WA,2026,8,46.7,Y
016055,Minnipa,SA,1877,1,21.3,Y
016055,Minnipa,SA,1877,2,20.8,Y
016055,Minnipa,SA,1877,3,62.0,Y
016055,Minnipa,SA,1877,4,39.1,Y
016055,Minnipa,SA,1877,5,68.3,Y
016055,Minnipa,SA,1877,6,3.3,Y
016055,Minnipa,SA,1877,7,23.9,Y
016055,Minnipa,SA,1877,8,5.8,Y
016055,Minnipa,SA,1877,9,14.0,Y
016055,Minnipa,SA,1877,10,6.4,Y
016055,Minnipa,SA,1877,11,0.0,Y
016055,Minnipa,SA,1877,12,3.0,Y
016055,Minnipa,SA,1878,1,0.0,Y
016055,Minnipa,SA,1878,2,2.0,Y
016055,Minnipa,SA,1878,3,31.8,Y
016055,Minnipa,SA,1878,4,45.2,Y
016055,Minnipa,SA,1878,5,33.5,Y
016055,Minnipa,SA,1878,6,39.6,Y
016055,Minnipa,SA,1878,7,57.7,Y
016055,Minnipa,SA,1878,8,9.9,Y
016055,Minnipa,SA,1878,9,28.4,Y
016055,Minnipa,SA,1878,10,16.0,Y
016055,Minnipa,SA,1878,11,15.7,Y
016055,Minnipa,SA,1878,12,4.1,Y
016055,Minnipa,SA,1879,1,0.0,Y
016055,Minnipa,SA,1879,2,0.0,Y
016055,Minnipa,SA,1879,3,1.3,Y
016055,Minnipa,SA,1879,4,15.7,Y
016055,Minnipa,SA,1879,5,23.6,Y
016055,Minnipa,SA,1879,6,13.0,Y
016055,Minnipa,SA,1879,7,48.0,Y
016055,Minnipa,SA,1879,8,7.9,Y
016055,Minnipa,SA,1879,9,43.4,Y
016055,Minnipa,SA,1879,10,14.0,Y
016055,Minnipa,SA,1879,11,59.9,Y
016055,Minnipa,SA,1879,12,20.3,Y
016055,Minnipa,SA,1880,1,18.0,Y
016055,Minnipa,SA,1880,2,9.1,Y
016055,Minnipa,SA,1880,3,25.4,Y
016055,Minnipa,SA,1880,4,41.7,Y
016055,Minnipa,SA,1880,5,15.7,Y
016055,Minnipa,SA,1880,6,12.2,Y
016055,Minnipa,SA,1880,7,16.8,Y
016055,Minnipa,SA,1880,8,23.9,Y
016055,Minnipa,SA,1880,9,48.5,Y
016055,Minnipa,SA,1880,10,27.2,Y
016055,Minnipa,SA,1880,11,5.3,Y
016055,Minnipa,SA,1880,12,0.0,Y
016055,Minnipa,SA,1881,1,8.6,Y
016055,Minnipa,SA,1881,2,0.0,Y
016055,Minnipa,SA,1881,3,13.7,Y
016055,Minnipa,SA,1881,4,1.5,Y
016055,Minnipa,SA,1881,5,40.4,Y
016055,Minnipa,SA,1881,6,38.6,Y
016055,Minnipa,SA,1881,7,1.5,Y
016055,Minnipa,SA,1881,8,33.8,Y
016055,Minnipa,SA,1881,9,14.0,Y
016055,Minnipa,SA,1881,10,13.2,Y
016055,Minnipa,SA,1881,11,0.0,Y
016055,Minnipa,SA,1881,12,0.0,Y
016055,Minnipa,SA,1882,1,12.4,Y
016055,Minnipa,SA,1882,2,0.0,Y
016055,Minnipa,SA,1882,3,1.8,Y
016055,Minnipa,SA,1882,4,28.7,Y
016055,Minnipa,SA,1882,5,40.9,Y
016055,Minnipa,SA,1882,6,13.2,Y
016055,Minnipa,SA,1882,7,14.2,Y
016055,Minnipa,SA,1882,8,53.8,Y
016055,Minnipa,SA,1882,9,0.0,Y
016055,Minnipa,SA,1882,10,25.9,Y
016055,Minnipa,SA,1882,11,48.0,Y
016055,Minnipa,SA,1882,12,2.0,Y
016055,Minnipa,SA,1883,1,0.0,Y
016055,Minnipa,SA,1883,2,0.8,Y
016055,Minnipa,SA,1883,3,2.0,Y
016055,Minnipa,SA,1883,4,15.7,Y
016055,Minnipa,SA,1883,5,94.7,Y
016055,Minnipa,SA,1883,6,27.7,Y
016055,Minnipa,SA,1883,7,17.8,Y
016055,Minnipa,SA,1883,8,59.9,Y
016055,Minnipa,SA,1883,9,17.0,Y
016055,Minnipa,SA,1883,10,11.2,Y
016055,Minnipa,SA,1883,11,17.0,Y
016055,Minnipa,SA,1883,12,1.8,Y
016055,Minnipa,SA,1884,1,0.0,Y
016055,Minnipa,SA,1884,2,0.0,Y
016055,Minnipa,SA,1884,3,56.6,Y
016055,Minnipa,SA,1884,4,22.6,Y
016055,Minnipa,SA,1884,5,8.5,Y
016055,Minnipa,SA,1884,6,81.4,Y
016055,Minnipa,SA,1884,7,4.1,Y
016055,Minnipa,SA,1884,8,2.6,Y
016055,Minnipa,SA,1884,9,44.5,Y
016055,Minnipa,SA,1884,10,8.2,Y
016055,Minnipa,SA,1884,11,22.8,Y
016055,Minnipa,SA,1884,12,5.7,Y
016055,Minnipa,SA,1885,1,16.2,Y
016055,Minnipa,SA,1885,2,33.9,Y
016055,Minnipa,SA,1885,3,9.9,Y
016055,Minnipa,SA,1885,4,22.3,Y
016055,Minnipa,SA,1885,5,28.7,Y
016055,Minnipa,SA,1885,6,23.4,Y
016055,Minnipa,SA,1885,7,8.7,Y
016055,Minnipa,SA,1885,8,12.7,Y
016055,Minnipa,SA,1885,9,52.4,Y
016055,Minnipa,SA,1885,10,17.0,Y
016055,Minnipa,SA,1885,11,3.6,Y
016055,Minnipa,SA,1885,12,8.6,Y
016055,Minnipa,SA,1886,1,12.2,Y
016055,Minnipa,SA,1886,2,0.0,Y
016055,Minnipa,SA,1886,3,1.3,Y
016055,Minnipa,SA,1886,4,22.4,Y
016055,Minnipa,SA,1886,5,14.2,Y
016055,Minnipa,SA,1886,6,1.8,Y
016055,Minnipa,SA,1886,7,20.6,Y
016055,Minnipa,SA,1886,8,77.4,Y
016055,Minnipa,SA,1886,9,24.7,Y
016055,Minnipa,SA,1886,10,21.5,Y
016055,Minnipa,SA,1886,11,2.6,Y
016055,Minnipa,SA,1886,12,1.8,Y
016055,Minnipa,SA,1887,1,4.8,Y
016055,Minnipa,SA,1887,2,0.0,Y
016055,Minnipa,SA,1887,3,0.0,Y
016055,Minnipa,SA,1887,4,42.1,Y
016055,Minnipa,SA,1887,5,33.3,Y
016055,Minnipa,SA,1887,6,45.2,Y
016055,Minnipa,SA,1887,7,27.6,Y
016055,Minnipa,SA,1887,8,21.2,Y
016055,Minnipa,SA,1887,9,10.1,Y
016055,Minnipa,SA,1887,10,39.6,Y
016055,Minnipa,SA,1887,11,46.7,Y
016055,Minnipa,SA,1887,12,36.3,Y
016055,Minnipa,SA,1888,1,11.0,Y
016055,Minnipa,SA,1888,2,7.1,Y
016055,Minnipa,SA,1888,3,1.6,Y
016055,Minnipa,SA,1888,4,3.0,Y
016055,Minnipa,SA,1888,5,17.4,Y
016055,Minnipa,SA,1888,6,61.6,Y
016055,Minnipa,SA,1888,7,28.5,Y
016055,Minnipa,SA,1888,8,19.6,Y
016055,Minnipa,SA,1888,9,18.9,Y
016055,Minnipa,SA,1888,10,8.7,Y
016055,Minnipa,SA,1888,11,4.1,Y
016055,Minnipa,SA,1888,12,7.6,Y
016055,Minnipa,SA,1889,1,15.7,Y
016055,Minnipa,SA,1889,2,0.0,Y
016055,Minnipa,SA,1889,3,29.1,Y
016055,Minnipa,SA,1889,4,23.2,Y
016055,Minnipa,SA,1889,5,65.6,Y
016055,Minnipa,SA,1889,6,90.4,Y
016055,Minnipa,SA,1889,7,10.4,Y
016055,Minnipa,SA,1889,8,40.8,Y
016055,Minnipa,SA,1889,9,38.6,Y
016055,Minnipa,SA,1889,10,26.5,Y
016055,Minnipa,SA,1889,11,12.5,Y
016055,Minnipa,SA,1889,12,0.0,Y
016055,Minnipa,SA,1890,1,12.0,Y
016055,Minnipa,SA,1890,2,56.1,Y
016055,Minnipa,SA,1890,3,0.0,Y
016055,Minnipa,SA,1890,4,15.5,Y
016055,Minnipa,SA,1890,5,30.5,Y
016055,Minnipa,SA,1890,6,88.0,Y
016055,Minnipa,SA,1890,7,108.1,Y
016055,Minnipa,SA,1890,8,40.9,Y
016055,Minnipa,SA,1890,9,7.4,Y
016055,Minnipa,SA,1890,10,51.8,Y
016055,Minnipa,SA,1890,11,21.0,Y
016055,Minnipa,SA,1890,12,2.0,Y
016055,Minnipa,SA,1891,1,9.4,Y
016055,Minnipa,SA,1891,2,0.0,Y
016055,Minnipa,SA,1891,3,5.1,Y
016055,Minnipa,SA,1891,4,17.2,Y
016055,Minnipa,SA,1891,5,25.1,Y
016055,Minnipa,SA,1891,6,24.2,Y
016055,Minnipa,SA,1891,7,22.7,Y
016055,Minnipa,SA,1891,8,12.2,Y
016055,Minnipa,SA,1891,9,9.2,Y
016055,Minnipa,SA,1891,10,10.9,Y
016055,Minnipa,SA,1891,11,0.3,Y
016055,Minnipa,SA,1891,12,1.0,Y
016055,Minnipa,SA,1892,1,11.5,Y
016055,Minnipa,SA,1892,2,17.6,Y
016055,Minnipa,SA,1892,3,3.5,Y
016055,Minnipa,SA,1892,4,8.7,Y
016055,Minnipa,SA,1892,5,21.4,Y
016055,Minnipa,SA,1892,6,12.2,Y
016055,Minnipa,SA,1892,7,24.2,Y
016055,Minnipa,SA,1892,8,31.9,Y
016055,Minnipa,SA,1892,9,131.3,Y
016055,Minnipa,SA,1892,10,62.5,Y
016055,Minnipa,SA,1892,11,6.4,Y
016055,Minnipa,SA,1892,12,14.2,Y
016055,Minnipa,SA,1893,1,0.0,Y
016055,Minnipa,SA,1893,2,0.0,Y
016055,Minnipa,SA,1893,3,0.0,Y
016055,Minnipa,SA,1893,4,25.7,Y
016055,Minnipa,SA,1893,5,182.7,Y
016055,Minnipa,SA,1893,6,23.1,Y
016055,Minnipa,SA,1893,7,27.6,Y
016055,Minnipa,SA,1893,8,21.4,Y
016055,Minnipa,SA,1893,9,19.3,Y
016055,Minnipa,SA,1893,10,1.6,Y
016055,Minnipa,SA,1893,11,15.6,Y
016055,Minnipa,SA,1893,12,6.9,Y
016055,Minnipa,SA,1894,1,0.0,Y
016055,Minnipa,SA,1894,2,1.3,Y
016055,Minnipa,SA,1894,3,7.4,Y
016055,Minnipa,SA,1894,4,17.0,Y
016055,Minnipa,SA,1894,5,17.0,Y
016055,Minnipa,SA,1894,6,29.6,Y
016055,Minnipa,SA,1894,7,31.7,Y
016055,Minnipa,SA,1894,8,26.7,Y
016055,Minnipa,SA,1894,9,22.3,Y
016055,Minnipa,SA,1894,10,46.3,Y
016055,Minnipa,SA,1894,11,1.3,Y
016055,Minnipa,SA,1894,12,17.5,Y
016055,Minnipa,SA,1895,1,43.7,Y
016055,Minnipa,SA,1895,2,2.8,Y
016055,Minnipa,SA,1895,3,29.8,Y
016055,Minnipa,SA,1895,4,49.0,Y
016055,Minnipa,SA,1895,5,6.4,Y
016055,Minnipa,SA,1895,6,31.0,Y
016055,Minnipa,SA,1895,7,26.8,Y
016055,Minnipa,SA,1895,8,35.8,Y
016055,Minnipa,SA,1895,9,49.5,Y
016055,Minnipa,SA,1895,10,7.8,Y
016055,Minnipa,SA,1895,11,2.3,Y
016055,Minnipa,SA,1895,12,3.3,Y
016055,Minnipa,SA,1896,1,65.1,Y
016055,Minnipa,SA,1896,2,23.2,Y
016055,Minnipa,SA,1896,3,2.3,Y
016055,Minnipa,SA,1896,4,9.1,Y
016055,Minnipa,SA,1896,5,10.4,Y
016055,Minnipa,SA,1896,6,24.1,Y
016055,Minnipa,SA,1896,7,32.0,Y
016055,Minnipa,SA,1896,8,7.9,Y
016055,Minnipa,SA,1896,9,19.6,Y
016055,Minnipa,SA,1896,10,0.0,Y
016055,Minnipa,SA,1896,11,2.0,Y
016055,Minnipa,SA,1896,12,25.9,Y
016055,Minnipa,SA,1897,1,3.0,Y
016055,Minnipa,SA,1897,2,12.4,Y
016055,Minnipa,SA,1897,3,12.5,Y
016055,Minnipa,SA,1897,4,4.5,Y
016055,Minnipa,SA,1897,5,9.9,Y
016055,Minnipa,SA,1897,6,41.4,Y
016055,Minnipa,SA,1897,7,38.9,Y
016055,Minnipa,SA,1897,8,20.4,Y
016055,Minnipa,SA,1897,9,12.9,Y
016055,Minnipa,SA,1897,10,4.6,Y
016055,Minnipa,SA,1897,11,0.3,Y
016055,Minnipa,SA,1897,12,3.3,Y
016055,Minnipa,SA,1898,1,0.0,Y
016055,Minnipa,SA,1898,2,3.8,Y
016055,Minnipa,SA,1898,3,4.3,Y
016055,Minnipa,SA,1898,4,21.6,Y
016055,Minnipa,SA,1898,5,22.4,Y
016055,Minnipa,SA,1898,6,92.7,Y
016055,Minnipa,SA,1898,7,26.4,Y
016055,Minnipa,SA,1898,8,58.9,Y
016055,Minnipa,SA,1898,9,7.6,Y
016055,Minnipa,SA,1898,10,21.3,Y
016055,Minnipa,SA,1898,11,4.8,Y
016055,Minnipa,SA,1898,12,0.0,Y
016055,Minnipa,SA,1899,1,3.0,Y
016055,Minnipa,SA,1899,2,22.1,Y
016055,Minnipa,SA,1899,3,3.8,Y
016055,Minnipa,SA,1899,4,13.6,Y
016055,Minnipa,SA,1899,5,13.8,Y
016055,Minnipa,SA,1899,6,31.2,Y
016055,Minnipa,SA,1899,7,4.9,Y
016055,Minnipa,SA,1899,8,20.7,Y
016055,Minnipa,SA,1899,9,50.6,Y
016055,Minnipa,SA,1899,10,2.6,Y
016055,Minnipa,SA,1899,11,11.4,Y
016055,Minnipa,SA,1899,12,3.3,Y
016055,Minnipa,SA,1900,1,10.7,Y
016055,Minnipa,SA,1900,2,2.5,Y
016055,Minnipa,SA,1900,3,78.0,Y
016055,Minnipa,SA,1900,4,35.0,Y
016055,Minnipa,SA,1900,5,24.7,Y
016055,Minnipa,SA,1900,6,66.9,Y
016055,Minnipa,SA,1900,7,20.2,Y
016055,Minnipa,SA,1900,8,21.4,Y
016055,Minnipa,SA,1900,9,19.9,Y
016055,Minnipa,SA,1900,10,6.3,Y
016055,Minnipa,SA,1900,11,0.8,Y
016055,Minnipa,SA,1900,12,1.1,Y
016055,Minnipa,SA,1901,1,2.5,Y
016055,Minnipa,SA,1901,2,108.2,Y
016055,Minnipa,SA,1901,3,5.6,Y
016055,Minnipa,SA,1901,4,47.4,Y
016055,Minnipa,SA,1901,5,3.3,Y
016055,Minnipa,SA,1901,6,36.9,Y
016055,Minnipa,SA,1901,7,34.3,Y
016055,Minnipa,SA,1901,8,64.2,Y
016055,Minnipa,SA,1901,9,23.1,Y
016055,Minnipa,SA,1901,10,26.5,Y
016055,Minnipa,SA,1901,11,8.2,Y
016055,Minnipa,SA,1901,12,25.9,Y
016055,Minnipa,SA,1902,1,14.8,Y
016055,Minnipa,SA,1902,2,13.3,Y
016055,Minnipa,SA,1902,3,8.9,Y
016055,Minnipa,SA,1902,4,1.3,Y
016055,Minnipa,SA,1902,5,7.2,Y
016055,Minnipa,SA,1902,6,37.5,Y
016055,Minnipa,SA,1902,7,7.7,Y
016055,Minnipa,SA,1902,8,12.8,Y
016055,Minnipa,SA,1902,9,33.9,Y
016055,Minnipa,SA,1902,10,50.8,Y
016055,Minnipa,SA,1902,11,15.3,Y
016055,Minnipa,SA,1902,12,5.7,Y
016055,Minnipa,SA,1903,1,14.5,Y
016055,Minnipa,SA,1903,2,5.9,Y
016055,Minnipa,SA,1903,3,18.6,Y
016055,Minnipa,SA,1903,4,49.3,Y
016055,Minnipa,SA,1903,5,20.3,Y
016055,Minnipa,SA,1903,6,17.9,Y
016055,Minnipa,SA,1903,7,24.3,Y
016055,Minnipa,SA,1903,8,24.0,Y
016055,Minnipa,SA,1903,9,18.6,Y
016055,Minnipa,SA,1903,10,20.7,Y
016055,Minnipa,SA,1903,11,41.0,Y
016055,Minnipa,SA,1903,12,27.2,Y
016055,Minnipa,SA,1904,1,5.1,Y
016055,Minnipa,SA,1904,2,31.5,Y
016055,Minnipa,SA,1904,3,24.9,Y
016055,Minnipa,SA,1904,4,11.1,Y
016055,Minnipa,SA,1904,5,7.9,Y
016055,Minnipa,SA,1904,6,45.2,Y
016055,Minnipa,SA,1904,7,78.9,Y
016055,Minnipa,SA,1904,8,14.5,Y
016055,Minnipa,SA,1904,9,5.8,Y
016055,Minnipa,SA,1904,10,37.1,Y
016055,Minnipa,SA,1904,11,4.6,Y
016055,Minnipa,SA,1904,12,2.1,Y
016055,Minnipa,SA,1905,1,13.2,Y
016055,Minnipa,SA,1905,2,2.1,Y
016055,Minnipa,SA,1905,3,8.2,Y
016055,Minnipa,SA,1905,4,14.8,Y
016055,Minnipa,SA,1905,5,45.4,Y
016055,Minnipa,SA,1905,6,28.2,Y
016055,Minnipa,SA,1905,7,31.8,Y
016055,Minnipa,SA,1905,8,12.8,Y
016055,Minnipa,SA,1905,9,26.1,Y
016055,Minnipa,SA,1905,10,29.6,Y
016055,Minnipa,SA,1905,11,0.0,Y
016055,Minnipa,SA,1905,12,0.0,Y
016055,Minnipa,SA,1906,1,3.8,Y
016055,Minnipa,SA,1906,2,8.7,Y
016055,Minnipa,SA,1906,3,9.4,Y
016055,Minnipa,SA,1906,4,1.3,Y
016055,Minnipa,SA,1906,5,23.3,Y
016055,Minnipa,SA,1906,6,73.2,Y
016055,Minnipa,SA,1906,7,18.9,Y
016055,Minnipa,SA,1906,8,28.2,Y
016055,Minnipa,SA,1906,9,45.0,Y
016055,Minnipa,SA,1906,10,11.5,Y
016055,Minnipa,SA,1906,11,35.9,Y
016055,Minnipa,SA,1906,12,21.9,Y
016055,Minnipa,SA,1907,1,2.0,Y
016055,Minnipa,SA,1907,2,0.0,Y
016055,Minnipa,SA,1907,3,3.8,Y
016055,Minnipa,SA,1907,4,10.5,Y
016055,Minnipa,SA,1907,5,10.9,Y
016055,Minnipa,SA,1907,6,43.4,Y
016055,Minnipa,SA,1907,7,32.3,Y
016055,Minnipa,SA,1907,8,34.8,Y
016055,Minnipa,SA,1907,9,10.1,Y
016055,Minnipa,SA,1907,10,25.9,Y
016055,Minnipa,SA,1907,11,16.7,Y
016055,Minnipa,SA,1907,12,12.9,Y
016055,Minnipa,SA,1908,1,18.8,Y
016055,Minnipa,SA,1908,2,3.9,Y
016055,Minnipa,SA,1908,3,88.9,Y
016055,Minnipa,SA,1908,4,16.3,Y
016055,Minnipa,SA,1908,5,47.5,Y
016055,Minnipa,SA,1908,6,48.9,Y
016055,Minnipa,SA,1908,7,11.4,Y
016055,Minnipa,SA,1908,8,74.3,Y
016055,Minnipa,SA,1908,9,20.5,Y
016055,Minnipa,SA,1908,10,32.5,Y
016055,Minnipa,SA,1908,11,0.0,Y
016055,Minnipa,SA,1908,12,3.3,Y
016055,Minnipa,SA,1909,1,5.6,Y
016055,Minnipa,SA,1909,2,4.6,Y
016055,Minnipa,SA,1909,3,12.5,Y
016055,Minnipa,SA,1909,4,28.3,Y
016055,Minnipa,SA,1909,5,41.0,Y
016055,Minnipa,SA,1909,6,40.9,Y
016055,Minnipa,SA,1909,7,58.3,Y
016055,Minnipa,SA,1909,8,70.1,Y
016055,Minnipa,SA,1909,9,6.4,Y
016055,Minnipa,SA,1909,10,37.5,Y
016055,Minnipa,SA,1909,11,2.3,Y
016055,Minnipa,SA,1909,12,0.0,Y
016055,Minnipa,SA,1910,1,32.3,Y
016055,Minnipa,SA,1910,2,14.7,Y
016055,Minnipa,SA,1910,3,31.8,Y
016055,Minnipa,SA,1910,4,0.0,Y
016055,Minnipa,SA,1910,5,76.4,Y
016055,Minnipa,SA,1910,6,55.6,Y
016055,Minnipa,SA,1910,7,54.5,Y
016055,Minnipa,SA,1910,8,19.3,Y
016055,Minnipa,SA,1910,9,64.2,Y
016055,Minnipa,SA,1910,10,22.2,Y
016055,Minnipa,SA,1910,11,11.7,Y
016055,Minnipa,SA,1910,12,14.7,Y
016055,Minnipa,SA,1911,1,2.3,Y
016055,Minnipa,SA,1911,2,30.8,Y
016055,Minnipa,SA,1911,3,5.3,Y
016055,Minnipa,SA,1911,4,0.0,Y
016055,Minnipa,SA,1911,5,21.6,Y
016055,Minnipa,SA,1911,6,26.3,Y
016055,Minnipa,SA,1911,7,35.1,Y
016055,Minnipa,SA,1911,8,27.7,Y
016055,Minnipa,SA,1911,9,23.7,Y
016055,Minnipa,SA,1911,10,6.2,Y
016055,Minnipa,SA,1911,11,1.3,Y
016055,Minnipa,SA,1911,12,60.5,Y
016055,Minnipa,SA,1912,1,0.5,Y
016055,Minnipa,SA,1912,2,44.5,Y
016055,Minnipa,SA,1912,3,49.0,Y
016055,Minnipa,SA,1912,4,0.0,Y
016055,Minnipa,SA,1912,5,9.7,Y
016055,Minnipa,SA,1912,6,33.6,Y
016055,Minnipa,SA,1912,7,49.8,Y
016055,Minnipa,SA,1912,8,21.3,Y
016055,Minnipa,SA,1912,9,19.8,Y
016055,Minnipa,SA,1912,10,37.8,Y
016055,Minnipa,SA,1912,11,25.1,Y
016055,Minnipa,SA,1912,12,10.7,Y
016055,Minnipa,SA,1913,1,1.8,Y
016055,Minnipa,SA,1913,2,31.6,Y
016055,Minnipa,SA,1913,3,59.2,Y
016055,Minnipa,SA,1913,4,2.6,Y
016055,Minnipa,SA,1913,5,20.4,Y
016055,Minnipa,SA,1913,6,3.0,Y
016055,Minnipa,SA,1913,7,11.4,Y
016055,Minnipa,SA,1913,8,50.4,Y
016055,Minnipa,SA,1913,9,57.2,Y
016055,Minnipa,SA,1913,10,36.7,Y
016055,Minnipa,SA,1913,11,27.1,Y
016055,Minnipa,SA,1913,12,22.6,Y
016055,Minnipa,SA,1914,1,2.3,Y
016055,Minnipa,SA,1914,2,47.0,Y
016055,Minnipa,SA,1914,3,26.2,Y
016055,Minnipa,SA,1914,4,9.2,Y
016055,Minnipa,SA,1914,5,8.4,Y
016055,Minnipa,SA,1914,6,10.5,Y
016055,Minnipa,SA,1914,7,9.4,Y
016055,Minnipa,SA,1914,8,1.1,Y
016055,Minnipa,SA,1914,9,9.9,Y
016055,Minnipa,SA,1914,10,5.9,Y
016055,Minnipa,SA,1914,11,48.3,Y
016055,Minnipa,SA,1914,12,5.3,Y
016055,Minnipa,SA,1915,1,11.7,Y
016055,Minnipa,SA,1915,2,7.2,Y
016055,Minnipa,SA,1915,3,1.3,Y
016055,Minnipa,SA,1915,4,14.6,Y
016055,Minnipa,SA,1915,5,23.4,Y
016055,Minnipa,SA,1915,6,28.6,Y
016055,Minnipa,SA,1915,7,28.4,Y
016055,Minnipa,SA,1915,8,49.3,Y
016055,Minnipa,SA,1915,9,32.4,Y
016055,Minnipa,SA,1915,10,5.7,Y
016055,Minnipa,SA,1915,11,0.0,Y
016055,Minnipa,SA,1915,12,14.0,Y
016055,Minnipa,SA,1916,1,2.6,Y
016055,Minnipa,SA,1916,2,2.8,Y
016055,Minnipa,SA,1916,3,1.8,Y
016055,Minnipa,SA,1916,4,2.1,Y
016055,Minnipa,SA,1916,5,12.6,Y
016055,Minnipa,SA,1916,6,55.0,Y
016055,Minnipa,SA,1916,7,58.3,Y
016055,Minnipa,SA,1916,8,65.6,Y
016055,Minnipa,SA,1916,9,38.7,Y
016055,Minnipa,SA,1916,10,53.2,Y
016055,Minnipa,SA,1916,11,13.5,Y
016055,Minnipa,SA,1916,12,1.8,Y
016055,Minnipa,SA,1917,1,30.4,Y
016055,Minnipa,SA,1917,2,0.0,Y
016055,Minnipa,SA,1917,3,13.7,Y
016055,Minnipa,SA,1917,4,0.0,Y
016055,Minnipa,SA,1917,5,35.3,Y
016055,Minnipa,SA,1917,6,49.8,Y
016055,Minnipa,SA,1917,7,65.5,Y
016055,Minnipa,SA,1917,8,51.3,Y
016055,Minnipa,SA,1917,9,49.8,Y
016055,Minnipa,SA,1917,10,55.6,Y
016055,Minnipa,SA,1917,11,28.2,Y
016055,Minnipa,SA,1917,12,6.1,Y
016055,Minnipa,SA,1918,1,13.5,Y
016055,Minnipa,SA,1918,2,0.8,Y
016055,Minnipa,SA,1918,3,12.4,Y
016055,Minnipa,SA,1918,4,12.7,Y
016055,Minnipa,SA,1918,5,21.8,Y
016055,Minnipa,SA,1918,6,48.5,Y
016055,Minnipa,SA,1918,7,26.6,Y
016055,Minnipa,SA,1918,8,67.4,Y
016055,Minnipa,SA,1918,9,0.0,Y
016055,Minnipa,SA,1918,10,30.7,Y
016055,Minnipa,SA,1918,11,0.0,Y
016055,Minnipa,SA,1918,12,8.9,Y
016055,Minnipa,SA,1919,1,8.9,Y
016055,Minnipa,SA,1919,2,35.2,Y
016055,Minnipa,SA,1919,3,0.8,Y
016055,Minnipa,SA,1919,4,24.6,Y
016055,Minnipa,SA,1919,5,18.2,Y
016055,Minnipa,SA,1919,6,10.8,Y
016055,Minnipa,SA,1919,7,11.0,Y
016055,Minnipa,SA,1919,8,28.3,Y
016055,Minnipa,SA,1919,9,29.5,Y
016055,Minnipa,SA,1919,10,16.5,Y
016055,Minnipa,SA,1919,11,7.0,Y
016055,Minnipa,SA,1919,12,31.8,Y
016055,Minnipa,SA,1920,1,25.4,Y
016055,Minnipa,SA,1920,2,0.0,Y
016055,Minnipa,SA,1920,3,5.9,Y
016055,Minnipa,SA,1920,4,12.0,Y
016055,Minnipa,SA,1920,5,63.2,Y
016055,Minnipa,SA,1920,6,45.8,Y
016055,Minnipa,SA,1920,7,38.6,Y
016055,Minnipa,SA,1920,8,38.1,Y
016055,Minnipa,SA,1920,9,69.7,Y
016055,Minnipa,SA,1920,10,32.8,Y
016055,Minnipa,SA,1920,11,35.7,Y
016055,Minnipa,SA,1920,12,14.5,Y
016055,Minnipa,SA,1921,1,21.6,Y
016055,Minnipa,SA,1921,2,85.5,Y
016055,Minnipa,SA,1921,3,78.8,Y
016055,Minnipa,SA,1921,4,10.4,Y
016055,Minnipa,SA,1921,5,73.7,Y
016055,Minnipa,SA,1921,6,68.5,Y
016055,Minnipa,SA,1921,7,13.8,Y
016055,Minnipa,SA,1921,8,12.3,Y
016055,Minnipa,SA,1921,9,19.2,Y
016055,Minnipa,SA,1921,10,34.1,Y
016055,Minnipa,SA,1921,11,20.8,Y
016055,Minnipa,SA,1921,12,34.6,Y
016055,Minnipa,SA,1922,1,12.7,Y
016055,Minnipa,SA,1922,2,9.7,Y
016055,Minnipa,SA,1922,3,2.0,Y
016055,Minnipa,SA,1922,4,14.2,Y
016055,Minnipa,SA,1922,5,24.4,Y
016055,Minnipa,SA,1922,6,14.6,Y
016055,Minnipa,SA,1922,7,24.9,Y
016055,Minnipa,SA,1922,8,15.9,Y
016055,Minnipa,SA,1922,9,13.4,Y
016055,Minnipa,SA,1922,10,2.1,Y
016055,Minnipa,SA,1922,11,0.0,Y
016055,Minnipa,SA,1922,12,47.8,Y
016055,Minnipa,SA,1923,1,3.1,Y
016055,Minnipa,SA,1923,2,0.0,Y
016055,Minnipa,SA,1923,3,0.0,Y
016055,Minnipa,SA,1923,4,7.9,Y
016055,Minnipa,SA,1923,5,32.1,Y
016055,Minnipa,SA,1923,6,35.4,Y
016055,Minnipa,SA,1923,7,49.5,Y
016055,Minnipa,SA,1923,8,29.1,Y
016055,Minnipa,SA,1923,9,28.7,Y
016055,Minnipa,SA,1923,10,13.6,Y
016055,Minnipa,SA,1923,11,1.3,Y
016055,Minnipa,SA,1923,12,57.6,Y
016055,Minnipa,SA,1924,1,17.0,Y
016055,Minnipa,SA,1924,2,12.2,Y
016055,Minnipa,SA,1924,3,3.8,Y
016055,Minnipa,SA,1924,4,2.6,Y
016055,Minnipa,SA,1924,5,18.1,Y
016055,Minnipa,SA,1924,6,25.9,Y
016055,Minnipa,SA,1924,7,2.3,Y
016055,Minnipa,SA,1924,8,39.2,Y
016055,Minnipa,SA,1924,9,33.8,Y
016055,Minnipa,SA,1924,10,102.1,Y
016055,Minnipa,SA,1924,11,22.1,Y
016055,Minnipa,SA,1924,12,13.7,Y
016055,Minnipa,SA,1925,1,7.9,Y
016055,Minnipa,SA,1925,2,28.2,Y
016055,Minnipa,SA,1925,3,0.0,Y
016055,Minnipa,SA,1925,4,4.7,Y
016055,Minnipa,SA,1925,5,34.9,Y
016055,Minnipa,SA,1925,6,14.0,Y
016055,Minnipa,SA,1925,7,43.4,Y
016055,Minnipa,SA,1925,8,19.7,Y
016055,Minnipa,SA,1925,9,21.4,Y
016055,Minnipa,SA,1925,10,7.9,Y
016055,Minnipa,SA,1925,11,14.5,Y
016055,Minnipa,SA,1925,12,3.3,Y
016055,Minnipa,SA,1926,1,0.0,Y
016055,Minnipa,SA,1926,2,7.9,Y
016055,Minnipa,SA,1926,3,34.3,Y
016055,Minnipa,SA,1926,4,18.0,Y
016055,Minnipa,SA,1926,5,39.3,Y
016055,Minnipa,SA,1926,6,76.0,Y
016055,Minnipa,SA,1926,7,29.4,Y
016055,Minnipa,SA,1926,8,50.0,Y
016055,Minnipa,SA,1926,9,30.1,Y
016055,Minnipa,SA,1926,10,28.5,Y
016055,Minnipa,SA,1926,11,3.0,Y
016055,Minnipa,SA,1926,12,0.0,Y
016055,Minnipa,SA,1927,1,2.0,Y
016055,Minnipa,SA,1927,2,1.8,Y
016055,Minnipa,SA,1927,3,14.3,Y
016055,Minnipa,SA,1927,4,1.0,Y
016055,Minnipa,SA,1927,5,16.0,Y
016055,Minnipa,SA,1927,6,60.2,Y
016055,Minnipa,SA,1927,7,25.3,Y
016055,Minnipa,SA,1927,8,17.3,Y
016055,Minnipa,SA,1927,9,7.9,Y
016055,Minnipa,SA,1927,10,5.6,Y
016055,Minnipa,SA,1927,11,15.8,Y
016055,Minnipa,SA,1927,12,5.1,Y
016055,Minnipa,SA,1928,1,0.8,Y
016055,Minnipa,SA,1928,2,18.5,Y
016055,Minnipa,SA,1928,3,1.3,Y
016055,Minnipa,SA,1928,4,3.3,Y
016055,Minnipa,SA,1928,5,6.1,Y
016055,Minnipa,SA,1928,6,23.5,Y
016055,Minnipa,SA,1928,7,15.5,Y
016055,Minnipa,SA,1928,8,7.9,Y
016055,Minnipa,SA,1928,9,8.0,Y
016055,Minnipa,SA,1928,10,24.6,Y
016055,Minnipa,SA,1928,11,3.6,Y
016055,Minnipa,SA,1928,12,0.0,Y
016055,Minnipa,SA,1929,1,0.0,Y
016055,Minnipa,SA,1929,2,18.3,Y
016055,Minnipa,SA,1929,3,0.0,Y
016055,Minnipa,SA,1929,4,0.0,Y
016055,Minnipa,SA,1929,5,22.9,Y
016055,Minnipa,SA,1929,6,10.1,Y
016055,Minnipa,SA,1929,7,12.0,Y
016055,Minnipa,SA,1929,8,25.1,Y
016055,Minnipa,SA,1929,9,31.3,Y
016055,Minnipa,SA,1929,10,4.3,Y
016055,Minnipa,SA,1929,11,48.8,Y
016055,Minnipa,SA,1929,12,2.8,Y
016055,Minnipa,SA,1930,1,0.0,Y
016055,Minnipa,SA,1930,2,4.1,Y
016055,Minnipa,SA,1930,3,0.0,Y
016055,Minnipa,SA,1930,4,16.4,Y
016055,Minnipa,SA,1930,5,7.6,Y
016055,Minnipa,SA,1930,6,13.7,Y
016055,Minnipa,SA,1930,7,54.6,Y
016055,Minnipa,SA,1930,8,41.6,Y
016055,Minnipa,SA,1930,9,15.8,Y
016055,Minnipa,SA,1930,10,72.2,Y
016055,Minnipa,SA,1930,11,5.3,Y
016055,Minnipa,SA,1930,12,2.3,Y
016055,Minnipa,SA,1931,1,2.0,Y
016055,Minnipa,SA,1931,2,0.8,Y
016055,Minnipa,SA,1931,3,40.7,Y
016055,Minnipa,SA,1931,4,36.0,Y
016055,Minnipa,SA,1931,5,26.8,Y
016055,Minnipa,SA,1931,6,58.7,Y
016055,Minnipa,SA,1931,7,26.7,Y
016055,Minnipa,SA,1931,8,19.8,Y
016055,Minnipa,SA,1931,9,20.1,Y
016055,Minnipa,SA,1931,10,10.1,Y
016055,Minnipa,SA,1931,11,11.2,Y
016055,Minnipa,SA,1931,12,1.8,Y
016055,Minnipa,SA,1932,1,3.0,Y
016055,Minnipa,SA,1932,2,45.2,Y
016055,Minnipa,SA,1932,3,1.3,Y
016055,Minnipa,SA,1932,4,23.7,Y
016055,Minnipa,SA,1932,5,14.9,Y
016055,Minnipa,SA,1932,6,42.3,Y
016055,Minnipa,SA,1932,7,29.7,Y
016055,Minnipa,SA,1932,8,52.5,Y
016055,Minnipa,SA,1932,9,24.7,Y
016055,Minnipa,SA,1932,10,18.5,Y
016055,Minnipa,SA,1932,11,0.0,Y
016055,Minnipa,SA,1932,12,13.9,Y
016055,Minnipa,SA,1933,1,5.1,Y
016055,Minnipa,SA,1933,2,0.0,Y
016055,Minnipa,SA,1933,3,23.5,Y
016055,Minnipa,SA,1933,4,11.0,Y
016055,Minnipa,SA,1933,5,38.6,Y
016055,Minnipa,SA,1933,6,1.3,Y
016055,Minnipa,SA,1933,7,30.5,Y
016055,Minnipa,SA,1933,8,33.7,Y
016055,Minnipa,SA,1933,9,21.9,Y
016055,Minnipa,SA,1933,10,6.3,Y
016055,Minnipa,SA,1933,11,107.7,Y
016055,Minnipa,SA,1933,12,8.6,Y
016055,Minnipa,SA,1934,1,1.5,Y
016055,Minnipa,SA,1934,2,27.7,Y
016055,Minnipa,SA,1934,3,26.4,Y
016055,Minnipa,SA,1934,4,1.5,Y
016055,Minnipa,SA,1934,5,5.1,Y
016055,Minnipa,SA,1934,6,21.6,Y
016055,Minnipa,SA,1934,7,16.8,Y
016055,Minnipa,SA,1934,8,51.0,Y
016055,Minnipa,SA,1934,9,9.1,Y
016055,Minnipa,SA,1934,10,28.2,Y
016055,Minnipa,SA,1934,11,45.5,Y
016055,Minnipa,SA,1934,12,0.0,Y
016055,Minnipa,SA,1935,1,26.7,Y
016055,Minnipa,SA,1935,2,0.0,Y
016055,Minnipa,SA,1935,3,41.7,Y
016055,Minnipa,SA,1935,4,8.7,Y
016055,Minnipa,SA,1935,5,18.8,Y
016055,Minnipa,SA,1935,6,18.3,Y
016055,Minnipa,SA,1935,7,19.0,Y
016055,Minnipa,SA,1935,8,25.0,Y
016055,Minnipa,SA,1935,9,58.8,Y
016055,Minnipa,SA,1935,10,43.2,Y
016055,Minnipa,SA,1935,11,21.8,Y
016055,Minnipa,SA,1935,12,7.4,Y
016055,Minnipa,SA,1936,1,14.2,Y
016055,Minnipa,SA,1936,2,8.9,Y
016055,Minnipa,SA,1936,3,0.0,Y
016055,Minnipa,SA,1936,4,1.0,Y
016055,Minnipa,SA,1936,5,5.4,Y
016055,Minnipa,SA,1936,6,32.2,Y
016055,Minnipa,SA,1936,7,64.6,Y
016055,Minnipa,SA,1936,8,27.5,Y
016055,Minnipa,SA,1936,9,2.0,Y
016055,Minnipa,SA,1936,10,37.8,Y
016055,Minnipa,SA,1936,11,5.8,Y
016055,Minnipa,SA,1936,12,42.9,Y
016055,Minnipa,SA,1937,1,31.9,Y
016055,Minnipa,SA,1937,2,13.9,Y
016055,Minnipa,SA,1937,3,1.3,Y
016055,Minnipa,SA,1937,4,14.2,Y
016055,Minnipa,SA,1937,5,23.8,Y
016055,Minnipa,SA,1937,6,27.1,Y
016055,Minnipa,SA,1937,7,18.6,Y
016055,Minnipa,SA,1937,8,58.0,Y
016055,Minnipa,SA,1937,9,12.0,Y
016055,Minnipa,SA,1937,10,11.2,Y
016055,Minnipa,SA,1937,11,23.1,Y
016055,Minnipa,SA,1937,12,13.5,Y
016055,Minnipa,SA,1938,1,6.8,Y
016055,Minnipa,SA,1938,2,130.0,Y
016055,Minnipa,SA,1938,3,0.0,Y
016055,Minnipa,SA,1938,4,29.3,Y
016055,Minnipa,SA,1938,5,4.6,Y
016055,Minnipa,SA,1938,6,33.9,Y
016055,Minnipa,SA,1938,7,24.6,Y
016055,Minnipa,SA,1938,8,31.9,Y
016055,Minnipa,SA,1938,9,3.0,Y
016055,Minnipa,SA,1938,10,22.9,Y
016055,Minnipa,SA,1938,11,0.0,Y
016055,Minnipa,SA,1938,12,8.9,Y
016055,Minnipa,SA,1939,1,42.2,Y
016055,Minnipa,SA,1939,2,5.9,Y
016055,Minnipa,SA,1939,3,32.2,Y
016055,Minnipa,SA,1939,4,11.4,Y
016055,Minnipa,SA,1939,5,21.4,Y
016055,Minnipa,SA,1939,6,20.4,Y
016055,Minnipa,SA,1939,7,52.5,Y
016055,Minnipa,SA,1939,8,59.0,Y
016055,Minnipa,SA,1939,9,3.5,Y
016055,Minnipa,SA,1939,10,6.1,Y
016055,Minnipa,SA,1939,11,47.7,Y
016055,Minnipa,SA,1939,12,0.5,Y
016055,Minnipa,SA,1940,1,27.5,Y
016055,Minnipa,SA,1940,2,25.2,Y
016055,Minnipa,SA,1940,3,20.1,Y
016055,Minnipa,SA,1940,4,14.2,Y
016055,Minnipa,SA,1940,5,18.0,Y
016055,Minnipa,SA,1940,6,2.6,Y
016055,Minnipa,SA,1940,7,18.0,Y
016055,Minnipa,SA,1940,8,6.1,Y
016055,Minnipa,SA,1940,9,11.1,Y
016055,Minnipa,SA,1940,10,5.9,Y
016055,Minnipa,SA,1940,11,12.9,Y
016055,Minnipa,SA,1940,12,2.3,Y
016055,Minnipa,SA,1941,1,45.0,Y
016055,Minnipa,SA,1941,2,0.0,Y
016055,Minnipa,SA,1941,3,65.3,Y
016055,Minnipa,SA,1941,4,3.8,Y
016055,Minnipa,SA,1941,5,7.3,Y
016055,Minnipa,SA,1941,6,22.3,Y
016055,Minnipa,SA,1941,7,22.6,Y
016055,Minnipa,SA,1941,8,36.2,Y
016055,Minnipa,SA,1941,9,47.5,Y
016055,Minnipa,SA,1941,10,18.8,Y
016055,Minnipa,SA,1941,11,17.7,Y
016055,Minnipa,SA,1941,12,0.0,Y
016055,Minnipa,SA,1942,1,20.5,Y
016055,Minnipa,SA,1942,2,1.8,Y
016055,Minnipa,SA,1942,3,5.9,Y
016055,Minnipa,SA,1942,4,18.8,Y
016055,Minnipa,SA,1942,5,31.1,Y
016055,Minnipa,SA,1942,6,57.6,Y
016055,Minnipa,SA,1942,7,38.3,Y
016055,Minnipa,SA,1942,8,47.2,Y
016055,Minnipa,SA,1942,9,36.1,Y
016055,Minnipa,SA,1942,10,12.8,Y
016055,Minnipa,SA,1942,11,36.7,Y
016055,Minnipa,SA,1942,12,35.1,Y
016055,Minnipa,SA,1943,1,6.6,Y
016055,Minnipa,SA,1943,2,38.4,Y
016055,Minnipa,SA,1943,3,1.3,Y
016055,Minnipa,SA,1943,4,13.4,Y
016055,Minnipa,SA,1943,5,6.6,Y
016055,Minnipa,SA,1943,6,12.1,Y
016055,Minnipa,SA,1943,7,41.2,Y
016055,Minnipa,SA,1943,8,37.9,Y
016055,Minnipa,SA,1943,9,19.6,Y
016055,Minnipa,SA,1943,10,18.3,Y
016055,Minnipa,SA,1943,11,2.1,Y
016055,Minnipa,SA,1943,12,0.0,Y
016055,Minnipa,SA,1944,1,0.0,Y
016055,Minnipa,SA,1944,2,8.1,Y
016055,Minnipa,SA,1944,3,0.3,Y
016055,Minnipa,SA,1944,4,14.7,Y
016055,Minnipa,SA,1944,5,36.3,Y
016055,Minnipa,SA,1944,6,6.9,Y
016055,Minnipa,SA,1944,7,12.2,Y
016055,Minnipa,SA,1944,8,14.0,Y
016055,Minnipa,SA,1944,9,16.0,Y
016055,Minnipa,SA,1944,10,5.3,Y
016055,Minnipa,SA,1944,11,10.7,Y
016055,Minnipa,SA,1944,12,41.4,Y
016055,Minnipa,SA,1945,1,31.0,Y
016055,Minnipa,SA,1945,2,4.5,Y
016055,Minnipa,SA,1945,3,0.5,Y
016055,Minnipa,SA,1945,4,3.8,Y
016055,Minnipa,SA,1945,5,19.5,Y
016055,Minnipa,SA,1945,6,34.7,Y
016055,Minnipa,SA,1945,7,9.4,Y
016055,Minnipa,SA,1945,8,20.9,Y
016055,Minnipa,SA,1945,9,16.1,Y
016055,Minnipa,SA,1945,10,33.0,Y
016055,Minnipa,SA,1945,11,27.5,Y
016055,Minnipa,SA,1945,12,107.8,Y
016055,Minnipa,SA,1946,1,28.4,Y
016055,Minnipa,SA,1946,2,144.6,Y
016055,Minnipa,SA,1946,3,2.8,Y
016055,Minnipa,SA,1946,4,12.6,Y
016055,Minnipa,SA,1946,5,16.6,Y
016055,Minnipa,SA,1946,6,24.6,Y
016055,Minnipa,SA,1946,7,36.2,Y
016055,Minnipa,SA,1946,8,7.9,Y
016055,Minnipa,SA,1946,9,30.7,Y
016055,Minnipa,SA,1946,10,6.9,Y
016055,Minnipa,SA,1946,11,45.7,Y
016055,Minnipa,SA,1946,12,45.8,Y
016055,Minnipa,SA,1947,1,5.1,Y
016055,Minnipa,SA,1947,2,7.6,Y
016055,Minnipa,SA,1947,3,32.0,Y
016055,Minnipa,SA,1947,4,6.3,Y
016055,Minnipa,SA,1947,5,5.1,Y
016055,Minnipa,SA,1947,6,22.8,Y
016055,Minnipa,SA,1947,7,35.4,Y
016055,Minnipa,SA,1947,8,34.3,Y
016055,Minnipa,SA,1947,9,39.6,Y
016055,Minnipa,SA,1947,10,11.4,Y
016055,Minnipa,SA,1947,11,6.9,Y
016055,Minnipa,SA,1947,12,11.4,Y
016055,Minnipa,SA,1948,1,0.0,Y
016055,Minnipa,SA,1948,2,2.8,Y
016055,Minnipa,SA,1948,3,0.0,Y
016055,Minnipa,SA,1948,4,7.8,Y
016055,Minnipa,SA,1948,5,12.5,Y
016055,Minnipa,SA,1948,6,10.6,Y
016055,Minnipa,SA,1948,7,8.0,Y
016055,Minnipa,SA,1948,8,26.5,Y
016055,Minnipa,SA,1948,9,0.0,Y
016055,Minnipa,SA,1948,10,43.7,Y
016055,Minnipa,SA,1948,11,22.8,Y
016055,Minnipa,SA,1948,12,28.2,Y
016055,Minnipa,SA,1949,1,0.0,Y
016055,Minnipa,SA,1949,2,42.7,Y
016055,Minnipa,SA,1949,3,0.0,Y
016055,Minnipa,SA,1949,4,0.0,Y
016055,Minnipa,SA,1949,5,27.1,Y
016055,Minnipa,SA,1949,6,13.9,Y
016055,Minnipa,SA,1949,7,38.9,Y
016055,Minnipa,SA,1949,8,7.3,Y
016055,Minnipa,SA,1949,9,49.0,Y
016055,Minnipa,SA,1949,10,53.6,Y
016055,Minnipa,SA,1949,11,44.6,Y
016055,Minnipa,SA,1949,12,12.5,Y
016055,Minnipa,SA,1950,1,0.0,Y
016055,Minnipa,SA,1950,2,22.9,Y
016055,Minnipa,SA,1950,3,3.8,Y
016055,Minnipa,SA,1950,4,1.8,Y
016055,Minnipa,SA,1950,5,49.4,Y
016055,Minnipa,SA,1950,6,29.9,Y
016055,Minnipa,SA,1950,7,14.8,Y
016055,Minnipa,SA,1950,8,45.2,Y
016055,Minnipa,SA,1950,9,12.8,Y
016055,Minnipa,SA,1950,10,40.7,Y
016055,Minnipa,SA,1950,11,15.8,Y
016055,Minnipa,SA,1950,12,80.5,Y
016055,Minnipa,SA,1951,1,0.0,Y
016055,Minnipa,SA,1951,2,0.0,Y
016055,Minnipa,SA,1951,3,7.6,Y
016055,Minnipa,SA,1951,4,5.9,Y
016055,Minnipa,SA,1951,5,43.8,Y
016055,Minnipa,SA,1951,6,58.3,Y
016055,Minnipa,SA,1951,7,101.6,Y
016055,Minnipa,SA,1951,8,38.9,Y
016055,Minnipa,SA,1951,9,18.5,Y
016055,Minnipa,SA,1951,10,22.3,Y
016055,Minnipa,SA,1951,11,1.8,Y
016055,Minnipa,SA,1951,12,15.5,Y
016055,Minnipa,SA,1952,1,29.2,Y
016055,Minnipa,SA,1952,2,0.5,Y
016055,Minnipa,SA,1952,3,12.7,Y
016055,Minnipa,SA,1952,4,35.6,Y
016055,Minnipa,SA,1952,5,61.3,Y
016055,Minnipa,SA,1952,6,12.2,Y
016055,Minnipa,SA,1952,7,28.9,Y
016055,Minnipa,SA,1952,8,11.6,Y
016055,Minnipa,SA,1952,9,24.1,Y
016055,Minnipa,SA,1952,10,36.3,Y
016055,Minnipa,SA,1952,11,33.1,Y
016055,Minnipa,SA,1952,12,11.2,Y
016055,Minnipa,SA,1953,1,23.9,Y
016055,Minnipa,SA,1953,2,11.1,Y
016055,Minnipa,SA,1953,3,0.0,Y
016055,Minnipa,SA,1953,4,0.0,Y
016055,Minnipa,SA,1953,5,9.6,Y
016055,Minnipa,SA,1953,6,46.0,Y
016055,Minnipa,SA,1953,7,25.7,Y
016055,Minnipa,SA,1953,8,41.8,Y
016055,Minnipa,SA,1953,9,17.6,Y
016055,Minnipa,SA,1953,10,25.4,Y
016055,Minnipa,SA,1953,11,16.3,Y
016055,Minnipa,SA,1953,12,27.5,Y
016055,Minnipa,SA,1954,1,23.1,Y
016055,Minnipa,SA,1954,2,0.0,Y
016055,Minnipa,SA,1954,3,0.0,Y
016055,Minnipa,SA,1954,4,38.8,Y
016055,Minnipa,SA,1954,5,0.0,Y
016055,Minnipa,SA,1954,6,29.9,Y
016055,Minnipa,SA,1954,7,7.8,Y
016055,Minnipa,SA,1954,8,23.9,Y
016055,Minnipa,SA,1954,9,6.9,Y
016055,Minnipa,SA,1954,10,37.9,Y
016055,Minnipa,SA,1954,11,6.4,Y
016055,Minnipa,SA,1954,12,13.0,Y
016055,Minnipa,SA,1955,1,0.0,Y
016055,Minnipa,SA,1955,2,34.6,Y
016055,Minnipa,SA,1955,3,35.0,Y
016055,Minnipa,SA,1955,4,24.9,Y
016055,Minnipa,SA,1955,5,34.8,Y
016055,Minnipa,SA,1955,6,90.0,Y
016055,Minnipa,SA,1955,7,17.8,Y
016055,Minnipa,SA,1955,8,54.9,Y
016055,Minnipa,SA,1955,9,12.6,Y
016055,Minnipa,SA,1955,10,15.2,Y
016055,Minnipa,SA,1955,11,20.8,Y
016055,Minnipa,SA,1955,12,0.0,Y
016055,Minnipa,SA,1956,1,4.3,Y
016055,Minnipa,SA,1956,2,33.0,Y
016055,Minnipa,SA,1956,3,12.7,Y
016055,Minnipa,SA,1956,4,43.3,Y
016055,Minnipa,SA,1956,5,66.4,Y
016055,Minnipa,SA,1956,6,70.4,Y
016055,Minnipa,SA,1956,7,127.8,Y
016055,Minnipa,SA,1956,8,21.9,Y
016055,Minnipa,SA,1956,9,32.5,Y
016055,Minnipa,SA,1956,10,75.4,Y
016055,Minnipa,SA,1956,11,4.3,Y
016055,Minnipa,SA,1956,12,0.0,Y
016055,Minnipa,SA,1957,1,0.0,Y
016055,Minnipa,SA,1957,2,2.8,Y
016055,Minnipa,SA,1957,3,2.0,Y
016055,Minnipa,SA,1957,4,0.0,Y
016055,Minnipa,SA,1957,5,1.0,Y
016055,Minnipa,SA,1957,6,15.2,Y
016055,Minnipa,SA,1957,7,23.7,Y
016055,Minnipa,SA,1957,8,17.2,Y
016055,Minnipa,SA,1957,9,22.4,Y
016055,Minnipa,SA,1957,10,0.0,Y
016055,Minnipa,SA,1957,11,0.0,Y
016055,Minnipa,SA,1957,12,38.1,Y
016055,Minnipa,SA,1958,1,2.5,Y
016055,Minnipa,SA,1958,2,0.0,Y
016055,Minnipa,SA,1958,3,42.0,Y
016055,Minnipa,SA,1958,4,5.1,Y
016055,Minnipa,SA,1958,5,50.9,Y
016055,Minnipa,SA,1958,6,0.0,Y
016055,Minnipa,SA,1958,7,15.7,Y
016055,Minnipa,SA,1958,8,84.4,Y
016055,Minnipa,SA,1958,9,64.7,Y
016055,Minnipa,SA,1958,10,50.1,Y
016055,Minnipa,SA,1958,11,8.1,Y
016055,Minnipa,SA,1958,12,28.2,Y
016055,Minnipa,SA,1959,1,0.0,Y
016055,Minnipa,SA,1959,2,16.0,Y
016055,Minnipa,SA,1959,3,22.9,Y
016055,Minnipa,SA,1959,4,5.6,Y
016055,Minnipa,SA,1959,5,9.1,Y
016055,Minnipa,SA,1959,6,10.9,Y
016055,Minnipa,SA,1959,7,40.1,Y
016055,Minnipa,SA,1959,8,7.1,Y
016055,Minnipa,SA,1959,9,7.9,Y
016055,Minnipa,SA,1959,10,5.9,Y
016055,Minnipa,SA,1959,11,22.8,Y
016055,Minnipa,SA,1959,12,8.2,Y
016055,Minnipa,SA,1960,1,21.8,Y
016055,Minnipa,SA,1960,2,30.2,Y
016055,Minnipa,SA,1960,3,2.3,Y
016055,Minnipa,SA,1960,4,50.3,Y
016055,Minnipa,SA,1960,5,60.7,Y
016055,Minnipa,SA,1960,6,36.3,Y
016055,Minnipa,SA,1960,7,26.2,Y
016055,Minnipa,SA,1960,8,17.6,Y
016055,Minnipa,SA,1960,9,57.3,Y
016055,Minnipa,SA,1960,10,0.0,Y
016055,Minnipa,SA,1960,11,6.4,Y
016055,Minnipa,SA,1960,12,4.9,Y
016055,Minnipa,SA,1961,1,0.0,Y
016055,Minnipa,SA,1961,2,2.5,Y
016055,Minnipa,SA,1961,3,1.3,Y
016055,Minnipa,SA,1961,4,83.8,Y
016055,Minnipa,SA,1961,5,8.9,Y
016055,Minnipa,SA,1961,6,8.9,Y
016055,Minnipa,SA,1961,7,18.8,Y
016055,Minnipa,SA,1961,8,45.7,Y
016055,Minnipa,SA,1961,9,8.4,Y
016055,Minnipa,SA,1961,10,0.0,Y
016055,Minnipa,SA,1961,11,26.6,Y
016055,Minnipa,SA,1961,12,8.9,Y
016055,Minnipa,SA,1962,1,21.6,Y
016055,Minnipa,SA,1962,2,21.3,Y
016055,Minnipa,SA,1962,3,12.4,Y
016055,Minnipa,SA,1962,4,3.0,Y
016055,Minnipa,SA,1962,5,66.0,Y
016055,Minnipa,SA,1962,6,4.9,Y
016055,Minnipa,SA,1962,7,16.2,Y
016055,Minnipa,SA,1962,8,15.9,Y
016055,Minnipa,SA,1962,9,16.5,Y
016055,Minnipa,SA,1962,10,70.7,Y
016055,Minnipa,SA,1962,11,0.0,Y
016055,Minnipa,SA,1962,12,6.4,Y
016055,Minnipa,SA,1963,1,4.1,Y
016055,Minnipa,SA,1963,2,0.0,Y
016055,Minnipa,SA,1963,3,3.3,Y
016055,Minnipa,SA,1963,4,35.0,Y
016055,Minnipa,SA,1963,5,50.8,Y
016055,Minnipa,SA,1963,6,61.3,Y
016055,Minnipa,SA,1963,7,50.2,Y
016055,Minnipa,SA,1963,8,25.4,Y
016055,Minnipa,SA,1963,9,8.4,Y
016055,Minnipa,SA,1963,10,2.8,Y
016055,Minnipa,SA,1963,11,1.5,Y
016055,Minnipa,SA,1963,12,0.0,Y
016055,Minnipa,SA,1964,1,0.8,Y
016055,Minnipa,SA,1964,2,1.3,Y
016055,Minnipa,SA,1964,3,0.0,Y
016055,Minnipa,SA,1964,4,34.0,Y
016055,Minnipa,SA,1964,5,18.6,Y
016055,Minnipa,SA,1964,6,37.1,Y
016055,Minnipa,SA,1964,7,59.5,Y
016055,Minnipa,SA,1964,8,17.9,Y
016055,Minnipa,SA,1964,9,72.2,Y
016055,Minnipa,SA,1964,10,43.2,Y
016055,Minnipa,SA,1964,11,11.1,Y
016055,Minnipa,SA,1964,12,5.8,Y
016055,Minnipa,SA,1965,1,0.0,Y
016055,Minnipa,SA,1965,2,2.3,Y
016055,Minnipa,SA,1965,3,1.5,Y
016055,Minnipa,SA,1965,4,2.4,Y
016055,Minnipa,SA,1965,5,49.8,Y
016055,Minnipa,SA,1965,6,23.4,Y
016055,Minnipa,SA,1965,7,26.1,Y
016055,Minnipa,SA,1965,8,80.3,Y
016055,Minnipa,SA,1965,9,29.1,Y
016055,Minnipa,SA,1965,10,1.3,Y
016055,Minnipa,SA,1965,11,16.7,Y
016055,Minnipa,SA,1965,12,32.0,Y
016055,Minnipa,SA,1966,1,6.1,Y
016055,Minnipa,SA,1966,2,43.5,Y
016055,Minnipa,SA,1966,3,33.3,Y
016055,Minnipa,SA,1966,4,0.8,Y
016055,Minnipa,SA,1966,5,15.0,Y
016055,Minnipa,SA,1966,6,35.2,Y
016055,Minnipa,SA,1966,7,22.5,Y
016055,Minnipa,SA,1966,8,20.4,Y
016055,Minnipa,SA,1966,9,29.9,Y
016055,Minnipa,SA,1966,10,7.7,Y
016055,Minnipa,SA,1966,11,28.2,Y
016055,Minnipa,SA,1966,12,97.5,Y
016055,Minnipa,SA,1967,1,21.3,Y
016055,Minnipa,SA,1967,2,12.7,Y
016055,Minnipa,SA,1967,3,0.0,Y
016055,Minnipa,SA,1967,4,0.0,Y
016055,Minnipa,SA,1967,5,13.5,Y
016055,Minnipa,SA,1967,6,3.6,Y
016055,Minnipa,SA,1967,7,38.7,Y
016055,Minnipa,SA,1967,8,22.6,Y
016055,Minnipa,SA,1967,9,31.4,Y
016055,Minnipa,SA,1967,10,2.3,Y
016055,Minnipa,SA,1967,11,0.0,Y
016055,Minnipa,SA,1967,12,2.3,Y
016055,Minnipa,SA,1968,1,45.5,Y
016055,Minnipa,SA,1968,2,24.1,Y
016055,Minnipa,SA,1968,3,21.1,Y
016055,Minnipa,SA,1968,4,34.9,Y
016055,Minnipa,SA,1968,5,44.9,Y
016055,Minnipa,SA,1968,6,124.5,Y
016055,Minnipa,SA,1968,7,47.4,Y
016055,Minnipa,SA,1968,8,46.6,Y
016055,Minnipa,SA,1968,9,19.1,Y
016055,Minnipa,SA,1968,10,24.8,Y
016055,Minnipa,SA,1968,11,23.3,Y
016055,Minnipa,SA,1968,12,18.0,Y
016055,Minnipa,SA,1969,1,14.5,Y
016055,Minnipa,SA,1969,2,56.2,Y
016055,Minnipa,SA,1969,3,25.9,Y
016055,Minnipa,SA,1969,4,16.0,Y
016055,Minnipa,SA,1969,5,46.0,Y
016055,Minnipa,SA,1969,6,40.6,Y
016055,Minnipa,SA,1969,7,37.6,Y
016055,Minnipa,SA,1969,8,41.9,Y
016055,Minnipa,SA,1969,9,39.0,Y
016055,Minnipa,SA,1969,10,0.0,Y
016055,Minnipa,SA,1969,11,5.8,Y
016055,Minnipa,SA,1969,12,1.8,Y
016055,Minnipa,SA,1970,1,2.3,Y
016055,Minnipa,SA,1970,2,0.0,Y
016055,Minnipa,SA,1970,3,0.0,Y
016055,Minnipa,SA,1970,4,8.6,Y
016055,Minnipa,SA,1970,5,16.5,Y
016055,Minnipa,SA,1970,6,25.0,Y
016055,Minnipa,SA,1970,7,10.1,Y
016055,Minnipa,SA,1970,8,39.9,Y
016055,Minnipa,SA,1970,9,50.3,Y
016055,Minnipa,SA,1970,10,3.3,Y
016055,Minnipa,SA,1970,11,12.5,Y
016055,Minnipa,SA,1970,12,25.7,Y
016055,Minnipa,SA,1971,1,0.0,Y
016055,Minnipa,SA,1971,2,0.0,Y
016055,Minnipa,SA,1971,3,56.4,Y
016055,Minnipa,SA,1971,4,26.9,Y
016055,Minnipa,SA,1971,5,17.8,Y
016055,Minnipa,SA,1971,6,24.9,Y
016055,Minnipa,SA,1971,7,23.8,Y
016055,Minnipa,SA,1971,8,34.8,Y
016055,Minnipa,SA,1971,9,17.2,Y
016055,Minnipa,SA,1971,10,2.5,Y
016055,Minnipa,SA,1971,11,51.5,Y
016055,Minnipa,SA,1971,12,19.1,Y
016055,Minnipa,SA,1972,1,25.9,Y
016055,Minnipa,SA,1972,2,4.4,Y
016055,Minnipa,SA,1972,3,1.3,Y
016055,Minnipa,SA,1972,4,1.8,Y
016055,Minnipa,SA,1972,5,7.4,Y
016055,Minnipa,SA,1972,6,17.6,Y
016055,Minnipa,SA,1972,7,36.2,Y
016055,Minnipa,SA,1972,8,72.9,Y
016055,Minnipa,SA,1972,9,3.3,Y
016055,Minnipa,SA,1972,10,12.8,Y
016055,Minnipa,SA,1972,11,2.3,Y
016055,Minnipa,SA,1972,12,4.8,Y
016055,Minnipa,SA,1973,1,9.9,Y
016055,Minnipa,SA,1973,2,86.8,Y
016055,Minnipa,SA,1973,3,22.9,Y
016055,Minnipa,SA,1973,4,19.6,Y
016055,Minnipa,SA,1973,5,17.6,Y
016055,Minnipa,SA,1973,6,44.4,Y
016055,Minnipa,SA,1973,7,53.6,Y
016055,Minnipa,SA,1973,8,63.1,Y
016055,Minnipa,SA,1973,9,46.7,Y
016055,Minnipa,SA,1973,10,46.0,Y
016055,Minnipa,SA,1973,11,23.6,Y
016055,Minnipa,SA,1973,12,52.4,Y
016055,Minnipa,SA,1974,1,57.6,Y
016055,Minnipa,SA,1974,2,10.8,Y
016055,Minnipa,SA,1974,3,2.2,Y
016055,Minnipa,SA,1974,4,38.6,Y
016055,Minnipa,SA,1974,5,73.6,Y
016055,Minnipa,SA,1974,6,28.4,Y
016055,Minnipa,SA,1974,7,70.4,Y
016055,Minnipa,SA,1974,8,15.0,Y
016055,Minnipa,SA,1974,9,48.8,Y
016055,Minnipa,SA,1974,10,77.8,Y
016055,Minnipa,SA,1974,11,3.8,Y
016055,Minnipa,SA,1974,12,1.0,Y
016055,Minnipa,SA,1975,1,3.6,Y
016055,Minnipa,SA,1975,2,19.6,Y
016055,Minnipa,SA,1975,3,9.2,Y
016055,Minnipa,SA,1975,4,6.0,Y
016055,Minnipa,SA,1975,5,17.8,Y
016055,Minnipa,SA,1975,6,2.6,Y
016055,Minnipa,SA,1975,7,35.6,Y
016055,Minnipa,SA,1975,8,18.8,Y
016055,Minnipa,SA,1975,9,49.8,Y
016055,Minnipa,SA,1975,10,43.2,Y
016055,Minnipa,SA,1975,11,14.4,Y
016055,Minnipa,SA,1975,12,8.4,Y
016055,Minnipa,SA,1976,1,2.2,Y
016055,Minnipa,SA,1976,2,25.2,Y
016055,Minnipa,SA,1976,3,14.2,Y
016055,Minnipa,SA,1976,4,0.0,Y
016055,Minnipa,SA,1976,5,10.0,Y
016055,Minnipa,SA,1976,6,16.2,Y
016055,Minnipa,SA,1976,7,3.0,Y
016055,Minnipa,SA,1976,8,12.0,Y
016055,Minnipa,SA,1976,9,15.6,Y
016055,Minnipa,SA,1976,10,90.0,Y
016055,Minnipa,SA,1976,11,39.0,Y
016055,Minnipa,SA,1976,12,1.2,Y
016055,Minnipa,SA,1977,1,12.2,Y
016055,Minnipa,SA,1977,2,8.4,Y
016055,Minnipa,SA,1977,3,1.6,Y
016055,Minnipa,SA,1977,4,0.0,Y
016055,Minnipa,SA,1977,5,22.0,Y
016055,Minnipa,SA,1977,6,19.0,Y
016055,Minnipa,SA,1977,7,10.4,Y
016055,Minnipa,SA,1977,8,15.0,Y
016055,Minnipa,SA,1977,9,13.6,Y
016055,Minnipa,SA,1977,10,11.4,Y
016055,Minnipa,SA,1977,11,47.0,Y
016055,Minnipa,SA,1977,12,18.8,Y
016055,Minnipa,SA,1978,1,28.8,Y
016055,Minnipa,SA,1978,2,0.0,Y
016055,Minnipa,SA,1978,3,1.2,Y
016055,Minnipa,SA,1978,4,2.0,Y
016055,Minnipa,SA,1978,5,12.8,Y
016055,Minnipa,SA,1978,6,37.2,Y
016055,Minnipa,SA,1978,7,70.2,Y
016055,Minnipa,SA,1978,8,47.8,Y
016055,Minnipa,SA,1978,9,61.4,Y
016055,Minnipa,SA,1978,10,6.4,Y
016055,Minnipa,SA,1978,11,31.4,Y
016055,Minnipa,SA,1978,12,3.2,Y
016055,Minnipa,SA,1979,1,2.0,Y
016055,Minnipa,SA,1979,2,5.2,Y
016055,Minnipa,SA,1979,3,0.4,Y
016055,Minnipa,SA,1979,4,31.0,Y
016055,Minnipa,SA,1979,5,96.2,Y
016055,Minnipa,SA,1979,6,11.6,Y
016055,Minnipa,SA,1979,7,14.6,Y
016055,Minnipa,SA,1979,8,66.3,Y
016055,Minnipa,SA,1979,9,182.8,Y
016055,Minnipa,SA,1979,10,15.0,Y
016055,Minnipa,SA,1979,11,59.6,Y
016055,Minnipa,SA,1979,12,1.4,Y
016055,Minnipa,SA,1980,1,0.0,Y
016055,Minnipa,SA,1980,2,1.6,Y
016055,Minnipa,SA,1980,3,0.0,Y
016055,Minnipa,SA,1980,4,32.8,Y
016055,Minnipa,SA,1980,5,31.6,Y
016055,Minnipa,SA,1980,6,48.0,Y
016055,Minnipa,SA,1980,7,38.8,Y
016055,Minnipa,SA,1980,8,5.4,Y
016055,Minnipa,SA,1980,9,13.2,Y
016055,Minnipa,SA,1980,10,59.6,Y
016055,Minnipa,SA,1980,11,28.9,Y
016055,Minnipa,SA,1980,12,17.0,Y
016055,Minnipa,SA,1981,1,44.0,Y
016055,Minnipa,SA,1981,2,11.6,Y
016055,Minnipa,SA,1981,3,24.0,Y
016055,Minnipa,SA,1981,4,1.6,Y
016055,Minnipa,SA,1981,5,29.4,Y
016055,Minnipa,SA,1981,6,86.0,Y
016055,Minnipa,SA,1981,7,28.4,Y
016055,Minnipa,SA,1981,8,37.0,Y
016055,Minnipa,SA,1981,9,0.0,Y
016055,Minnipa,SA,1981,10,8.4,Y
016055,Minnipa,SA,1981,11,6.6,Y
016055,Minnipa,SA,1981,12,1.0,Y
016055,Minnipa,SA,1982,1,6.6,Y
016055,Minnipa,SA,1982,2,1.2,Y
016055,Minnipa,SA,1982,3,70.6,Y
016055,Minnipa,SA,1982,4,6.6,Y
016055,Minnipa,SA,1982,5,10.6,Y
016055,Minnipa,SA,1982,6,40.4,Y
016055,Minnipa,SA,1982,7,8.8,Y
016055,Minnipa,SA,1982,8,3.2,Y
016055,Minnipa,SA,1982,9,11.0,Y
016055,Minnipa,SA,1982,10,0.0,Y
016055,Minnipa,SA,1982,11,0.0,Y
016055,Minnipa,SA,1982,12,18.6,Y
016055,Minnipa,SA,1983,1,0.0,Y
016055,Minnipa,SA,1983,2,6.4,Y
016055,Minnipa,SA,1983,3,27.0,Y
016055,Minnipa,SA,1983,4,45.2,Y
016055,Minnipa,SA,1983,5,40.8,Y
016055,Minnipa,SA,1983,6,3.0,Y
016055,Minnipa,SA,1983,7,45.2,Y
016055,Minnipa,SA,1983,8,35.6,Y
016055,Minnipa,SA,1983,9,29.0,Y
016055,Minnipa,SA,1983,10,14.0,Y
016055,Minnipa,SA,1983,11,9.4,Y
016055,Minnipa,SA,1983,12,3.2,Y
016055,Minnipa,SA,1984,1,7.0,Y
016055,Minnipa,SA,1984,2,0.0,Y
016055,Minnipa,SA,1984,3,3.9,Y
016055,Minnipa,SA,1984,4,23.0,Y
016055,Minnipa,SA,1984,5,27.8,Y
016055,Minnipa,SA,1984,6,26.8,Y
016055,Minnipa,SA,1984,7,49.8,Y
016055,Minnipa,SA,1984,8,61.8,Y
016055,Minnipa,SA,1984,9,33.2,Y
016055,Minnipa,SA,1984,10,25.2,Y
016055,Minnipa,SA,1984,11,5.8,Y
016055,Minnipa,SA,1984,12,11.0,Y
016055,Minnipa,SA,1985,1,0.4,Y
016055,Minnipa,SA,1985,2,8.0,Y
016055,Minnipa,SA,1985,3,13.8,Y
016055,Minnipa,SA,1985,4,11.0,Y
016055,Minnipa,SA,1985,5,8.0,Y
016055,Minnipa,SA,1985,6,16.8,Y
016055,Minnipa,SA,1985,7,9.6,Y
016055,Minnipa,SA,1985,8,77.8,Y
016055,Minnipa,SA,1985,9,22.4,Y
016055,Minnipa,SA,1985,10,47.6,Y
016055,Minnipa,SA,1985,11,13.4,Y
016055,Minnipa,SA,1985,12,19.0,Y
016055,Minnipa,SA,1986,1,0.0,Y
016055,Minnipa,SA,1986,2,6.8,Y
016055,Minnipa,SA,1986,3,0.0,Y
016055,Minnipa,SA,1986,4,9.4,Y
016055,Minnipa,SA,1986,5,21.4,Y
016055,Minnipa,SA,1986,6,30.2,Y
016055,Minnipa,SA,1986,7,81.8,Y
016055,Minnipa,SA,1986,8,30.8,Y
016055,Minnipa,SA,1986,9,19.8,Y
016055,Minnipa,SA,1986,10,68.2,Y
016055,Minnipa,SA,1986,11,33.2,Y
016055,Minnipa,SA,1986,12,8.8,Y
016055,Minnipa,SA,1987,1,23.2,Y
016055,Minnipa,SA,1987,2,22.4,Y
016055,Minnipa,SA,1987,3,0.8,Y
016055,Minnipa,SA,1987,4,13.4,Y
016055,Minnipa,SA,1987,5,51.4,Y
016055,Minnipa,SA,1987,6,22.2,Y
016055,Minnipa,SA,1987,7,31.6,Y
016055,Minnipa,SA,1987,8,25.4,Y
016055,Minnipa,SA,1987,9,17.4,Y
016055,Minnipa,SA,1987,10,13.0,Y
016055,Minnipa,SA,1987,11,2.2,Y
016055,Minnipa,SA,1987,12,14.4,Y
016055,Minnipa,SA,1988,1,7.4,Y
016055,Minnipa,SA,1988,2,3.4,Y
016055,Minnipa,SA,1988,3,9.6,Y
016055,Minnipa,SA,1988,4,2.2,Y
016055,Minnipa,SA,1988,5,21.6,Y
016055,Minnipa,SA,1988,6,40.0,Y
016055,Minnipa,SA,1988,7,32.6,Y
016055,Minnipa,SA,1988,8,4.6,Y
016055,Minnipa,SA,1988,9,21.8,Y
016055,Minnipa,SA,1988,10,9.6,Y
016055,Minnipa,SA,1988,11,28.4,Y
016055,Minnipa,SA,1988,12,16.8,Y
016055,Minnipa,SA,1989,1,0.0,Y
016055,Minnipa,SA,1989,2,0.0,Y
016055,Minnipa,SA,1989,3,31.4,Y
016055,Minnipa,SA,1989,4,21.6,Y
016055,Minnipa,SA,1989,5,56.4,Y
016055,Minnipa,SA,1989,6,46.6,Y
016055,Minnipa,SA,1989,7,78.8,Y
016055,Minnipa,SA,1989,8,14.8,Y
016055,Minnipa,SA,1989,9,21.6,Y
016055,Minnipa,SA,1989,10,5.6,Y
016055,Minnipa,SA,1989,11,18.4,Y
016055,Minnipa,SA,1989,12,15.6,Y
016055,Minnipa,SA,1990,1,26.0,Y
016055,Minnipa,SA,1990,2,10.8,Y
016055,Minnipa,SA,1990,3,13.0,Y
016055,Minnipa,SA,1990,4,18.6,Y
016055,Minnipa,SA,1990,5,18.8,Y
016055,Minnipa,SA,1990,6,45.8,Y
016055,Minnipa,SA,1990,7,56.4,Y
016055,Minnipa,SA,1990,8,35.4,Y
016055,Minnipa,SA,1990,9,34.4,Y
016055,Minnipa,SA,1990,10,13.2,Y
016055,Minnipa,SA,1990,11,0.0,Y
016055,Minnipa,SA,1990,12,39.6,Y
016055,Minnipa,SA,1991,1,1.8,Y
016055,Minnipa,SA,1991,2,0.0,Y
016055,Minnipa,SA,1991,3,29.2,Y
016055,Minnipa,SA,1991,4,16.0,Y
016055,Minnipa,SA,1991,5,8.6,Y
016055,Minnipa,SA,1991,6,126.0,Y
016055,Minnipa,SA,1991,7,20.0,Y
016055,Minnipa,SA,1991,8,23.4,Y
016055,Minnipa,SA,1991,9,38.6,Y
016055,Minnipa,SA,1991,10,1.4,Y
016055,Minnipa,SA,1991,11,49.0,Y
016055,Minnipa,SA,1991,12,6.0,Y
016055,Minnipa,SA,1992,1,1.8,Y
016055,Minnipa,SA,1992,2,19.6,Y
016055,Minnipa,SA,1992,3,63.4,Y
016055,Minnipa,SA,1992,4,28.6,Y
016055,Minnipa,SA,1992,5,28.9,Y
016055,Minnipa,SA,1992,6,19.8,Y
016055,Minnipa,SA,1992,7,19.2,Y
016055,Minnipa,SA,1992,8,63.2,Y
016055,Minnipa,SA,1992,9,79.4,Y
016055,Minnipa,SA,1992,10,102.6,Y
016055,Minnipa,SA,1992,11,28.6,Y
016055,Minnipa,SA,1992,12,110.4,Y
016055,Minnipa,SA,1993,1,64.8,Y
016055,Minnipa,SA,1993,2,2.2,Y
016055,Minnipa,SA,1993,3,2.6,Y
016055,Minnipa,SA,1993,4,0.0,Y
016055,Minnipa,SA,1993,5,19.6,Y
016055,Minnipa,SA,1993,6,14.4,Y
016055,Minnipa,SA,1993,7,26.8,Y
016055,Minnipa,SA,1993,8,32.4,Y
016055,Minnipa,SA,1993,9,29.8,Y
016055,Minnipa,SA,1993,10,69.2,Y
016055,Minnipa,SA,1993,11,3.4,Y
016055,Minnipa,SA,1993,12,64.6,Y
016055,Minnipa,SA,1994,1,1.0,Y
016055,Minnipa,SA,1994,2,19.8,Y
016055,Minnipa,SA,1994,3,0.0,Y
016055,Minnipa,SA,1994,4,0.0,Y
016055,Minnipa,SA,1994,5,9.0,Y
016055,Minnipa,SA,1994,6,28.4,Y
016055,Minnipa,SA,1994,7,20.4,Y
016055,Minnipa,SA,1994,8,6.0,Y
016055,Minnipa,SA,1994,9,4.6,Y
016055,Minnipa,SA,1994,10,10.8,Y
016055,Minnipa,SA,1994,11,4.6,Y
016055,Minnipa,SA,1994,12,1.0,Y
016055,Minnipa,SA,1995,1,30.0,Y
016055,Minnipa,SA,1995,2,2.8,Y
016055,Minnipa,SA,1995,3,12.8,Y
016055,Minnipa,SA,1995,4,24.8,Y
016055,Minnipa,SA,1995,5,13.0,Y
016055,Minnipa,SA,1995,6,40.4,Y
016055,Minnipa,SA,1995,7,59.6,Y
016055,Minnipa,SA,1995,8,6.4,Y
016055,Minnipa,SA,1995,9,20.2,Y
016055,Minnipa,SA,1995,10,26.6,Y
016055,Minnipa,SA,1995,11,10.8,Y
016055,Minnipa,SA,1995,12,5.8,Y
016055,Minnipa,SA,1996,1,2.8,Y
016055,Minnipa,SA,1996,2,6.2,Y
016055,Minnipa,SA,1996,3,2.6,Y
016055,Minnipa,SA,1996,4,2.6,Y
016055,Minnipa,SA,1996,5,2.0,Y
016055,Minnipa,SA,1996,6,26.4,Y
016055,Minnipa,SA,1996,7,74.2,Y
016055,Minnipa,SA,1996,8,39.8,Y
016055,Minnipa,SA,1996,9,54.8,Y
016055,Minnipa,SA,1996,10,17.6,Y
016055,Minnipa,SA,1996,11,6.6,Y
016055,Minnipa,SA,1996,12,3.2,Y
016055,Minnipa,SA,1997,1,7.2,Y
016055,Minnipa,SA,1997,2,42.8,Y
016055,Minnipa,SA,1997,3,1.8,Y
016055,Minnipa,SA,1997,4,0.0,Y
016055,Minnipa,SA,1997,5,23.2,Y
016055,Minnipa,SA,1997,6,6.6,Y
016055,Minnipa,SA,1997,7,6.2,Y
016055,Minnipa,SA,1997,8,48.0,Y
016055,Minnipa,SA,1997,9,75.8,Y
016055,Minnipa,SA,1997,10,71.4,Y
016055,Minnipa,SA,1997,11,21.0,Y
016055,Minnipa,SA,1997,12,41.2,Y
016055,Minnipa,SA,1998,1,32.0,Y
016055,Minnipa,SA,1998,2,25.2,Y
016055,Minnipa,SA,1998,3,5.0,Y
016055,Minnipa,SA,1998,4,46.6,Y
016055,Minnipa,SA,1998,5,4.0,Y
016055,Minnipa,SA,1998,6,45.2,Y
016055,Minnipa,SA,1998,7,66.4,Y
016055,Minnipa,SA,1998,8,36.2,Y
016055,Minnipa,SA,1998,9,11.4,Y
016055,Minnipa,SA,1998,10,18.8,Y
016055,Minnipa,SA,1998,11,29.8,Y
016055,Minnipa,SA,1998,12,5.4,N
016055,Minnipa,SA,1999,1,76.0,Y
016055,Minnipa,SA,1999,2,7.6,Y
016055,Minnipa,SA,1999,3,20.6,Y
016055,Minnipa,SA,1999,4,0.8,Y
016055,Minnipa,SA,1999,5,22.4,Y
016055,Minnipa,SA,1999,6,30.0,Y
016055,Minnipa,SA,1999,7,6.6,Y
016055,Minnipa,SA,1999,8,11.2,Y
016055,Minnipa,SA,1999,9,24.6,Y
016055,Minnipa,SA,1999,10,54.8,Y
016055,Minnipa,SA,1999,11,23.8,N
016055,Minnipa,SA,1999,12,7.6,Y
016055,Minnipa,SA,2000,1,7.2,Y
016055,Minnipa,SA,2000,2,14.0,Y
016055,Minnipa,SA,2000,3,16.2,Y
016055,Minnipa,SA,2000,4,17.8,Y
016055,Minnipa,SA,2000,5,16.8,Y
016055,Minnipa,SA,2000,6,14.8,Y
016055,Minnipa,SA,2000,7,26.4,Y
016055,Minnipa,SA,2000,8,88.2,Y
016055,Minnipa,SA,2000,9,27.2,Y
016055,Minnipa,SA,2000,10,31.0,Y
016055,Minnipa,SA,2000,11,19.8,Y
016055,Minnipa,SA,2000,12,11.2,Y
016055,Minnipa,SA,2001,1,12.2,Y
016055,Minnipa,SA,2001,2,3.0,Y
016055,Minnipa,SA,2001,3,8.8,Y
016055,Minnipa,SA,2001,4,4.0,Y
016055,Minnipa,SA,2001,5,26.4,Y
016055,Minnipa,SA,2001,6,41.2,Y
016055,Minnipa,SA,2001,7,32.6,Y
016055,Minnipa,SA,2001,8,28.4,Y
016055,Minnipa,SA,2001,9,73.2,Y
016055,Minnipa,SA,2001,10,7.0,Y
016055,Minnipa,SA,2001,11,35.8,Y
016055,Minnipa,SA,2001,12,20.4,Y
016055,Minnipa,SA,2002,1,8.8,Y
016055,Minnipa,SA,2002,2,0.0,Y
016055,Minnipa,SA,2002,3,0.6,Y
016055,Minnipa,SA,2002,4,4.8,Y
016055,Minnipa,SA,2002,5,36.6,Y
016055,Minnipa,SA,2002,6,37.6,Y
016055,Minnipa,SA,2002,7,31.8,Y
016055,Minnipa,SA,2002,8,17.0,Y
016055,Minnipa,SA,2002,9,7.2,Y
016055,Minnipa,SA,2002,10,11.4,Y
016055,Minnipa,SA,2002,11,15.6,Y
016055,Minnipa,SA,2002,12,8.2,Y
016055,Minnipa,SA,2003,1,15.2,Y
016055,Minnipa,SA,2003,2,54.2,Y
016055,Minnipa,SA,2003,3,3.2,Y
016055,Minnipa,SA,2003,4,22.2,Y
016055,Minnipa,SA,2003,5,14.6,Y
016055,Minnipa,SA,2003,6,19.4,Y
016055,Minnipa,SA,2003,7,15.2,Y
016055,Minnipa,SA,2003,8,52.8,Y
016055,Minnipa,SA,2003,9,4.0,Y
016055,Minnipa,SA,2003,10,18.8,Y
016055,Minnipa,SA,2003,11,22.2,Y
016055,Minnipa,SA,2003,12,17.2,Y
016055,Minnipa,SA,2004,1,3.2,Y
016055,Minnipa,SA,2004,2,8.4,Y
016055,Minnipa,SA,2004,3,2.2,Y
016055,Minnipa,SA,2004,4,10.6,Y
016055,Minnipa,SA,2004,5,12.2,Y
016055,Minnipa,SA,2004,6,46.0,Y
016055,Minnipa,SA,2004,7,24.0,Y
016055,Minnipa,SA,2004,8,79.4,Y
016055,Minnipa,SA,2004,9,20.2,Y
016055,Minnipa,SA,2004,10,0.8,Y
016055,Minnipa,SA,2004,11,21.0,Y
016055,Minnipa,SA,2004,12,10.8,Y
016055,Minnipa,SA,2005,1,13.4,Y
016055,Minnipa,SA,2005,2,0.6,Y
016055,Minnipa,SA,2005,3,0.8,Y
016055,Minnipa,SA,2005,4,3.4,Y
016055,Minnipa,SA,2005,5,5.4,Y
016055,Minnipa,SA,2005,6,30.2,Y
016055,Minnipa,SA,2005,7,31.2,Y
016055,Minnipa,SA,2005,8,33.0,Y
016055,Minnipa,SA,2005,9,75.4,Y
016055,Minnipa,SA,2005,10,38.0,Y
016055,Minnipa,SA,2005,11,10.8,Y
016055,Minnipa,SA,2005,12,23.4,Y
016055,Minnipa,SA,2006,1,33.6,Y
016055,Minnipa,SA,2006,2,10.2,Y
016055,Minnipa,SA,2006,3,12.0,Y
016055,Minnipa,SA,2006,4,14.6,Y
016055,Minnipa,SA,2006,5,13.8,Y
016055,Minnipa,SA,2006,6,9.8,Y
016055,Minnipa,SA,2006,7,38.2,Y
016055,Minnipa,SA,2006,8,2.4,Y
016055,Minnipa,SA,2006,9,3.0,Y
016055,Minnipa,SA,2006,10,1.6,Y
016055,Minnipa,SA,2006,11,7.0,Y
016055,Minnipa,SA,2006,12,40.4,Y
016055,Minnipa,SA,2007,1,58.8,Y
016055,Minnipa,SA,2007,2,16.0,Y
016055,Minnipa,SA,2007,3,39.4,Y
016055,Minnipa,SA,2007,4,22.4,Y
016055,Minnipa,SA,2007,5,19.4,N
016055,Minnipa,SA,2007,6,10.2,Y
016055,Minnipa,SA,2007,7,23.2,Y
016055,Minnipa,SA,2007,8,5.6,Y
016055,Minnipa,SA,2007,9,5.4,Y
016055,Minnipa,SA,2007,10,6.2,Y
016055,Minnipa,SA,2007,11,20.4,Y
016055,Minnipa,SA,2007,12,76.8,Y
016055,Minnipa,SA,2008,1,1.6,Y
016055,Minnipa,SA,2008,2,6.2,Y
016055,Minnipa,SA,2008,3,0.0,Y
016055,Minnipa,SA,2008,4,8.6,Y
016055,Minnipa,SA,2008,5,14.2,Y
016055,Minnipa,SA,2008,6,10.6,Y
016055,Minnipa,SA,2008,7,16.2,Y
016055,Minnipa,SA,2008,8,28.8,Y
016055,Minnipa,SA,2008,9,3.0,Y
016055,Minnipa,SA,2008,10,0.4,Y
016055,Minnipa,SA,2008,11,27.2,Y
016055,Minnipa,SA,2008,12,49.6,Y
016055,Minnipa,SA,2009,1,0.0,Y
016055,Minnipa,SA,2009,2,3.0,N
016055,Minnipa,SA,2009,3,52.4,Y
016055,Minnipa,SA,2009,4,29.4,Y
016055,Minnipa,SA,2009,5,19.6,Y
016055,Minnipa,SA,2009,6,52.0,Y
016055,Minnipa,SA,2009,7,61.8,Y
016055,Minnipa,SA,2009,8,34.2,Y
016055,Minnipa,SA,2009,9,32.8,N
016055,Minnipa,SA,2009,10,17.0,Y
016055,Minnipa,SA,2009,11,32.0,Y
016055,Minnipa,SA,2009,12,2.6,Y
016055,Minnipa,SA,2010,1,26.2,Y
016055,Minnipa,SA,2010,2,1.0,Y
016055,Minnipa,SA,2010,3,13.2,Y
016055,Minnipa,SA,2010,4,18.8,Y
016055,Minnipa,SA,2010,5,56.6,Y
016055,Minnipa,SA,2010,6,16.4,Y
016055,Minnipa,SA,2010,7,42.2,Y
016055,Minnipa,SA,2010,8,54.2,Y
016055,Minnipa,SA,2010,9,54.0,Y
016055,Minnipa,SA,2010,10,66.4,Y
016055,Minnipa,SA,2010,11,28.8,Y
016055,Minnipa,SA,2010,12,24.8,Y
016055,Minnipa,SA,2011,1,1.8,Y
016055,Minnipa,SA,2011,2,54.0,Y
016055,Minnipa,SA,2011,3,107.5,Y
016055,Minnipa,SA,2011,4,4.0,Y
016055,Minnipa,SA,2011,5,19.4,Y
016055,Minnipa,SA,2011,6,24.2,Y
016055,Minnipa,SA,2011,7,24.6,Y
016055,Minnipa,SA,2011,8,39.8,Y
016055,Minnipa,SA,2011,9,32.6,Y
016055,Minnipa,SA,2011,10,64.0,Y
016055,Minnipa,SA,2011,11,8.8,Y
016055,Minnipa,SA,2011,12,14.8,Y
016055,Minnipa,SA,2012,1,28.6,Y
016055,Minnipa,SA,2012,2,33.0,Y
016055,Minnipa,SA,2012,3,22.6,Y
016055,Minnipa,SA,2012,4,7.0,Y
016055,Minnipa,SA,2012,5,15.8,Y
016055,Minnipa,SA,2012,6,43.0,Y
016055,Minnipa,SA,2012,7,17.2,Y
016055,Minnipa,SA,2012,8,17.0,Y
016055,Minnipa,SA,2012,9,5.2,Y
016055,Minnipa,SA,2012,10,1.4,Y
016055,Minnipa,SA,2012,11,22.0,Y
016055,Minnipa,SA,2012,12,0.4,Y
016055,Minnipa,SA,2013,1,0.0,Y
016055,Minnipa,SA,2013,2,22.2,Y
016055,Minnipa,SA,2013,3,26.6,Y
016055,Minnipa,SA,2013,4,32.2,Y
016055,Minnipa,SA,2013,5,32.0,Y
016055,Minnipa,SA,2013,6,42.0,Y
016055,Minnipa,SA,2013,7,93.2,Y
016055,Minnipa,SA,2013,8,25.0,Y
016055,Minnipa,SA,2013,9,20.2,Y
016055,Minnipa,SA,2013,10,2.0,Y
016055,Minnipa,SA,2013,11,9.0,Y
016055,Minnipa,SA,2013,12,9.0,Y
016055,Minnipa,SA,2014,1,21.6,Y
016055,Minnipa,SA,2014,2,48.8,Y
016055,Minnipa,SA,2014,3,1.8,Y
016055,Minnipa,SA,2014,4,71.2,Y
016055,Minnipa,SA,2014,5,55.6,Y
016055,Minnipa,SA,2014,6,54.2,Y
016055,Minnipa,SA,2014,7,34.4,Y
016055,Minnipa,SA,2014,8,0.4,Y
016055,Minnipa,SA,2014,9,10.6,Y
016055,Minnipa,SA,2014,10,0.4,Y
016055,Minnipa,SA,2014,11,4.4,N
016055,Minnipa,SA,2014,12,7.8,Y
016055,Minnipa,SA,2015,1,9.8,Y
016055,Minnipa,SA,2015,2,2.0,Y
016055,Minnipa,SA,2015,3,1.6,Y
016055,Minnipa,SA,2015,4,28.4,Y
016055,Minnipa,SA,2015,5,18.4,Y
016055,Minnipa,SA,2015,6,31.0,Y
016055,Minnipa,SA,2015,7,20.0,Y
016055,Minnipa,SA,2015,8,49.2,Y
016055,Minnipa,SA,2015,9,28.0,Y
016055,Minnipa,SA,2015,10,0.6,Y
016055,Minnipa,SA,2015,11,33.4,Y
016055,Minnipa,SA,2015,12,3.8,Y
016055,Minnipa,SA,2016,1,24.2,Y
016055,Minnipa,SA,2016,2,28.8,Y
016055,Minnipa,SA,2016,3,66.6,Y
016055,Minnipa,SA,2016,4,9.4,Y
016055,Minnipa,SA,2016,5,38.0,Y
016055,Minnipa,SA,2016,6,50.4,Y
016055,Minnipa,SA,2016,7,28.0,Y
016055,Minnipa,SA,2016,8,39.0,Y
016055,Minnipa,SA,2016,9,40.6,Y
016055,Minnipa,SA,2016,10,24.8,Y
016055,Minnipa,SA,2016,11,5.0,Y
016055,Minnipa,SA,2016,12,61.4,Y
016055,Minnipa,SA,2017,1,80.4,Y
016055,Minnipa,SA,2017,2,20.8,Y
016055,Minnipa,SA,2017,3,6.2,Y
016055,Minnipa,SA,2017,4,31.8,Y
016055,Minnipa,SA,2017,5,5.0,Y
016055,Minnipa,SA,2017,6,2.8,Y
016055,Minnipa,SA,2017,7,12.8,Y
016055,Minnipa,SA,2017,8,29.6,Y
016055,Minnipa,SA,2017,9,3.0,Y
016055,Minnipa,SA,2017,10,12.8,Y
016055,Minnipa,SA,2017,11,25.2,Y
016055,Minnipa,SA,2017,12,23.0,Y
016055,Minnipa,SA,2018,1,23.6,Y
016055,Minnipa,SA,2018,2,2.8,Y
016055,Minnipa,SA,2018,3,0.4,Y
016055,Minnipa,SA,2018,4,14.0,Y
016055,Minnipa,SA,2018,5,28.6,Y
016055,Minnipa,SA,2018,6,31.2,Y
016055,Minnipa,SA,2018,7,19.0,Y
016055,Minnipa,SA,2018,8,61.8,Y
016055,Minnipa,SA,2018,9,7.4,Y
016055,Minnipa,SA,2018,10,34.0,Y
016055,Minnipa,SA,2018,11,38.8,Y
016055,Minnipa,SA,2018,12,3.8,Y
016055,Minnipa,SA,2019,1,4.6,Y
016055,Minnipa,SA,2019,2,0.6,Y
016055,Minnipa,SA,2019,3,2.2,Y
016055,Minnipa,SA,2019,4,2.6,Y
016055,Minnipa,SA,2019,5,25.8,Y
016055,Minnipa,SA,2019,6,32.4,Y
016055,Minnipa,SA,2019,7,7.2,Y
016055,Minnipa,SA,2019,8,12.2,Y
016055,Minnipa,SA,2019,9,26.0,Y
016055,Minnipa,SA,2019,10,1.2,Y
016055,Minnipa,SA,2019,11,2.2,Y
016055,Minnipa,SA,2019,12,2.0,Y
016055,Minnipa,SA,2020,1,15.0,N
016055,Minnipa,SA,2020,2,5.6,N
016055,Minnipa,SA,2020,3,10.0,N
016055,Minnipa,SA,2020,4,27.6,N
016055,Minnipa,SA,2020,5,11.4,N
016055,Minnipa,SA,2020,6,9.8,N
016055,Minnipa,SA,2020,7,18.8,N
016055,Minnipa,SA,2020,8,47.0,N
016055,Minnipa,SA,2020,9,43.4,N
016055,Minnipa,SA,2020,10,81.4,N
016055,Minnipa,SA,2020,11,0.6,N
016055,Minnipa,SA,2020,12,25.2,N
016055,Minnipa,SA,2021,1,15.2,N
016055,Minnipa,SA,2021,2,7.2,N
016055,Minnipa,SA,2021,3,28.2,N
016055,Minnipa,SA,2021,4,0.0,N
016055,Minnipa,SA,2021,5,14.2,N
016055,Minnipa,SA,2021,6,57.2,N
016055,Minnipa,SA,2021,7,37.2,N
016055,Minnipa,SA,2021,8,19.6,N
016055,Minnipa,SA,2021,9,1.4,N
016055,Minnipa,SA,2021,10,31.6,N
016055,Minnipa,SA,2021,11,110.4,N
016055,Minnipa,SA,2021,12,0.0,N
016055,Minnipa,SA,2022,1,125.0,N
016055,Minnipa,SA,2022,2,12.8,N
016055,Minnipa,SA,2022,3,0.4,N
016055,Minnipa,SA,2022,4,41.2,N
016055,Minnipa,SA,2022,5,53.2,N
016055,Minnipa,SA,2022,6,12.8,N
016055,Minnipa,SA,2022,7,8.2,N
016055,Minnipa,SA,2022,8,41.4,N
016055,Minnipa,SA,2022,9,24.4,Y
016055,Minnipa,SA,2022,10,41.4,Y
016055,Minnipa,SA,2022,11,73.6,Y
016055,Minnipa,SA,2022,12,36.8,Y
016055,Minnipa,SA,2023,1,31.0,Y
016055,Minnipa,SA,2023,2,5.0,Y
016055,Minnipa,SA,2023,3,22.8,Y
016055,Minnipa,SA,2023,4,52.6,Y
016055,Minnipa,SA,2023,5,14.8,Y
016055,Minnipa,SA,2023,6,48.8,Y
016055,Minnipa,SA,2023,7,20.0,Y
016055,Minnipa,SA,2023,8,23.2,Y
016055,Minnipa,SA,2023,9,7.0,Y
016055,Minnipa,SA,2023,10,3.4,Y
016055,Minnipa,SA,2023,11,10.4,Y
016055,Minnipa,SA,2023,12,78.8,Y
016055,Minnipa,SA,2024,1,23.0,Y
016055,Minnipa,SA,2024,2,0.0,Y
016055,Minnipa,SA,2024,3,5.2,Y
016055,Minnipa,SA,2024,4,0.0,Y
016055,Minnipa,SA,2024,5,10.0,Y
016055,Minnipa,SA,2024,6,29.6,Y
016055,Minnipa,SA,2024,7,49.8,Y
016055,Minnipa,SA,2024,8,24.4,Y
016055,Minnipa,SA,2024,9,10.6,Y
016055,Minnipa,SA,2024,10,9.2,Y
016055,Minnipa,SA,2024,11,14.6,Y
016055,Minnipa,SA,2024,12,0.6,Y
016055,Minnipa,SA,2025,1,1.6,Y
016055,Minnipa,SA,2025,2,4.4,Y
016055,Minnipa,SA,2025,3,7.2,Y
016055,Minnipa,SA,2025,4,4.8,Y
016055,Minnipa,SA,2025,5,5.4,Y
016055,Minnipa,SA,2025,6,36.8,Y
016055,Minnipa,SA,2025,7,98.0,Y
016055,Minnipa,SA,2025,8,17.0,Y
016055,Minnipa,SA,2025,9,1.8,N
016055,Minnipa,SA,2025,10,39.4,Y
016055,Minnipa,SA,2025,11,26.0,Y
016055,Minnipa,SA,2025,12,1.4,N
016055,Minnipa,SA,2026,1,0.0,Y
016055,Minnipa,SA,2026,2,90.4,N
016055,Minnipa,SA,2026,3,59.2,N
016055,Minnipa,SA,2026,4,22.8,N
016055,Minnipa,SA,2026,5,38.0,N
016055,Minnipa,SA,2026,6,98.4,N
016055,Minnipa,SA,2026,7,24.4,N
016055,Minnipa,SA,2026,8,95.2,N
078010,Horsham,Vic,1878,3,124.5,Y
078010,Horsham,Vic,1878,4,38.8,Y
078010,Horsham,Vic,1878,5,11.4,Y
078010,Horsham,Vic,1878,6,46.2,Y
078010,Horsham,Vic,1878,7,31.8,Y
078010,Horsham,Vic,1878,8,30.8,Y
078010,Horsham,Vic,1878,9,22.1,Y
078010,Horsham,Vic,1878,10,24.2,Y
078010,Horsham,Vic,1878,11,27.8,Y
078010,Horsham,Vic,1878,12,6.6,Y
078010,Horsham,Vic,1879,1,5.1,Y
078010,Horsham,Vic,1879,2,6.4,Y
078010,Horsham,Vic,1879,3,6.5,Y
078010,Horsham,Vic,1879,4,28.6,Y
078010,Horsham,Vic,1879,5,57.7,Y
078010,Horsham,Vic,1879,6,17.3,Y
078010,Horsham,Vic,1879,7,26.7,Y
078010,Horsham,Vic,1879,8,28.7,Y
078010,Horsham,Vic,1879,9,53.9,Y
078010,Horsham,Vic,1879,10,49.8,Y
078010,Horsham,Vic,1879,11,19.4,Y
078010,Horsham,Vic,1879,12,16.8,Y
078010,Horsham,Vic,1880,1,1.6,Y
078010,Horsham,Vic,1880,2,28.6,Y
078010,Horsham,Vic,1880,3,34.6,Y
078010,Horsham,Vic,1880,4,45.9,Y
078010,Horsham,Vic,1880,5,30.3,Y
078010,Horsham,Vic,1880,6,35.5,Y
078010,Horsham,Vic,1880,7,16.5,Y
078010,Horsham,Vic,1880,8,23.1,Y
078010,Horsham,Vic,1880,9,67.2,Y
078010,Horsham,Vic,1880,10,31.0,Y
078010,Horsham,Vic,1880,11,1.8,Y
078010,Horsham,Vic,1880,12,3.3,Y
078010,Horsham,Vic,1881,1,34.4,Y
078010,Horsham,Vic,1881,2,0.6,Y
078010,Horsham,Vic,1881,3,33.3,Y
078010,Horsham,Vic,1881,4,26.7,Y
078010,Horsham,Vic,1881,5,52.9,Y
078010,Horsham,Vic,1881,6,47.4,Y
078010,Horsham,Vic,1881,7,13.4,Y
078010,Horsham,Vic,1881,8,24.1,Y
078010,Horsham,Vic,1881,9,18.1,Y
078010,Horsham,Vic,1881,10,18.9,Y
078010,Horsham,Vic,1881,11,36.7,Y
078010,Horsham,Vic,1881,12,10.2,Y
078010,Horsham,Vic,1882,1,0.8,Y
078010,Horsham,Vic,1882,2,0.0,Y
078010,Horsham,Vic,1882,3,6.1,Y
078010,Horsham,Vic,1882,4,31.8,Y
078010,Horsham,Vic,1882,5,61.9,Y
078010,Horsham,Vic,1882,6,15.3,Y
078010,Horsham,Vic,1882,7,37.4,Y
078010,Horsham,Vic,1882,8,42.6,Y
078010,Horsham,Vic,1882,9,14.1,Y
078010,Horsham,Vic,1882,10,28.8,Y
078010,Horsham,Vic,1882,11,31.5,Y
078010,Horsham,Vic,1882,12,7.8,Y
078010,Horsham,Vic,1883,1,1.0,Y
078010,Horsham,Vic,1883,2,65.6,Y
078010,Horsham,Vic,1883,3,24.3,Y
078010,Horsham,Vic,1883,4,17.8,Y
078010,Horsham,Vic,1883,5,67.4,Y
078010,Horsham,Vic,1883,6,59.3,Y
078010,Horsham,Vic,1883,7,37.4,Y
078010,Horsham,Vic,1883,8,49.9,Y
078010,Horsham,Vic,1883,9,33.0,Y
078010,Horsham,Vic,1883,10,46.2,Y
078010,Horsham,Vic,1883,11,13.7,Y
078010,Horsham,Vic,1883,12,46.1,Y
078010,Horsham,Vic,1884,1,17.3,Y
078010,Horsham,Vic,1884,2,17.2,Y
078010,Horsham,Vic,1884,3,70.8,Y
078010,Horsham,Vic,1884,4,18.3,Y
078010,Horsham,Vic,1884,5,29.5,Y
078010,Horsham,Vic,1884,6,54.1,Y
078010,Horsham,Vic,1884,7,6.3,Y
078010,Horsham,Vic,1884,8,18.2,Y
078010,Horsham,Vic,1884,9,72.2,Y
078010,Horsham,Vic,1884,10,16.3,Y
078010,Horsham,Vic,1884,11,19.1,Y
078010,Horsham,Vic,1884,12,19.3,Y
078010,Horsham,Vic,1885,1,9.7,Y
078010,Horsham,Vic,1885,2,17.0,Y
078010,Horsham,Vic,1885,3,12.7,Y
078010,Horsham,Vic,1885,4,5.3,Y
078010,Horsham,Vic,1885,5,23.0,Y
078010,Horsham,Vic,1885,6,47.9,Y
078010,Horsham,Vic,1885,7,31.0,Y
078010,Horsham,Vic,1885,8,44.2,Y
078010,Horsham,Vic,1885,9,55.7,Y
078010,Horsham,Vic,1885,10,8.6,Y
078010,Horsham,Vic,1885,11,0.8,Y
078010,Horsham,Vic,1885,12,24.4,Y
078010,Horsham,Vic,1886,1,98.8,Y
078010,Horsham,Vic,1886,2,17.0,Y
078010,Horsham,Vic,1886,3,3.4,Y
078010,Horsham,Vic,1886,4,8.2,Y
078010,Horsham,Vic,1886,5,10.3,Y
078010,Horsham,Vic,1886,6,12.7,Y
078010,Horsham,Vic,1886,7,70.0,Y
078010,Horsham,Vic,1886,8,109.7,Y
078010,Horsham,Vic,1886,9,46.9,Y
078010,Horsham,Vic,1886,10,38.7,Y
078010,Horsham,Vic,1886,11,31.8,Y
078010,Horsham,Vic,1886,12,26.6,Y
078010,Horsham,Vic,1887,1,6.3,Y
078010,Horsham,Vic,1887,2,18.5,Y
078010,Horsham,Vic,1887,3,3.8,Y
078010,Horsham,Vic,1887,4,42.2,Y
078010,Horsham,Vic,1887,5,23.4,Y
078010,Horsham,Vic,1887,6,52.7,Y
078010,Horsham,Vic,1887,7,48.6,Y
078010,Horsham,Vic,1887,8,42.4,Y
078010,Horsham,Vic,1887,9,40.9,Y
078010,Horsham,Vic,1887,10,42.8,Y
078010,Horsham,Vic,1887,11,119.1,Y
078010,Horsham,Vic,1887,12,16.8,Y
078010,Horsham,Vic,1888,1,18.4,Y
078010,Horsham,Vic,1888,2,1.3,Y
078010,Horsham,Vic,1888,3,8.4,Y
078010,Horsham,Vic,1888,4,24.1,Y
078010,Horsham,Vic,1888,5,39.9,Y
078010,Horsham,Vic,1888,6,46.3,Y
078010,Horsham,Vic,1888,7,43.7,Y
078010,Horsham,Vic,1888,8,29.6,Y
078010,Horsham,Vic,1888,9,27.2,Y
078010,Horsham,Vic,1888,10,17.5,Y
078010,Horsham,Vic,1888,11,8.6,Y
078010,Horsham,Vic,1888,12,12.6,Y
078010,Horsham,Vic,1889,1,45.4,Y
078010,Horsham,Vic,1889,2,37.4,Y
078010,Horsham,Vic,1889,3,14.2,Y
078010,Horsham,Vic,1889,4,119.6,Y
078010,Horsham,Vic,1889,5,45.7,Y
078010,Horsham,Vic,1889,6,122.3,Y
078010,Horsham,Vic,1889,7,15.8,Y
078010,Horsham,Vic,1889,8,71.7,Y
078010,Horsham,Vic,1889,9,43.9,Y
078010,Horsham,Vic,1889,10,80.3,Y
078010,Horsham,Vic,1889,11,59.0,Y
078010,Horsham,Vic,1889,12,0.0,Y
078010,Horsham,Vic,1890,1,24.4,Y
078010,Horsham,Vic,1890,2,7.9,Y
078010,Horsham,Vic,1890,3,22.3,Y
078010,Horsham,Vic,1890,4,56.9,Y
078010,Horsham,Vic,1890,5,71.9,Y
078010,Horsham,Vic,1890,6,94.6,Y
078010,Horsham,Vic,1890,7,68.6,Y
078010,Horsham,Vic,1890,8,45.8,Y
078010,Horsham,Vic,1890,9,47.8,Y
078010,Horsham,Vic,1890,10,37.1,Y
078010,Horsham,Vic,1890,11,49.0,Y
078010,Horsham,Vic,1890,12,34.6,Y
078010,Horsham,Vic,1891,1,10.9,Y
078010,Horsham,Vic,1891,2,0.0,Y
078010,Horsham,Vic,1891,3,54.1,Y
078010,Horsham,Vic,1891,4,83.9,Y
078010,Horsham,Vic,1891,5,12.2,Y
078010,Horsham,Vic,1891,6,49.7,Y
078010,Horsham,Vic,1891,7,30.7,Y
078010,Horsham,Vic,1891,8,10.2,Y
078010,Horsham,Vic,1891,9,14.2,Y
078010,Horsham,Vic,1891,10,107.1,Y
078010,Horsham,Vic,1891,11,13.3,Y
078010,Horsham,Vic,1891,12,37.2,Y
078010,Horsham,Vic,1892,1,16.3,Y
078010,Horsham,Vic,1892,2,3.0,Y
078010,Horsham,Vic,1892,3,9.6,Y
078010,Horsham,Vic,1892,4,40.7,Y
078010,Horsham,Vic,1892,5,34.7,Y
078010,Horsham,Vic,1892,6,39.2,Y
078010,Horsham,Vic,1892,7,57.7,Y
078010,Horsham,Vic,1892,8,60.6,Y
078010,Horsham,Vic,1892,9,50.2,Y
078010,Horsham,Vic,1892,10,41.2,Y
078010,Horsham,Vic,1892,11,25.2,Y
078010,Horsham,Vic,1892,12,39.9,Y
078010,Horsham,Vic,1893,1,2.3,Y
078010,Horsham,Vic,1893,2,0.0,Y
078010,Horsham,Vic,1893,3,32.6,Y
078010,Horsham,Vic,1893,4,41.8,Y
078010,Horsham,Vic,1893,5,136.1,Y
078010,Horsham,Vic,1893,6,69.5,Y
078010,Horsham,Vic,1893,7,48.9,Y
078010,Horsham,Vic,1893,8,41.1,Y
078010,Horsham,Vic,1893,9,38.7,Y
078010,Horsham,Vic,1893,10,60.9,Y
078010,Horsham,Vic,1893,11,36.9,Y
078010,Horsham,Vic,1893,12,7.1,Y
078010,Horsham,Vic,1894,1,2.5,Y
078010,Horsham,Vic,1894,2,0.0,Y
078010,Horsham,Vic,1894,3,47.5,Y
078010,Horsham,Vic,1894,4,8.4,Y
078010,Horsham,Vic,1894,5,15.3,Y
078010,Horsham,Vic,1894,6,43.4,Y
078010,Horsham,Vic,1894,7,46.6,Y
078010,Horsham,Vic,1894,8,64.4,Y
078010,Horsham,Vic,1894,9,33.7,Y
078010,Horsham,Vic,1894,10,129.9,Y
078010,Horsham,Vic,1894,11,6.3,Y
078010,Horsham,Vic,1894,12,64.9,Y
078010,Horsham,Vic,1895,1,33.5,Y
078010,Horsham,Vic,1895,2,0.0,Y
078010,Horsham,Vic,1895,3,7.6,Y
078010,Horsham,Vic,1895,4,55.4,Y
078010,Horsham,Vic,1895,5,7.0,Y
078010,Horsham,Vic,1895,6,27.0,Y
078010,Horsham,Vic,1895,7,35.5,Y
078010,Horsham,Vic,1895,8,61.5,Y
078010,Horsham,Vic,1895,9,26.9,Y
078010,Horsham,Vic,1895,10,26.1,Y
078010,Horsham,Vic,1895,11,13.7,Y
078010,Horsham,Vic,1895,12,17.0,Y
078010,Horsham,Vic,1896,1,20.1,Y
078010,Horsham,Vic,1896,2,10.3,Y
078010,Horsham,Vic,1896,3,19.9,Y
078010,Horsham,Vic,1896,4,59.8,Y
078010,Horsham,Vic,1896,5,37.4,Y
078010,Horsham,Vic,1896,6,20.9,Y
078010,Horsham,Vic,1896,7,23.8,Y
078010,Horsham,Vic,1896,8,23.4,Y
078010,Horsham,Vic,1896,9,19.1,Y
078010,Horsham,Vic,1896,10,9.4,Y
078010,Horsham,Vic,1896,11,50.0,Y
078010,Horsham,Vic,1896,12,31.2,Y
078010,Horsham,Vic,1897,1,56.7,Y
078010,Horsham,Vic,1897,2,16.3,Y
078010,Horsham,Vic,1897,3,17.0,Y
078010,Horsham,Vic,1897,4,8.9,Y
078010,Horsham,Vic,1897,5,14.7,Y
078010,Horsham,Vic,1897,6,27.3,Y
078010,Horsham,Vic,1897,7,19.9,Y
078010,Horsham,Vic,1897,8,80.3,Y
078010,Horsham,Vic,1897,9,31.0,Y
078010,Horsham,Vic,1897,10,33.5,Y
078010,Horsham,Vic,1897,11,10.4,Y
078010,Horsham,Vic,1897,12,10.2,Y
078010,Horsham,Vic,1898,1,0.0,Y
078010,Horsham,Vic,1898,2,31.0,Y
078010,Horsham,Vic,1898,3,3.8,Y
078010,Horsham,Vic,1898,4,43.3,Y
078010,Horsham,Vic,1898,5,49.8,Y
078010,Horsham,Vic,1898,6,89.0,Y
078010,Horsham,Vic,1898,7,60.0,Y
078010,Horsham,Vic,1898,8,23.0,Y
078010,Horsham,Vic,1898,9,38.8,Y
078010,Horsham,Vic,1898,10,24.4,Y
078010,Horsham,Vic,1898,11,18.3,Y
078010,Horsham,Vic,1898,12,26.2,Y
078010,Horsham,Vic,1899,1,41.4,Y
078010,Horsham,Vic,1899,2,48.6,Y
078010,Horsham,Vic,1899,3,28.0,Y
078010,Horsham,Vic,1899,4,21.6,Y
078010,Horsham,Vic,1899,5,22.1,Y
078010,Horsham,Vic,1899,6,80.7,Y
078010,Horsham,Vic,1899,7,5.3,Y
078010,Horsham,Vic,1899,8,16.1,Y
078010,Horsham,Vic,1899,9,21.3,Y
078010,Horsham,Vic,1899,10,19.5,Y
078010,Horsham,Vic,1899,11,26.9,Y
078010,Horsham,Vic,1899,12,5.7,Y
078010,Horsham,Vic,1900,1,10.7,Y
078010,Horsham,Vic,1900,2,0.3,Y
078010,Horsham,Vic,1900,3,43.7,Y
078010,Horsham,Vic,1900,4,45.1,Y
078010,Horsham,Vic,1900,5,87.2,Y
078010,Horsham,Vic,1900,6,77.0,Y
078010,Horsham,Vic,1900,7,9.6,Y
078010,Horsham,Vic,1900,8,73.3,Y
078010,Horsham,Vic,1900,9,31.8,Y
078010,Horsham,Vic,1900,10,13.5,Y
078010,Horsham,Vic,1900,11,11.9,Y
078010,Horsham,Vic,1900,12,18.0,Y
078010,Horsham,Vic,1901,1,11.1,Y
078010,Horsham,Vic,1901,2,4.9,Y
078010,Horsham,Vic,1901,3,15.0,Y
078010,Horsham,Vic,1901,4,29.9,Y
078010,Horsham,Vic,1901,5,9.6,Y
078010,Horsham,Vic,1901,6,67.6,Y
078010,Horsham,Vic,1901,7,33.8,Y
078010,Horsham,Vic,1901,8,22.1,Y
078010,Horsham,Vic,1901,9,59.4,Y
078010,Horsham,Vic,1901,10,46.4,Y
078010,Horsham,Vic,1901,11,9.1,Y
078010,Horsham,Vic,1901,12,36.0,Y
078010,Horsham,Vic,1902,1,5.1,Y
078010,Horsham,Vic,1902,2,4.8,Y
078010,Horsham,Vic,1902,3,20.1,Y
078010,Horsham,Vic,1902,4,1.8,Y
078010,Horsham,Vic,1902,5,13.0,Y
078010,Horsham,Vic,1902,6,38.4,Y
078010,Horsham,Vic,1902,7,11.2,Y
078010,Horsham,Vic,1902,8,20.1,Y
078010,Horsham,Vic,1902,9,14.0,Y
078010,Horsham,Vic,1902,10,21.6,Y
078010,Horsham,Vic,1902,11,7.4,Y
078010,Horsham,Vic,1902,12,58.1,Y
078010,Horsham,Vic,1903,1,6.1,Y
078010,Horsham,Vic,1903,2,11.4,Y
078010,Horsham,Vic,1903,3,57.7,Y
078010,Horsham,Vic,1903,4,60.3,Y
078010,Horsham,Vic,1903,5,46.5,Y
078010,Horsham,Vic,1903,6,49.8,Y
078010,Horsham,Vic,1903,7,45.2,Y
078010,Horsham,Vic,1903,8,41.1,Y
078010,Horsham,Vic,1903,9,75.0,Y
078010,Horsham,Vic,1903,10,28.9,Y
078010,Horsham,Vic,1903,11,47.3,Y
078010,Horsham,Vic,1903,12,39.1,Y
078010,Horsham,Vic,1904,1,28.4,Y
078010,Horsham,Vic,1904,2,37.3,Y
078010,Horsham,Vic,1904,3,5.6,Y
078010,Horsham,Vic,1904,4,28.5,Y
078010,Horsham,Vic,1904,5,35.6,Y
078010,Horsham,Vic,1904,6,36.8,Y
078010,Horsham,Vic,1904,7,51.9,Y
078010,Horsham,Vic,1904,8,39.9,Y
078010,Horsham,Vic,1904,9,13.0,Y
078010,Horsham,Vic,1904,10,102.2,Y
078010,Horsham,Vic,1904,11,12.9,Y
078010,Horsham,Vic,1904,12,0.0,Y
078010,Horsham,Vic,1905,1,28.4,Y
078010,Horsham,Vic,1905,2,17.5,Y
078010,Horsham,Vic,1905,3,0.0,Y
078010,Horsham,Vic,1905,4,52.6,Y
078010,Horsham,Vic,1905,5,54.3,Y
078010,Horsham,Vic,1905,6,57.3,Y
078010,Horsham,Vic,1905,7,41.6,Y
078010,Horsham,Vic,1905,8,19.4,Y
078010,Horsham,Vic,1905,9,33.7,Y
078010,Horsham,Vic,1905,10,58.5,Y
078010,Horsham,Vic,1905,11,9.1,Y
078010,Horsham,Vic,1905,12,1.0,Y
078010,Horsham,Vic,1906,1,1.8,Y
078010,Horsham,Vic,1906,2,31.5,Y
078010,Horsham,Vic,1906,3,26.3,Y
078010,Horsham,Vic,1906,4,6.4,Y
078010,Horsham,Vic,1906,5,81.0,Y
078010,Horsham,Vic,1906,6,71.9,Y
078010,Horsham,Vic,1906,7,60.3,Y
078010,Horsham,Vic,1906,8,40.0,Y
078010,Horsham,Vic,1906,9,50.5,Y
078010,Horsham,Vic,1906,10,43.0,Y
078010,Horsham,Vic,1906,11,88.3,Y
078010,Horsham,Vic,1906,12,19.5,Y
078010,Horsham,Vic,1907,1,0.0,Y
078010,Horsham,Vic,1907,2,21.8,Y
078010,Horsham,Vic,1907,3,3.8,Y
078010,Horsham,Vic,1907,4,47.7,Y
078010,Horsham,Vic,1907,5,72.6,Y
078010,Horsham,Vic,1907,6,26.4,Y
078010,Horsham,Vic,1907,7,59.4,Y
078010,Horsham,Vic,1907,8,52.8,Y
078010,Horsham,Vic,1907,9,19.6,Y
078010,Horsham,Vic,1907,10,9.1,Y
078010,Horsham,Vic,1907,11,36.4,Y
078010,Horsham,Vic,1907,12,23.5,Y
078010,Horsham,Vic,1908,1,8.3,Y
078010,Horsham,Vic,1908,2,21.1,Y
078010,Horsham,Vic,1908,3,10.4,Y
078010,Horsham,Vic,1908,4,0.0,Y
078010,Horsham,Vic,1908,5,86.4,Y
078010,Horsham,Vic,1908,6,53.1,Y
078010,Horsham,Vic,1908,7,28.4,Y
078010,Horsham,Vic,1908,8,42.9,Y
078010,Horsham,Vic,1908,9,111.2,Y
078010,Horsham,Vic,1908,10,53.0,Y
078010,Horsham,Vic,1908,11,9.8,Y
078010,Horsham,Vic,1908,12,10.9,Y
078010,Horsham,Vic,1909,1,22.4,Y
078010,Horsham,Vic,1909,2,9.4,Y
078010,Horsham,Vic,1909,3,30.8,Y
078010,Horsham,Vic,1909,4,36.9,Y
078010,Horsham,Vic,1909,5,46.8,Y
078010,Horsham,Vic,1909,6,78.1,Y
078010,Horsham,Vic,1909,7,89.8,Y
078010,Horsham,Vic,1909,8,120.4,Y
078010,Horsham,Vic,1909,9,22.9,Y
078010,Horsham,Vic,1909,10,27.1,Y
078010,Horsham,Vic,1909,11,25.1,Y
078010,Horsham,Vic,1909,12,8.4,Y
078010,Horsham,Vic,1910,1,14.2,Y
078010,Horsham,Vic,1910,2,0.0,Y
078010,Horsham,Vic,1910,3,136.4,Y
078010,Horsham,Vic,1910,4,3.8,Y
078010,Horsham,Vic,1910,5,64.5,Y
078010,Horsham,Vic,1910,6,74.5,Y
078010,Horsham,Vic,1910,7,73.1,Y
078010,Horsham,Vic,1910,8,49.0,Y
078010,Horsham,Vic,1910,9,88.2,Y
078010,Horsham,Vic,1910,10,27.0,Y
078010,Horsham,Vic,1910,11,55.1,Y
078010,Horsham,Vic,1910,12,17.8,Y
078010,Horsham,Vic,1911,1,3.5,Y
078010,Horsham,Vic,1911,2,170.9,Y
078010,Horsham,Vic,1911,3,32.0,Y
078010,Horsham,Vic,1911,4,9.9,Y
078010,Horsham,Vic,1911,5,49.9,Y
078010,Horsham,Vic,1911,6,56.7,Y
078010,Horsham,Vic,1911,7,37.4,Y
078010,Horsham,Vic,1911,8,15.0,Y
078010,Horsham,Vic,1911,9,100.6,Y
078010,Horsham,Vic,1911,10,9.9,Y
078010,Horsham,Vic,1911,11,0.0,Y
078010,Horsham,Vic,1911,12,55.0,Y
078010,Horsham,Vic,1912,1,0.0,Y
078010,Horsham,Vic,1912,2,2.5,Y
078010,Horsham,Vic,1912,3,16.1,Y
078010,Horsham,Vic,1912,4,5.6,Y
078010,Horsham,Vic,1912,5,6.4,Y
078010,Horsham,Vic,1912,6,76.6,Y
078010,Horsham,Vic,1912,7,67.8,Y
078010,Horsham,Vic,1912,8,34.7,Y
078010,Horsham,Vic,1912,9,83.9,Y
078010,Horsham,Vic,1912,10,10.4,Y
078010,Horsham,Vic,1912,11,37.0,Y
078010,Horsham,Vic,1912,12,43.0,Y
078010,Horsham,Vic,1913,1,0.0,Y
078010,Horsham,Vic,1913,2,52.6,Y
078010,Horsham,Vic,1913,3,38.1,Y
078010,Horsham,Vic,1913,4,24.4,Y
078010,Horsham,Vic,1913,5,30.7,Y
078010,Horsham,Vic,1913,6,0.0,Y
078010,Horsham,Vic,1913,7,18.1,Y
078010,Horsham,Vic,1913,8,37.0,Y
078010,Horsham,Vic,1913,9,93.2,Y
078010,Horsham,Vic,1913,10,69.5,Y
078010,Horsham,Vic,1913,11,16.5,Y
078010,Horsham,Vic,1913,12,16.3,Y
078010,Horsham,Vic,1914,1,6.1,Y
078010,Horsham,Vic,1914,2,14.3,Y
078010,Horsham,Vic,1914,3,14.8,Y
078010,Horsham,Vic,1914,4,47.0,Y
078010,Horsham,Vic,1914,5,19.9,Y
078010,Horsham,Vic,1914,6,13.0,Y
078010,Horsham,Vic,1914,7,18.7,Y
078010,Horsham,Vic,1914,8,9.1,Y
078010,Horsham,Vic,1914,9,4.9,Y
078010,Horsham,Vic,1914,10,0.8,Y
078010,Horsham,Vic,1914,11,43.4,Y
078010,Horsham,Vic,1914,12,28.3,Y
078010,Horsham,Vic,1915,1,13.9,Y
078010,Horsham,Vic,1915,2,0.0,Y
078010,Horsham,Vic,1915,3,1.3,Y
078010,Horsham,Vic,1915,4,39.6,Y
078010,Horsham,Vic,1915,5,42.5,Y
078010,Horsham,Vic,1915,6,83.6,Y
078010,Horsham,Vic,1915,7,47.6,Y
078010,Horsham,Vic,1915,8,57.0,Y
078010,Horsham,Vic,1915,9,117.7,Y
078010,Horsham,Vic,1915,10,19.3,Y
078010,Horsham,Vic,1915,11,7.6,Y
078010,Horsham,Vic,1915,12,25.9,Y
078010,Horsham,Vic,1916,1,30.8,Y
078010,Horsham,Vic,1916,2,7.6,Y
078010,Horsham,Vic,1916,3,0.8,Y
078010,Horsham,Vic,1916,4,13.6,Y
078010,Horsham,Vic,1916,5,17.6,Y
078010,Horsham,Vic,1916,6,105.7,Y
078010,Horsham,Vic,1916,7,65.8,Y
078010,Horsham,Vic,1916,8,72.2,Y
078010,Horsham,Vic,1916,9,89.0,Y
078010,Horsham,Vic,1916,10,49.6,Y
078010,Horsham,Vic,1916,11,56.6,Y
078010,Horsham,Vic,1916,12,59.9,Y
078010,Horsham,Vic,1917,1,12.2,Y
078010,Horsham,Vic,1917,2,60.3,Y
078010,Horsham,Vic,1917,3,22.1,Y
078010,Horsham,Vic,1917,4,11.9,Y
078010,Horsham,Vic,1917,5,68.1,Y
078010,Horsham,Vic,1917,6,25.8,Y
078010,Horsham,Vic,1917,7,96.6,Y
078010,Horsham,Vic,1917,8,45.3,Y
078010,Horsham,Vic,1917,9,69.5,Y
078010,Horsham,Vic,1917,10,103.1,Y
078010,Horsham,Vic,1917,11,12.5,Y
078010,Horsham,Vic,1917,12,14.4,Y
078010,Horsham,Vic,1918,1,17.6,Y
078010,Horsham,Vic,1918,2,34.3,Y
078010,Horsham,Vic,1918,3,14.0,Y
078010,Horsham,Vic,1918,4,32.5,Y
078010,Horsham,Vic,1918,5,60.9,Y
078010,Horsham,Vic,1918,6,65.7,Y
078010,Horsham,Vic,1918,7,39.7,Y
078010,Horsham,Vic,1918,8,51.1,Y
078010,Horsham,Vic,1918,9,5.8,Y
078010,Horsham,Vic,1918,10,41.7,Y
078010,Horsham,Vic,1918,11,2.4,Y
078010,Horsham,Vic,1918,12,7.7,Y
078010,Horsham,Vic,1919,1,2.5,Y
078010,Horsham,Vic,1919,2,71.9,Y
078010,Horsham,Vic,1919,3,36.6,Y
078010,Horsham,Vic,1919,4,2.1,Y
078010,Horsham,Vic,1919,5,49.9,Y
078010,Horsham,Vic,1919,6,22.4,Y
078010,Horsham,Vic,1919,7,26.9,Y
078010,Horsham,Vic,1919,8,23.2,Y
078010,Horsham,Vic,1919,9,42.2,Y
078010,Horsham,Vic,1919,10,20.8,Y
078010,Horsham,Vic,1919,11,2.0,Y
078010,Horsham,Vic,1919,12,32.1,Y
078010,Horsham,Vic,1920,1,1.5,Y
078010,Horsham,Vic,1920,2,0.8,Y
078010,Horsham,Vic,1920,3,18.6,Y
078010,Horsham,Vic,1920,4,2.8,Y
078010,Horsham,Vic,1920,5,34.8,Y
078010,Horsham,Vic,1920,6,65.3,Y
078010,Horsham,Vic,1920,7,42.2,Y
078010,Horsham,Vic,1920,8,83.9,Y
078010,Horsham,Vic,1920,9,73.2,Y
078010,Horsham,Vic,1920,10,39.5,Y
078010,Horsham,Vic,1920,11,42.6,Y
078010,Horsham,Vic,1920,12,16.0,Y
078010,Horsham,Vic,1921,1,33.5,Y
078010,Horsham,Vic,1921,2,5.6,Y
078010,Horsham,Vic,1921,3,44.4,Y
078010,Horsham,Vic,1921,4,9.5,Y
078010,Horsham,Vic,1921,5,49.7,Y
078010,Horsham,Vic,1921,6,39.3,Y
078010,Horsham,Vic,1921,7,52.3,Y
078010,Horsham,Vic,1921,8,64.1,Y
078010,Horsham,Vic,1921,9,49.7,Y
078010,Horsham,Vic,1921,10,34.7,Y
078010,Horsham,Vic,1921,11,32.5,Y
078010,Horsham,Vic,1921,12,17.8,Y
078010,Horsham,Vic,1922,1,15.0,Y
078010,Horsham,Vic,1922,2,8.1,Y
078010,Horsham,Vic,1922,3,1.0,Y
078010,Horsham,Vic,1922,4,21.4,Y
078010,Horsham,Vic,1922,5,78.4,Y
078010,Horsham,Vic,1922,6,61.8,Y
078010,Horsham,Vic,1922,7,43.8,Y
078010,Horsham,Vic,1922,8,42.9,Y
078010,Horsham,Vic,1922,9,62.7,Y
078010,Horsham,Vic,1922,10,34.8,Y
078010,Horsham,Vic,1922,11,4.1,Y
078010,Horsham,Vic,1922,12,48.2,Y
078010,Horsham,Vic,1923,1,11.2,Y
078010,Horsham,Vic,1923,2,2.8,Y
078010,Horsham,Vic,1923,3,0.0,Y
078010,Horsham,Vic,1923,4,0.0,Y
078010,Horsham,Vic,1923,5,74.9,Y
078010,Horsham,Vic,1923,6,125.5,Y
078010,Horsham,Vic,1923,7,78.2,Y
078010,Horsham,Vic,1923,8,33.5,Y
078010,Horsham,Vic,1923,9,46.3,Y
078010,Horsham,Vic,1923,10,35.6,Y
078010,Horsham,Vic,1923,11,13.5,Y
078010,Horsham,Vic,1923,12,35.5,Y
078010,Horsham,Vic,1924,1,9.9,Y
078010,Horsham,Vic,1924,2,72.9,Y
078010,Horsham,Vic,1924,3,36.3,Y
078010,Horsham,Vic,1924,4,9.5,Y
078010,Horsham,Vic,1924,5,31.6,Y
078010,Horsham,Vic,1924,6,51.4,Y
078010,Horsham,Vic,1924,7,13.6,Y
078010,Horsham,Vic,1924,8,59.0,Y
078010,Horsham,Vic,1924,9,72.2,Y
078010,Horsham,Vic,1924,10,66.1,Y
078010,Horsham,Vic,1924,11,130.9,Y
078010,Horsham,Vic,1924,12,1.1,Y
078010,Horsham,Vic,1925,1,18.6,Y
078010,Horsham,Vic,1925,2,10.5,Y
078010,Horsham,Vic,1925,3,6.9,Y
078010,Horsham,Vic,1925,4,14.3,Y
078010,Horsham,Vic,1925,5,97.9,Y
078010,Horsham,Vic,1925,6,48.2,Y
078010,Horsham,Vic,1925,7,32.6,Y
078010,Horsham,Vic,1925,8,28.7,Y
078010,Horsham,Vic,1925,9,41.6,Y
078010,Horsham,Vic,1925,10,5.7,Y
078010,Horsham,Vic,1925,11,16.6,Y
078010,Horsham,Vic,1925,12,4.1,Y
078010,Horsham,Vic,1926,1,0.0,Y
078010,Horsham,Vic,1926,2,3.5,Y
078010,Horsham,Vic,1926,3,9.9,Y
078010,Horsham,Vic,1926,4,52.4,Y
078010,Horsham,Vic,1926,5,99.2,Y
078010,Horsham,Vic,1926,6,27.9,Y
078010,Horsham,Vic,1926,7,60.6,Y
078010,Horsham,Vic,1926,8,43.4,Y
078010,Horsham,Vic,1926,9,38.3,Y
078010,Horsham,Vic,1926,10,39.2,Y
078010,Horsham,Vic,1926,11,3.5,Y
078010,Horsham,Vic,1926,12,14.5,Y
078010,Horsham,Vic,1927,1,6.3,Y
078010,Horsham,Vic,1927,2,10.4,Y
078010,Horsham,Vic,1927,3,13.1,Y
078010,Horsham,Vic,1927,4,0.3,Y
078010,Horsham,Vic,1927,5,42.7,Y
078010,Horsham,Vic,1927,6,29.9,Y
078010,Horsham,Vic,1927,7,51.8,Y
078010,Horsham,Vic,1927,8,55.9,Y
078010,Horsham,Vic,1927,9,20.1,Y
078010,Horsham,Vic,1927,10,14.5,Y
078010,Horsham,Vic,1927,11,19.1,Y
078010,Horsham,Vic,1927,12,22.9,Y
078010,Horsham,Vic,1928,1,39.4,Y
078010,Horsham,Vic,1928,2,99.3,Y
078010,Horsham,Vic,1928,3,38.5,Y
078010,Horsham,Vic,1928,4,33.3,Y
078010,Horsham,Vic,1928,5,23.9,Y
078010,Horsham,Vic,1928,6,52.9,Y
078010,Horsham,Vic,1928,7,41.5,Y
078010,Horsham,Vic,1928,8,6.5,Y
078010,Horsham,Vic,1928,9,37.2,Y
078010,Horsham,Vic,1928,10,62.9,Y
078010,Horsham,Vic,1928,11,1.0,Y
078010,Horsham,Vic,1928,12,3.3,Y
078010,Horsham,Vic,1929,1,16.6,Y
078010,Horsham,Vic,1929,2,12.5,Y
078010,Horsham,Vic,1929,3,35.3,Y
078010,Horsham,Vic,1929,4,24.0,Y
078010,Horsham,Vic,1929,5,27.8,Y
078010,Horsham,Vic,1929,6,42.8,Y
078010,Horsham,Vic,1929,7,22.1,Y
078010,Horsham,Vic,1929,8,27.3,Y
078010,Horsham,Vic,1929,9,20.8,Y
078010,Horsham,Vic,1929,10,30.5,Y
078010,Horsham,Vic,1929,11,13.8,Y
078010,Horsham,Vic,1929,12,83.1,Y
078010,Horsham,Vic,1930,1,0.0,Y
078010,Horsham,Vic,1930,2,24.3,Y
078010,Horsham,Vic,1930,3,1.6,Y
078010,Horsham,Vic,1930,4,33.4,Y
078010,Horsham,Vic,1930,5,22.1,Y
078010,Horsham,Vic,1930,6,8.5,Y
078010,Horsham,Vic,1930,7,62.3,Y
078010,Horsham,Vic,1930,8,56.2,Y
078010,Horsham,Vic,1930,9,35.9,Y
078010,Horsham,Vic,1930,10,71.1,Y
078010,Horsham,Vic,1930,11,43.9,Y
078010,Horsham,Vic,1930,12,69.7,Y
078010,Horsham,Vic,1931,1,3.4,Y
078010,Horsham,Vic,1931,2,0.6,Y
078010,Horsham,Vic,1931,3,28.2,Y
078010,Horsham,Vic,1931,4,85.8,Y
078010,Horsham,Vic,1931,5,47.4,Y
078010,Horsham,Vic,1931,6,94.4,Y
078010,Horsham,Vic,1931,7,35.8,Y
078010,Horsham,Vic,1931,8,34.2,Y
078010,Horsham,Vic,1931,9,35.9,Y
078010,Horsham,Vic,1931,10,6.2,Y
078010,Horsham,Vic,1931,11,76.1,Y
078010,Horsham,Vic,1931,12,5.1,Y
078010,Horsham,Vic,1932,1,0.0,Y
078010,Horsham,Vic,1932,2,76.4,Y
078010,Horsham,Vic,1932,3,39.7,Y
078010,Horsham,Vic,1932,4,39.5,Y
078010,Horsham,Vic,1932,5,21.7,Y
078010,Horsham,Vic,1932,6,41.5,Y
078010,Horsham,Vic,1932,7,49.3,Y
078010,Horsham,Vic,1932,8,45.7,Y
078010,Horsham,Vic,1932,9,17.0,Y
078010,Horsham,Vic,1932,10,28.6,Y
078010,Horsham,Vic,1932,11,22.6,Y
078010,Horsham,Vic,1932,12,14.5,Y
078010,Horsham,Vic,1933,1,34.3,Y
078010,Horsham,Vic,1933,2,0.0,Y
078010,Horsham,Vic,1933,3,19.4,Y
078010,Horsham,Vic,1933,4,23.4,Y
078010,Horsham,Vic,1933,5,78.6,Y
078010,Horsham,Vic,1933,6,28.7,Y
078010,Horsham,Vic,1933,7,29.0,Y
078010,Horsham,Vic,1933,8,31.6,Y
078010,Horsham,Vic,1933,9,62.5,Y
078010,Horsham,Vic,1933,10,23.2,Y
078010,Horsham,Vic,1933,11,93.9,Y
078010,Horsham,Vic,1933,12,62.0,Y
078010,Horsham,Vic,1934,1,3.8,Y
078010,Horsham,Vic,1934,2,14.2,Y
078010,Horsham,Vic,1934,3,4.8,Y
078010,Horsham,Vic,1934,4,41.4,Y
078010,Horsham,Vic,1934,5,0.0,Y
078010,Horsham,Vic,1934,6,24.3,Y
078010,Horsham,Vic,1934,7,28.7,Y
078010,Horsham,Vic,1934,8,34.8,Y
078010,Horsham,Vic,1934,9,36.4,Y
078010,Horsham,Vic,1934,10,88.6,Y
078010,Horsham,Vic,1934,11,121.7,Y
078010,Horsham,Vic,1934,12,18.0,Y
078010,Horsham,Vic,1935,1,4.3,Y
078010,Horsham,Vic,1935,2,2.8,Y
078010,Horsham,Vic,1935,3,31.8,Y
078010,Horsham,Vic,1935,4,32.2,Y
078010,Horsham,Vic,1935,5,19.9,Y
078010,Horsham,Vic,1935,6,35.2,Y
078010,Horsham,Vic,1935,7,55.1,Y
078010,Horsham,Vic,1935,8,33.9,Y
078010,Horsham,Vic,1935,9,55.0,Y
078010,Horsham,Vic,1935,10,18.0,Y
078010,Horsham,Vic,1935,11,11.9,Y
078010,Horsham,Vic,1935,12,11.4,Y
078010,Horsham,Vic,1936,1,50.3,Y
078010,Horsham,Vic,1936,2,1.5,Y
078010,Horsham,Vic,1936,3,16.1,Y
078010,Horsham,Vic,1936,4,4.9,Y
078010,Horsham,Vic,1936,5,55.5,Y
078010,Horsham,Vic,1936,6,54.6,Y
078010,Horsham,Vic,1936,7,113.6,Y
078010,Horsham,Vic,1936,8,41.9,Y
078010,Horsham,Vic,1936,9,14.4,Y
078010,Horsham,Vic,1936,10,52.1,Y
078010,Horsham,Vic,1936,11,7.5,Y
078010,Horsham,Vic,1936,12,41.0,Y
078010,Horsham,Vic,1937,1,51.4,Y
078010,Horsham,Vic,1937,2,21.8,Y
078010,Horsham,Vic,1937,3,28.7,Y
078010,Horsham,Vic,1937,4,6.7,Y
078010,Horsham,Vic,1937,5,18.1,Y
078010,Horsham,Vic,1937,6,45.9,Y
078010,Horsham,Vic,1937,7,17.9,Y
078010,Horsham,Vic,1937,8,54.9,Y
078010,Horsham,Vic,1937,9,43.8,Y
078010,Horsham,Vic,1937,10,57.0,Y
078010,Horsham,Vic,1937,11,5.3,Y
078010,Horsham,Vic,1937,12,83.7,Y
078010,Horsham,Vic,1938,1,62.8,Y
078010,Horsham,Vic,1938,2,8.9,Y
078010,Horsham,Vic,1938,3,1.0,Y
078010,Horsham,Vic,1938,4,24.6,Y
078010,Horsham,Vic,1938,5,3.6,Y
078010,Horsham,Vic,1938,6,36.8,Y
078010,Horsham,Vic,1938,7,39.1,Y
078010,Horsham,Vic,1938,8,11.3,Y
078010,Horsham,Vic,1938,9,9.5,Y
078010,Horsham,Vic,1938,10,4.3,Y
078010,Horsham,Vic,1938,11,17.9,Y
078010,Horsham,Vic,1938,12,1.4,Y
078010,Horsham,Vic,1939,1,50.1,Y
078010,Horsham,Vic,1939,2,41.8,Y
078010,Horsham,Vic,1939,3,2.0,Y
078010,Horsham,Vic,1939,4,26.8,Y
078010,Horsham,Vic,1939,5,58.9,Y
078010,Horsham,Vic,1939,6,46.5,Y
078010,Horsham,Vic,1939,7,27.9,Y
078010,Horsham,Vic,1939,8,84.9,Y
078010,Horsham,Vic,1939,9,16.6,Y
078010,Horsham,Vic,1939,10,18.6,Y
078010,Horsham,Vic,1939,11,56.7,Y
078010,Horsham,Vic,1939,12,8.6,Y
078010,Horsham,Vic,1940,1,17.8,Y
078010,Horsham,Vic,1940,2,1.3,Y
078010,Horsham,Vic,1940,3,4.9,Y
078010,Horsham,Vic,1940,4,64.0,Y
078010,Horsham,Vic,1940,5,22.9,Y
078010,Horsham,Vic,1940,6,10.7,Y
078010,Horsham,Vic,1940,7,37.1,Y
078010,Horsham,Vic,1940,8,10.1,Y
078010,Horsham,Vic,1940,9,22.9,Y
078010,Horsham,Vic,1940,10,15.0,Y
078010,Horsham,Vic,1940,11,46.5,Y
078010,Horsham,Vic,1940,12,20.4,Y
078010,Horsham,Vic,1941,1,121.5,Y
078010,Horsham,Vic,1941,2,4.6,Y
078010,Horsham,Vic,1941,3,45.3,Y
078010,Horsham,Vic,1941,4,29.6,Y
078010,Horsham,Vic,1941,5,9.2,Y
078010,Horsham,Vic,1941,6,50.0,Y
078010,Horsham,Vic,1941,7,64.1,Y
078010,Horsham,Vic,1941,8,16.5,Y
078010,Horsham,Vic,1941,9,61.7,Y
078010,Horsham,Vic,1941,10,29.5,Y
078010,Horsham,Vic,1941,11,20.8,Y
078010,Horsham,Vic,1941,12,8.9,Y
078010,Horsham,Vic,1942,1,20.6,Y
078010,Horsham,Vic,1942,2,26.5,Y
078010,Horsham,Vic,1942,3,5.8,Y
078010,Horsham,Vic,1942,4,34.8,Y
078010,Horsham,Vic,1942,5,69.5,Y
078010,Horsham,Vic,1942,6,59.5,Y
078010,Horsham,Vic,1942,7,43.9,Y
078010,Horsham,Vic,1942,8,76.5,Y
078010,Horsham,Vic,1942,9,50.7,Y
078010,Horsham,Vic,1942,10,48.3,Y
078010,Horsham,Vic,1942,11,68.4,Y
078010,Horsham,Vic,1942,12,14.0,Y
078010,Horsham,Vic,1943,1,16.2,Y
078010,Horsham,Vic,1943,2,43.6,Y
078010,Horsham,Vic,1943,3,7.1,Y
078010,Horsham,Vic,1943,4,26.7,Y
078010,Horsham,Vic,1943,5,10.4,Y
078010,Horsham,Vic,1943,6,42.6,Y
078010,Horsham,Vic,1943,7,39.4,Y
078010,Horsham,Vic,1943,8,50.8,Y
078010,Horsham,Vic,1943,9,45.5,Y
078010,Horsham,Vic,1943,10,29.1,Y
078010,Horsham,Vic,1943,11,10.4,Y
078010,Horsham,Vic,1943,12,10.7,Y
078010,Horsham,Vic,1944,1,15.2,Y
078010,Horsham,Vic,1944,2,12.3,Y
078010,Horsham,Vic,1944,3,2.8,Y
078010,Horsham,Vic,1944,4,26.9,Y
078010,Horsham,Vic,1944,5,41.6,Y
078010,Horsham,Vic,1944,6,4.1,Y
078010,Horsham,Vic,1944,7,18.5,Y
078010,Horsham,Vic,1944,8,0.8,Y
078010,Horsham,Vic,1944,9,10.9,Y
078010,Horsham,Vic,1944,10,32.7,Y
078010,Horsham,Vic,1944,11,9.0,Y
078010,Horsham,Vic,1944,12,26.8,Y
078010,Horsham,Vic,1945,1,16.2,Y
078010,Horsham,Vic,1945,2,67.9,Y
078010,Horsham,Vic,1945,3,6.8,Y
078010,Horsham,Vic,1945,4,0.5,Y
078010,Horsham,Vic,1945,5,25.6,Y
078010,Horsham,Vic,1945,6,49.1,Y
078010,Horsham,Vic,1945,7,32.5,Y
078010,Horsham,Vic,1945,8,54.6,Y
078010,Horsham,Vic,1945,9,19.7,Y
078010,Horsham,Vic,1945,10,22.9,Y
078010,Horsham,Vic,1945,11,34.7,Y
078010,Horsham,Vic,1945,12,13.5,Y
078010,Horsham,Vic,1946,1,76.3,Y
078010,Horsham,Vic,1946,2,90.5,Y
078010,Horsham,Vic,1946,3,71.9,Y
078010,Horsham,Vic,1946,4,12.3,Y
078010,Horsham,Vic,1946,5,18.0,Y
078010,Horsham,Vic,1946,6,56.8,Y
078010,Horsham,Vic,1946,7,66.2,Y
078010,Horsham,Vic,1946,8,34.7,Y
078010,Horsham,Vic,1946,9,21.6,Y
078010,Horsham,Vic,1946,10,24.1,Y
078010,Horsham,Vic,1946,11,12.7,Y
078010,Horsham,Vic,1946,12,28.0,Y
078010,Horsham,Vic,1947,1,3.3,Y
078010,Horsham,Vic,1947,2,47.0,Y
078010,Horsham,Vic,1947,3,77.4,Y
078010,Horsham,Vic,1947,4,20.4,Y
078010,Horsham,Vic,1947,5,14.0,Y
078010,Horsham,Vic,1947,6,53.8,Y
078010,Horsham,Vic,1947,7,74.1,Y
078010,Horsham,Vic,1947,8,41.9,Y
078010,Horsham,Vic,1947,9,54.3,Y
078010,Horsham,Vic,1947,10,68.0,Y
078010,Horsham,Vic,1947,11,27.2,Y
078010,Horsham,Vic,1947,12,56.1,Y
078010,Horsham,Vic,1948,1,4.0,Y
078010,Horsham,Vic,1948,2,16.0,Y
078010,Horsham,Vic,1948,3,5.9,Y
078010,Horsham,Vic,1948,4,104.6,Y
078010,Horsham,Vic,1948,5,33.0,Y
078010,Horsham,Vic,1948,6,65.5,Y
078010,Horsham,Vic,1948,7,26.7,Y
078010,Horsham,Vic,1948,8,20.6,Y
078010,Horsham,Vic,1948,9,31.0,Y
078010,Horsham,Vic,1948,10,102.6,Y
078010,Horsham,Vic,1948,11,24.5,Y
078010,Horsham,Vic,1948,12,79.1,Y
078010,Horsham,Vic,1949,1,8.2,Y
078010,Horsham,Vic,1949,2,95.0,Y
078010,Horsham,Vic,1949,3,8.2,Y
078010,Horsham,Vic,1949,4,1.0,Y
078010,Horsham,Vic,1949,5,44.2,Y
078010,Horsham,Vic,1949,6,16.5,Y
078010,Horsham,Vic,1949,7,48.6,Y
078010,Horsham,Vic,1949,8,15.0,Y
078010,Horsham,Vic,1949,9,47.8,Y
078010,Horsham,Vic,1949,10,82.9,Y
078010,Horsham,Vic,1949,11,29.8,Y
078010,Horsham,Vic,1949,12,1.8,Y
078010,Horsham,Vic,1950,1,0.8,Y
078010,Horsham,Vic,1950,2,74.5,Y
078010,Horsham,Vic,1950,3,66.1,Y
078010,Horsham,Vic,1950,4,20.2,Y
078010,Horsham,Vic,1950,5,97.8,Y
078010,Horsham,Vic,1950,6,14.0,Y
078010,Horsham,Vic,1950,7,26.9,Y
078010,Horsham,Vic,1950,8,34.3,Y
078010,Horsham,Vic,1950,9,63.6,Y
078010,Horsham,Vic,1950,10,29.4,Y
078010,Horsham,Vic,1950,11,18.4,Y
078010,Horsham,Vic,1950,12,22.9,Y
078010,Horsham,Vic,1951,1,21.3,Y
078010,Horsham,Vic,1951,2,43.3,Y
078010,Horsham,Vic,1951,3,5.7,Y
078010,Horsham,Vic,1951,4,21.1,Y
078010,Horsham,Vic,1951,5,56.9,Y
078010,Horsham,Vic,1951,6,83.9,Y
078010,Horsham,Vic,1951,7,58.0,Y
078010,Horsham,Vic,1951,8,47.9,Y
078010,Horsham,Vic,1951,9,12.0,Y
078010,Horsham,Vic,1951,10,65.3,Y
078010,Horsham,Vic,1951,11,12.2,Y
078010,Horsham,Vic,1951,12,37.3,Y
078010,Horsham,Vic,1952,1,60.2,Y
078010,Horsham,Vic,1952,2,29.5,Y
078010,Horsham,Vic,1952,3,18.3,Y
078010,Horsham,Vic,1952,4,16.4,Y
078010,Horsham,Vic,1952,5,82.6,Y
078010,Horsham,Vic,1952,6,69.5,Y
078010,Horsham,Vic,1952,7,25.3,Y
078010,Horsham,Vic,1952,8,42.5,Y
078010,Horsham,Vic,1952,9,26.7,Y
078010,Horsham,Vic,1952,10,69.0,Y
078010,Horsham,Vic,1952,11,56.2,Y
078010,Horsham,Vic,1952,12,15.7,Y
078010,Horsham,Vic,1953,1,33.6,Y
078010,Horsham,Vic,1953,2,0.8,Y
078010,Horsham,Vic,1953,3,1.3,Y
078010,Horsham,Vic,1953,4,21.4,Y
078010,Horsham,Vic,1953,5,13.4,Y
078010,Horsham,Vic,1953,6,83.0,Y
078010,Horsham,Vic,1953,7,61.8,Y
078010,Horsham,Vic,1953,8,64.6,Y
078010,Horsham,Vic,1953,9,40.8,Y
078010,Horsham,Vic,1953,10,41.0,Y
078010,Horsham,Vic,1953,11,56.2,Y
078010,Horsham,Vic,1953,12,35.1,Y
078010,Horsham,Vic,1954,1,68.1,Y
078010,Horsham,Vic,1954,2,0.5,Y
078010,Horsham,Vic,1954,3,7.1,Y
078010,Horsham,Vic,1954,4,99.1,Y
078010,Horsham,Vic,1954,5,8.3,Y
078010,Horsham,Vic,1954,6,22.9,Y
078010,Horsham,Vic,1954,7,36.9,Y
078010,Horsham,Vic,1954,8,31.5,Y
078010,Horsham,Vic,1954,9,14.5,Y
078010,Horsham,Vic,1954,10,36.6,Y
078010,Horsham,Vic,1954,11,42.6,Y
078010,Horsham,Vic,1954,12,52.6,Y
078010,Horsham,Vic,1955,1,0.5,Y
078010,Horsham,Vic,1955,2,40.5,Y
078010,Horsham,Vic,1955,3,15.0,Y
078010,Horsham,Vic,1955,4,16.0,Y
078010,Horsham,Vic,1955,5,51.1,Y
078010,Horsham,Vic,1955,6,118.4,Y
078010,Horsham,Vic,1955,7,44.8,Y
078010,Horsham,Vic,1955,8,100.9,Y
078010,Horsham,Vic,1955,9,30.6,Y
078010,Horsham,Vic,1955,10,42.5,Y
078010,Horsham,Vic,1955,11,40.0,Y
078010,Horsham,Vic,1955,12,12.0,Y
078010,Horsham,Vic,1956,1,17.1,Y
078010,Horsham,Vic,1956,2,0.0,Y
078010,Horsham,Vic,1956,3,47.0,Y
078010,Horsham,Vic,1956,4,68.8,Y
078010,Horsham,Vic,1956,5,84.9,Y
078010,Horsham,Vic,1956,6,62.3,Y
078010,Horsham,Vic,1956,7,63.4,Y
078010,Horsham,Vic,1956,8,36.6,Y
078010,Horsham,Vic,1956,9,46.8,Y
078010,Horsham,Vic,1956,10,37.0,Y
078010,Horsham,Vic,1956,11,17.9,Y
078010,Horsham,Vic,1956,12,9.1,Y
078010,Horsham,Vic,1957,1,2.0,Y
078010,Horsham,Vic,1957,2,142.2,Y
078010,Horsham,Vic,1957,3,18.1,Y
078010,Horsham,Vic,1957,4,9.4,Y
078010,Horsham,Vic,1957,5,12.0,Y
078010,Horsham,Vic,1957,6,31.4,Y
078010,Horsham,Vic,1957,7,30.2,Y
078010,Horsham,Vic,1957,8,26.9,Y
078010,Horsham,Vic,1957,9,19.6,Y
078010,Horsham,Vic,1957,10,37.6,Y
078010,Horsham,Vic,1957,11,23.5,Y
078010,Horsham,Vic,1957,12,5.5,Y
078010,Horsham,Vic,1958,1,2.1,Y
078010,Horsham,Vic,1958,2,2.8,Y
078010,Horsham,Vic,1958,3,5.6,Y
078010,Horsham,Vic,1958,4,7.9,Y
078010,Horsham,Vic,1958,5,57.3,Y
078010,Horsham,Vic,1958,6,10.5,Y
078010,Horsham,Vic,1958,7,63.4,Y
078010,Horsham,Vic,1958,8,71.7,Y
078010,Horsham,Vic,1958,9,25.1,Y
078010,Horsham,Vic,1958,10,64.3,Y
078010,Horsham,Vic,1958,11,47.7,Y
078010,Horsham,Vic,1958,12,2.8,Y
078010,Horsham,Vic,1959,1,29.2,Y
078010,Horsham,Vic,1959,2,52.2,Y
078010,Horsham,Vic,1959,3,16.8,Y
078010,Horsham,Vic,1959,4,17.8,Y
078010,Horsham,Vic,1959,5,5.4,Y
078010,Horsham,Vic,1959,6,11.3,Y
078010,Horsham,Vic,1959,7,12.2,Y
078010,Horsham,Vic,1959,8,50.1,Y
078010,Horsham,Vic,1959,9,29.2,Y
078010,Horsham,Vic,1959,10,32.9,Y
078010,Horsham,Vic,1959,11,27.4,Y
078010,Horsham,Vic,1959,12,36.9,Y
078010,Horsham,Vic,1960,1,26.7,Y
078010,Horsham,Vic,1960,2,35.3,Y
078010,Horsham,Vic,1960,3,39.7,Y
078010,Horsham,Vic,1960,4,48.5,Y
078010,Horsham,Vic,1960,5,92.3,Y
078010,Horsham,Vic,1960,6,22.6,Y
078010,Horsham,Vic,1960,7,40.5,Y
078010,Horsham,Vic,1960,8,40.6,Y
078010,Horsham,Vic,1960,9,76.2,Y
078010,Horsham,Vic,1960,10,14.7,Y
078010,Horsham,Vic,1960,11,59.7,Y
078010,Horsham,Vic,1960,12,37.5,Y
078010,Horsham,Vic,1961,1,3.8,Y
078010,Horsham,Vic,1961,2,17.0,Y
078010,Horsham,Vic,1961,3,21.8,Y
078010,Horsham,Vic,1961,4,65.8,Y
078010,Horsham,Vic,1961,5,19.1,Y
078010,Horsham,Vic,1961,6,42.8,Y
078010,Horsham,Vic,1961,7,41.8,Y
078010,Horsham,Vic,1961,8,15.5,Y
078010,Horsham,Vic,1961,9,26.9,Y
078010,Horsham,Vic,1961,10,26.2,Y
078010,Horsham,Vic,1961,11,34.8,Y
078010,Horsham,Vic,1961,12,41.6,Y
078010,Horsham,Vic,1962,1,9.3,Y
078010,Horsham,Vic,1962,2,10.9,Y
078010,Horsham,Vic,1962,3,12.5,Y
078010,Horsham,Vic,1962,4,10.4,Y
078010,Horsham,Vic,1962,5,46.3,Y
078010,Horsham,Vic,1962,6,43.9,Y
078010,Horsham,Vic,1962,7,18.4,Y
078010,Horsham,Vic,1962,8,52.1,Y
078010,Horsham,Vic,1962,9,69.9,Y
078010,Horsham,Vic,1962,10,42.3,Y
078010,Horsham,Vic,1962,11,14.6,Y
078010,Horsham,Vic,1962,12,26.9,Y
078010,Horsham,Vic,1963,1,75.7,Y
078010,Horsham,Vic,1963,2,3.3,Y
078010,Horsham,Vic,1963,3,16.8,Y
078010,Horsham,Vic,1963,4,3.8,Y
078010,Horsham,Vic,1963,5,49.8,Y
078010,Horsham,Vic,1963,6,63.4,Y
078010,Horsham,Vic,1963,7,41.8,Y
078010,Horsham,Vic,1963,8,59.1,Y
078010,Horsham,Vic,1963,9,65.1,Y
078010,Horsham,Vic,1963,10,28.2,Y
078010,Horsham,Vic,1963,11,4.8,Y
078010,Horsham,Vic,1963,12,7.6,Y
078010,Horsham,Vic,1964,1,2.0,Y
078010,Horsham,Vic,1964,2,5.3,Y
078010,Horsham,Vic,1964,3,7.6,Y
078010,Horsham,Vic,1964,4,47.3,Y
078010,Horsham,Vic,1964,5,18.6,Y
078010,Horsham,Vic,1964,6,59.1,Y
078010,Horsham,Vic,1964,7,75.9,Y
078010,Horsham,Vic,1964,8,54.5,Y
078010,Horsham,Vic,1964,9,82.7,Y
078010,Horsham,Vic,1964,10,89.6,Y
078010,Horsham,Vic,1964,11,90.9,Y
078010,Horsham,Vic,1964,12,43.8,Y
078010,Horsham,Vic,1965,1,0.8,Y
078010,Horsham,Vic,1965,2,0.0,Y
078010,Horsham,Vic,1965,3,5.7,Y
078010,Horsham,Vic,1965,4,18.0,Y
078010,Horsham,Vic,1965,5,45.0,Y
078010,Horsham,Vic,1965,6,22.1,Y
078010,Horsham,Vic,1965,7,59.2,Y
078010,Horsham,Vic,1965,8,55.8,Y
078010,Horsham,Vic,1965,9,11.3,Y
078010,Horsham,Vic,1965,10,13.7,Y
078010,Horsham,Vic,1965,11,37.6,Y
078010,Horsham,Vic,1965,12,28.2,Y
078010,Horsham,Vic,1966,1,18.3,Y
078010,Horsham,Vic,1966,2,28.7,Y
078010,Horsham,Vic,1966,3,9.3,Y
078010,Horsham,Vic,1966,4,5.7,Y
078010,Horsham,Vic,1966,5,17.8,Y
078010,Horsham,Vic,1966,6,38.5,Y
078010,Horsham,Vic,1966,7,54.9,Y
078010,Horsham,Vic,1966,8,25.2,Y
078010,Horsham,Vic,1966,9,53.8,Y
078010,Horsham,Vic,1966,10,41.7,Y
078010,Horsham,Vic,1966,11,12.0,Y
078010,Horsham,Vic,1966,12,46.2,Y
078010,Horsham,Vic,1967,1,3.8,Y
078010,Horsham,Vic,1967,2,21.1,Y
078010,Horsham,Vic,1967,3,3.1,Y
078010,Horsham,Vic,1967,4,2.8,Y
078010,Horsham,Vic,1967,5,22.2,Y
078010,Horsham,Vic,1967,6,8.0,Y
078010,Horsham,Vic,1967,7,34.0,Y
078010,Horsham,Vic,1967,8,26.5,Y
078010,Horsham,Vic,1967,9,14.0,Y
078010,Horsham,Vic,1967,10,1.8,Y
078010,Horsham,Vic,1967,11,3.3,Y
078010,Horsham,Vic,1967,12,22.3,Y
078010,Horsham,Vic,1968,1,8.9,Y
078010,Horsham,Vic,1968,2,7.4,Y
078010,Horsham,Vic,1968,3,29.7,Y
078010,Horsham,Vic,1968,4,31.0,Y
078010,Horsham,Vic,1968,5,50.5,Y
078010,Horsham,Vic,1968,6,47.5,Y
078010,Horsham,Vic,1968,7,52.8,Y
078010,Horsham,Vic,1968,8,61.0,Y
078010,Horsham,Vic,1968,9,16.3,Y
078010,Horsham,Vic,1968,10,46.2,Y
078010,Horsham,Vic,1968,11,35.8,Y
078010,Horsham,Vic,1968,12,10.9,Y
078010,Horsham,Vic,1969,1,7.6,Y
078010,Horsham,Vic,1969,2,33.8,Y
078010,Horsham,Vic,1969,3,34.8,Y
078010,Horsham,Vic,1969,4,17.0,Y
078010,Horsham,Vic,1969,5,37.1,Y
078010,Horsham,Vic,1969,6,6.9,Y
078010,Horsham,Vic,1969,7,63.5,Y
078010,Horsham,Vic,1969,8,91.9,Y
078010,Horsham,Vic,1969,9,26.9,Y
078010,Horsham,Vic,1969,10,15.2,Y
078010,Horsham,Vic,1969,11,19.1,Y
078010,Horsham,Vic,1969,12,36.3,Y
078010,Horsham,Vic,1970,1,15.7,Y
078010,Horsham,Vic,1970,2,0.8,Y
078010,Horsham,Vic,1970,3,19.1,Y
078010,Horsham,Vic,1970,4,89.9,Y
078010,Horsham,Vic,1970,5,32.5,Y
078010,Horsham,Vic,1970,6,31.5,Y
078010,Horsham,Vic,1970,7,16.5,Y
078010,Horsham,Vic,1970,8,55.6,Y
078010,Horsham,Vic,1970,9,24.9,Y
078010,Horsham,Vic,1970,10,17.5,Y
078010,Horsham,Vic,1970,11,70.9,Y
078010,Horsham,Vic,1970,12,25.1,Y
078010,Horsham,Vic,1971,1,4.0,Y
078010,Horsham,Vic,1971,2,20.6,Y
078010,Horsham,Vic,1971,3,14.7,Y
078010,Horsham,Vic,1971,4,93.1,Y
078010,Horsham,Vic,1971,5,25.1,Y
078010,Horsham,Vic,1971,6,43.7,Y
078010,Horsham,Vic,1971,7,22.5,Y
078010,Horsham,Vic,1971,8,35.3,Y
078010,Horsham,Vic,1971,9,45.1,Y
078010,Horsham,Vic,1971,10,35.6,Y
078010,Horsham,Vic,1971,11,53.3,Y
078010,Horsham,Vic,1971,12,25.9,Y
078010,Horsham,Vic,1972,1,27.9,Y
078010,Horsham,Vic,1972,2,41.7,Y
078010,Horsham,Vic,1972,3,1.3,Y
078010,Horsham,Vic,1972,4,35.9,Y
078010,Horsham,Vic,1972,5,27.5,Y
078010,Horsham,Vic,1972,6,11.5,Y
078010,Horsham,Vic,1972,7,37.0,Y
078010,Horsham,Vic,1972,8,46.9,Y
078010,Horsham,Vic,1972,9,15.5,Y
078010,Horsham,Vic,1972,10,15.5,Y
078010,Horsham,Vic,1972,11,23.9,Y
078010,Horsham,Vic,1972,12,2.3,Y
078010,Horsham,Vic,1973,1,77.6,Y
078010,Horsham,Vic,1973,2,123.5,Y
078010,Horsham,Vic,1973,3,19.7,Y
078010,Horsham,Vic,1973,4,25.5,Y
078010,Horsham,Vic,1973,5,68.1,Y
078010,Horsham,Vic,1973,6,57.0,Y
078010,Horsham,Vic,1973,7,74.1,Y
078010,Horsham,Vic,1973,8,55.2,Y
078010,Horsham,Vic,1973,9,53.4,Y
078010,Horsham,Vic,1973,10,179.7,Y
078010,Horsham,Vic,1973,11,15.3,Y
078010,Horsham,Vic,1973,12,11.9,Y
078010,Horsham,Vic,1974,1,125.2,Y
078010,Horsham,Vic,1974,2,44.8,Y
078010,Horsham,Vic,1974,3,44.6,Y
078010,Horsham,Vic,1974,4,94.8,Y
078010,Horsham,Vic,1974,5,81.8,Y
078010,Horsham,Vic,1974,6,9.4,Y
078010,Horsham,Vic,1974,7,57.6,Y
078010,Horsham,Vic,1974,8,76.6,Y
078010,Horsham,Vic,1974,9,67.4,Y
078010,Horsham,Vic,1974,10,76.4,Y
078010,Horsham,Vic,1974,11,5.2,Y
078010,Horsham,Vic,1974,12,5.6,Y
078010,Horsham,Vic,1975,1,21.2,Y
078010,Horsham,Vic,1975,2,0.6,Y
078010,Horsham,Vic,1975,3,16.0,Y
078010,Horsham,Vic,1975,4,11.2,Y
078010,Horsham,Vic,1975,5,40.7,Y
078010,Horsham,Vic,1975,6,8.8,Y
078010,Horsham,Vic,1975,7,47.6,Y
078010,Horsham,Vic,1975,8,22.4,Y
078010,Horsham,Vic,1975,9,58.0,Y
078010,Horsham,Vic,1975,10,153.1,Y
078010,Horsham,Vic,1975,11,24.6,Y
078010,Horsham,Vic,1975,12,23.0,Y
078010,Horsham,Vic,1976,1,23.8,Y
078010,Horsham,Vic,1976,2,16.0,Y
078010,Horsham,Vic,1976,3,11.8,Y
078010,Horsham,Vic,1976,4,17.0,Y
078010,Horsham,Vic,1976,5,6.8,Y
078010,Horsham,Vic,1976,6,24.6,Y
078010,Horsham,Vic,1976,7,23.6,Y
078010,Horsham,Vic,1976,8,28.0,Y
078010,Horsham,Vic,1976,9,43.6,Y
078010,Horsham,Vic,1976,10,31.0,Y
078010,Horsham,Vic,1976,11,78.6,Y
078010,Horsham,Vic,1976,12,34.4,Y
078010,Horsham,Vic,1977,1,15.2,Y
078010,Horsham,Vic,1977,2,26.6,Y
078010,Horsham,Vic,1977,3,22.8,Y
078010,Horsham,Vic,1977,4,6.2,Y
078010,Horsham,Vic,1977,5,54.8,Y
078010,Horsham,Vic,1977,6,38.8,Y
078010,Horsham,Vic,1977,7,12.6,Y
078010,Horsham,Vic,1977,8,16.7,Y
078010,Horsham,Vic,1977,9,19.6,Y
078010,Horsham,Vic,1977,10,28.4,Y
078010,Horsham,Vic,1977,11,35.0,Y
078010,Horsham,Vic,1978,1,10.0,Y
078010,Horsham,Vic,1978,2,2.4,Y
078010,Horsham,Vic,1978,3,21.0,Y
078010,Horsham,Vic,1978,4,43.6,Y
078010,Horsham,Vic,1978,5,39.4,Y
078010,Horsham,Vic,1978,6,47.0,Y
078010,Horsham,Vic,1978,7,58.0,Y
078010,Horsham,Vic,1978,8,54.8,Y
078010,Horsham,Vic,1978,9,63.2,Y
078010,Horsham,Vic,1978,10,20.8,Y
078010,Horsham,Vic,1978,11,47.8,Y
078010,Horsham,Vic,1978,12,26.6,Y
078010,Horsham,Vic,1979,1,115.0,Y
078010,Horsham,Vic,1979,2,16.2,Y
078010,Horsham,Vic,1979,3,4.6,Y
078010,Horsham,Vic,1979,4,27.2,Y
078010,Horsham,Vic,1979,5,56.6,Y
078010,Horsham,Vic,1979,6,20.2,Y
078010,Horsham,Vic,1979,7,33.0,Y
078010,Horsham,Vic,1979,8,51.0,Y
078010,Horsham,Vic,1979,9,112.0,Y
078010,Horsham,Vic,1979,10,44.8,Y
078010,Horsham,Vic,1979,11,55.6,Y
078010,Horsham,Vic,1979,12,4.0,Y
078010,Horsham,Vic,1980,1,3.0,Y
078010,Horsham,Vic,1980,2,0.0,Y
078010,Horsham,Vic,1980,3,12.2,Y
078010,Horsham,Vic,1980,4,52.3,Y
078010,Horsham,Vic,1980,5,44.2,Y
078010,Horsham,Vic,1980,6,43.8,Y
078010,Horsham,Vic,1980,7,57.6,Y
078010,Horsham,Vic,1980,8,43.0,Y
078010,Horsham,Vic,1980,9,22.8,Y
078010,Horsham,Vic,1980,10,76.2,Y
078010,Horsham,Vic,1980,11,21.6,Y
078010,Horsham,Vic,1980,12,10.4,Y
078010,Horsham,Vic,1981,1,20.4,Y
078010,Horsham,Vic,1981,2,18.2,Y
078010,Horsham,Vic,1981,3,3.2,Y
078010,Horsham,Vic,1981,4,4.2,Y
078010,Horsham,Vic,1981,5,57.2,Y
078010,Horsham,Vic,1981,6,78.4,Y
078010,Horsham,Vic,1981,7,102.0,Y
078010,Horsham,Vic,1981,8,101.4,Y
078010,Horsham,Vic,1981,9,19.6,Y
078010,Horsham,Vic,1981,10,27.2,Y
078010,Horsham,Vic,1981,11,33.6,Y
078010,Horsham,Vic,1981,12,3.0,Y
078010,Horsham,Vic,1982,1,36.4,Y
078010,Horsham,Vic,1982,2,7.6,Y
078010,Horsham,Vic,1982,3,41.2,Y
078010,Horsham,Vic,1982,4,18.8,Y
078010,Horsham,Vic,1982,5,12.0,Y
078010,Horsham,Vic,1982,6,28.3,Y
078010,Horsham,Vic,1982,7,12.2,Y
078010,Horsham,Vic,1982,8,6.8,Y
078010,Horsham,Vic,1982,9,6.4,Y
078010,Horsham,Vic,1982,10,7.0,Y
078010,Horsham,Vic,1982,11,4.0,Y
078010,Horsham,Vic,1982,12,7.8,Y
078010,Horsham,Vic,1983,1,6.2,Y
078010,Horsham,Vic,1983,2,0.0,Y
078010,Horsham,Vic,1983,3,94.8,Y
078010,Horsham,Vic,1983,4,37.8,Y
078010,Horsham,Vic,1983,5,52.8,Y
078010,Horsham,Vic,1983,6,21.4,Y
078010,Horsham,Vic,1983,7,66.0,Y
078010,Horsham,Vic,1983,8,67.0,Y
078010,Horsham,Vic,1983,9,67.2,Y
078010,Horsham,Vic,1983,10,36.2,Y
078010,Horsham,Vic,1983,11,42.8,Y
078010,Horsham,Vic,1983,12,17.4,Y
078010,Horsham,Vic,1984,1,43.0,Y
078010,Horsham,Vic,1984,2,1.4,Y
078010,Horsham,Vic,1984,3,55.8,Y
078010,Horsham,Vic,1984,4,10.6,Y
078010,Horsham,Vic,1984,5,11.2,Y
078010,Horsham,Vic,1984,6,14.0,Y
078010,Horsham,Vic,1984,7,52.8,Y
078010,Horsham,Vic,1984,8,57.0,Y
078010,Horsham,Vic,1984,9,35.8,Y
078010,Horsham,Vic,1984,10,10.0,Y
078010,Horsham,Vic,1984,11,38.2,Y
078010,Horsham,Vic,1984,12,2.6,Y
078010,Horsham,Vic,1985,1,10.6,Y
078010,Horsham,Vic,1985,2,1.4,Y
078010,Horsham,Vic,1985,3,16.4,Y
078010,Horsham,Vic,1985,4,22.6,Y
078010,Horsham,Vic,1985,5,36.0,Y
078010,Horsham,Vic,1985,6,16.8,Y
078010,Horsham,Vic,1985,7,15.6,Y
078010,Horsham,Vic,1985,8,86.2,Y
078010,Horsham,Vic,1985,9,29.6,Y
078010,Horsham,Vic,1985,10,77.2,Y
078010,Horsham,Vic,1985,11,45.0,Y
078010,Horsham,Vic,1985,12,74.4,Y
078010,Horsham,Vic,1986,1,4.0,Y
078010,Horsham,Vic,1986,2,0.6,Y
078010,Horsham,Vic,1986,3,0.0,Y
078010,Horsham,Vic,1986,4,26.0,Y
078010,Horsham,Vic,1986,5,47.2,Y
078010,Horsham,Vic,1986,6,25.4,Y
078010,Horsham,Vic,1986,7,84.4,Y
078010,Horsham,Vic,1986,8,48.2,Y
078010,Horsham,Vic,1986,9,38.2,Y
078010,Horsham,Vic,1986,10,64.0,Y
078010,Horsham,Vic,1986,11,12.6,Y
078010,Horsham,Vic,1986,12,52.2,Y
078010,Horsham,Vic,1987,1,35.0,Y
078010,Horsham,Vic,1987,2,38.8,Y
078010,Horsham,Vic,1987,3,12.4,Y
078010,Horsham,Vic,1987,4,10.0,Y
078010,Horsham,Vic,1987,5,71.2,Y
078010,Horsham,Vic,1987,6,55.4,Y
078010,Horsham,Vic,1987,7,29.4,Y
078010,Horsham,Vic,1987,8,24.6,Y
078010,Horsham,Vic,1987,9,7.2,Y
078010,Horsham,Vic,1987,10,44.2,Y
078010,Horsham,Vic,1987,11,6.4,Y
078010,Horsham,Vic,1987,12,71.4,Y
078010,Horsham,Vic,1988,1,34.0,Y
078010,Horsham,Vic,1988,2,19.0,Y
078010,Horsham,Vic,1988,3,31.8,Y
078010,Horsham,Vic,1988,4,3.0,Y
078010,Horsham,Vic,1988,5,88.0,Y
078010,Horsham,Vic,1988,6,72.6,Y
078010,Horsham,Vic,1988,7,33.2,Y
078010,Horsham,Vic,1988,8,15.0,Y
078010,Horsham,Vic,1988,9,56.4,Y
078010,Horsham,Vic,1988,10,18.0,Y
078010,Horsham,Vic,1988,11,26.8,Y
078010,Horsham,Vic,1988,12,21.4,Y
078010,Horsham,Vic,1989,1,2.2,Y
078010,Horsham,Vic,1989,2,15.2,Y
078010,Horsham,Vic,1989,3,24.6,Y
078010,Horsham,Vic,1989,4,22.0,Y
078010,Horsham,Vic,1989,5,56.6,Y
078010,Horsham,Vic,1989,6,52.6,Y
078010,Horsham,Vic,1989,7,43.2,Y
078010,Horsham,Vic,1989,8,44.4,Y
078010,Horsham,Vic,1989,9,35.2,Y
078010,Horsham,Vic,1989,10,46.2,Y
078010,Horsham,Vic,1989,11,17.8,Y
078010,Horsham,Vic,1989,12,6.6,Y
078010,Horsham,Vic,1990,1,4.6,Y
078010,Horsham,Vic,1990,2,34.4,Y
078010,Horsham,Vic,1990,3,20.8,Y
078010,Horsham,Vic,1990,4,10.8,Y
078010,Horsham,Vic,1990,5,5.4,Y
078010,Horsham,Vic,1990,6,38.4,Y
078010,Horsham,Vic,1990,7,63.8,Y
078010,Horsham,Vic,1990,8,58.0,Y
078010,Horsham,Vic,1990,9,26.0,Y
078010,Horsham,Vic,1990,10,13.0,Y
078010,Horsham,Vic,1990,11,15.0,Y
078010,Horsham,Vic,1990,12,13.8,Y
078010,Horsham,Vic,1991,1,29.0,Y
078010,Horsham,Vic,1991,2,0.0,Y
078010,Horsham,Vic,1991,3,14.4,Y
078010,Horsham,Vic,1991,4,15.6,Y
078010,Horsham,Vic,1991,5,8.0,Y
078010,Horsham,Vic,1991,6,125.6,Y
078010,Horsham,Vic,1991,7,54.6,Y
078010,Horsham,Vic,1991,8,65.2,Y
078010,Horsham,Vic,1991,9,60.6,Y
078010,Horsham,Vic,1991,10,5.0,Y
078010,Horsham,Vic,1991,11,31.4,Y
078010,Horsham,Vic,1991,12,9.4,Y
078010,Horsham,Vic,1992,1,7.6,Y
078010,Horsham,Vic,1992,2,8.4,Y
078010,Horsham,Vic,1992,3,24.0,Y
078010,Horsham,Vic,1992,4,34.6,Y
078010,Horsham,Vic,1992,5,71.0,Y
078010,Horsham,Vic,1992,6,24.6,Y
078010,Horsham,Vic,1992,7,21.2,Y
078010,Horsham,Vic,1992,8,84.2,Y
078010,Horsham,Vic,1992,9,76.2,Y
078010,Horsham,Vic,1992,10,50.6,Y
078010,Horsham,Vic,1992,11,57.2,Y
078010,Horsham,Vic,1992,12,111.8,Y
078010,Horsham,Vic,1993,1,47.6,Y
078010,Horsham,Vic,1993,2,4.6,Y
078010,Horsham,Vic,1993,3,11.8,Y
078010,Horsham,Vic,1993,4,0.4,Y
078010,Horsham,Vic,1993,5,18.8,Y
078010,Horsham,Vic,1993,6,19.8,Y
078010,Horsham,Vic,1993,7,78.0,Y
078010,Horsham,Vic,1993,8,42.8,Y
078010,Horsham,Vic,1993,9,87.6,Y
078010,Horsham,Vic,1993,10,48.4,Y
078010,Horsham,Vic,1993,11,50.0,Y
078010,Horsham,Vic,1993,12,49.0,Y
078010,Horsham,Vic,1994,1,17.2,Y
078010,Horsham,Vic,1994,2,25.8,Y
078010,Horsham,Vic,1994,3,0.4,Y
078010,Horsham,Vic,1994,4,5.6,Y
078010,Horsham,Vic,1994,5,20.4,Y
078010,Horsham,Vic,1994,7,27.6,Y
078010,Horsham,Vic,1994,8,7.4,Y
078010,Horsham,Vic,1994,9,10.0,Y
078010,Horsham,Vic,1994,10,37.6,Y
078010,Horsham,Vic,1994,11,13.2,Y
078010,Horsham,Vic,1994,12,0.8,Y
078010,Horsham,Vic,1995,1,25.2,Y
078010,Horsham,Vic,1995,2,29.8,Y
078010,Horsham,Vic,1995,3,6.0,Y
078010,Horsham,Vic,1995,4,42.6,Y
078010,Horsham,Vic,1995,5,56.4,Y
078010,Horsham,Vic,1995,6,97.4,Y
078010,Horsham,Vic,1995,7,82.4,Y
078010,Horsham,Vic,1995,8,26.6,Y
078010,Horsham,Vic,1995,9,15.4,Y
078010,Horsham,Vic,1995,10,71.0,Y
078010,Horsham,Vic,1995,11,8.4,Y
078010,Horsham,Vic,1995,12,7.6,Y
078010,Horsham,Vic,1996,1,19.6,Y
078010,Horsham,Vic,1996,2,24.6,Y
078010,Horsham,Vic,1996,3,20.4,Y
078010,Horsham,Vic,1996,4,17.0,Y
078010,Horsham,Vic,1996,5,18.4,Y
078010,Horsham,Vic,1996,6,78.8,Y
078010,Horsham,Vic,1996,7,64.6,Y
078010,Horsham,Vic,1996,8,61.0,Y
078010,Horsham,Vic,1996,9,92.2,Y
078010,Horsham,Vic,1996,10,19.4,Y
078010,Horsham,Vic,1996,11,6.0,Y
078010,Horsham,Vic,1996,12,7.4,Y
078010,Horsham,Vic,1997,1,22.6,Y
078010,Horsham,Vic,1997,2,38.8,Y
078010,Horsham,Vic,1997,3,5.2,Y
078010,Horsham,Vic,1997,4,1.2,Y
078010,Horsham,Vic,1997,5,56.2,Y
078010,Horsham,Vic,1997,6,11.2,Y
078010,Horsham,Vic,1997,7,12.8,Y
078010,Horsham,Vic,1997,8,39.6,Y
078010,Horsham,Vic,1997,9,87.6,Y
078010,Horsham,Vic,1997,10,31.6,Y
078010,Horsham,Vic,1997,11,37.6,Y
078010,Horsham,Vic,1997,12,4.8,Y
078010,Horsham,Vic,1998,1,14.8,Y
078010,Horsham,Vic,1998,2,19.4,Y
078010,Horsham,Vic,1998,3,4.4,Y
078010,Horsham,Vic,1998,4,60.6,Y
078010,Horsham,Vic,1998,5,19.8,Y
078010,Horsham,Vic,1998,6,33.0,Y
078010,Horsham,Vic,1998,7,47.4,Y
078010,Horsham,Vic,1998,8,24.4,Y
078010,Horsham,Vic,1998,9,36.8,Y
078010,Horsham,Vic,1998,10,54.0,Y
078010,Horsham,Vic,1998,11,18.8,Y
078010,Horsham,Vic,1998,12,12.2,Y
078010,Horsham,Vic,1999,1,4.4,Y
078010,Horsham,Vic,1999,2,33.6,Y
078010,Horsham,Vic,1999,3,38.8,Y
078010,Horsham,Vic,1999,4,0.8,Y
078010,Horsham,Vic,1999,5,52.0,Y
078010,Horsham,Vic,1999,6,27.6,Y
078010,Horsham,Vic,1999,7,37.6,Y
078010,Horsham,Vic,1999,8,58.8,Y
078010,Horsham,Vic,1999,9,24.2,Y
078010,Horsham,Vic,1999,10,46.4,Y
078010,Horsham,Vic,1999,11,31.0,Y
078010,Horsham,Vic,1999,12,37.2,Y
078010,Horsham,Vic,2000,1,2.6,Y
078010,Horsham,Vic,2000,2,49.0,Y
078010,Horsham,Vic,2000,3,8.6,Y
078010,Horsham,Vic,2000,4,38.2,Y
078010,Horsham,Vic,2000,5,29.4,Y
078010,Horsham,Vic,2000,6,18.8,Y
078010,Horsham,Vic,2000,7,53.6,Y
078010,Horsham,Vic,2000,8,23.6,Y
078010,Horsham,Vic,2000,9,58.2,Y
078010,Horsham,Vic,2000,10,37.0,Y
078010,Horsham,Vic,2000,11,69.6,Y
078010,Horsham,Vic,2000,12,15.6,Y
078010,Horsham,Vic,2001,1,17.6,Y
078010,Horsham,Vic,2001,2,6.0,Y
078010,Horsham,Vic,2001,3,26.0,Y
078010,Horsham,Vic,2001,4,5.0,Y
078010,Horsham,Vic,2001,6,56.0,Y
078010,Horsham,Vic,2001,8,53.6,Y
078010,Horsham,Vic,2001,9,70.6,Y
078010,Horsham,Vic,2001,10,46.6,Y
078010,Horsham,Vic,2001,11,33.4,Y
078010,Horsham,Vic,2001,12,10.8,Y
078010,Horsham,Vic,2002,1,14.0,Y
078010,Horsham,Vic,2002,2,4.8,Y
078010,Horsham,Vic,2002,3,3.6,Y
078010,Horsham,Vic,2002,4,18.6,Y
078010,Horsham,Vic,2002,5,30.1,Y
078010,Horsham,Vic,2002,6,31.0,Y
078010,Horsham,Vic,2002,7,24.0,Y
078010,Horsham,Vic,2002,8,22.0,Y
078010,Horsham,Vic,2002,9,41.4,Y
078010,Horsham,Vic,2002,10,9.0,Y
078010,Horsham,Vic,2002,12,18.0,Y
078010,Horsham,Vic,2003,1,6.0,Y
078010,Horsham,Vic,2003,2,78.8,Y
078010,Horsham,Vic,2003,3,8.6,Y
078010,Horsham,Vic,2003,4,6.8,Y
078010,Horsham,Vic,2003,5,40.8,Y
078010,Horsham,Vic,2003,6,75.4,Y
078010,Horsham,Vic,2003,7,29.2,Y
078010,Horsham,Vic,2003,10,55.0,Y
078010,Horsham,Vic,2003,11,12.6,Y
078010,Horsham,Vic,2003,12,29.4,Y
078010,Horsham,Vic,2004,1,10.4,Y
078010,Horsham,Vic,2004,2,4.4,Y
078010,Horsham,Vic,2004,3,18.0,Y
078010,Horsham,Vic,2004,4,6.0,Y
078010,Horsham,Vic,2004,5,15.8,Y
078010,Horsham,Vic,2004,6,56.2,Y
078010,Horsham,Vic,2004,7,41.2,Y
078010,Horsham,Vic,2004,8,45.6,Y
078010,Horsham,Vic,2004,9,25.4,Y
078010,Horsham,Vic,2004,10,7.2,Y
078010,Horsham,Vic,2004,11,48.0,Y
078010,Horsham,Vic,2004,12,14.6,Y
078010,Horsham,Vic,2005,1,40.6,Y
078010,Horsham,Vic,2005,2,32.6,Y
078010,Horsham,Vic,2005,3,3.2,Y
078010,Horsham,Vic,2005,4,9.0,Y
078010,Horsham,Vic,2005,5,8.6,Y
078010,Horsham,Vic,2005,6,59.0,Y
078010,Horsham,Vic,2005,7,22.0,Y
078010,Horsham,Vic,2005,8,37.6,Y
078010,Horsham,Vic,2005,9,39.0,Y
078010,Horsham,Vic,2005,10,84.0,Y
078010,Horsham,Vic,2005,11,30.6,Y
078010,Horsham,Vic,2005,12,17.8,Y
078010,Horsham,Vic,2006,1,16.2,Y
078010,Horsham,Vic,2006,2,4.0,Y
078010,Horsham,Vic,2006,3,3.6,Y
078010,Horsham,Vic,2006,4,39.6,Y
078010,Horsham,Vic,2006,5,23.8,Y
078010,Horsham,Vic,2006,6,4.6,Y
078010,Horsham,Vic,2006,7,33.6,Y
078010,Horsham,Vic,2006,8,13.0,Y
078010,Horsham,Vic,2006,9,23.8,Y
078010,Horsham,Vic,2006,10,2.0,Y
078010,Horsham,Vic,2006,11,7.0,Y
078010,Horsham,Vic,2006,12,10.6,Y
078010,Horsham,Vic,2007,1,83.0,Y
078010,Horsham,Vic,2007,3,10.0,Y
078010,Horsham,Vic,2007,4,69.0,Y
078010,Horsham,Vic,2007,5,73.4,Y
078010,Horsham,Vic,2007,6,9.4,Y
078010,Horsham,Vic,2007,7,37.4,Y
078010,Horsham,Vic,2007,8,11.8,Y
078010,Horsham,Vic,2007,9,15.0,Y
078010,Horsham,Vic,2007,10,8.8,Y
078010,Horsham,Vic,2007,11,52.4,Y
078010,Horsham,Vic,2007,12,35.8,Y
078010,Horsham,Vic,2008,1,25.0,Y
078010,Horsham,Vic,2008,2,2.6,Y
078010,Horsham,Vic,2008,3,3.2,Y
078010,Horsham,Vic,2008,4,7.8,Y
078010,Horsham,Vic,2008,5,39.8,Y
078010,Horsham,Vic,2008,6,21.8,Y
078010,Horsham,Vic,2008,7,46.0,Y
078010,Horsham,Vic,2008,8,30.8,Y
078010,Horsham,Vic,2008,9,18.6,Y
078010,Horsham,Vic,2008,10,8.8,Y
078010,Horsham,Vic,2008,11,9.4,Y
078010,Horsham,Vic,2008,12,52.4,Y
078010,Horsham,Vic,2009,1,0.0,Y
078010,Horsham,Vic,2009,2,0.4,Y
078010,Horsham,Vic,2009,3,8.0,Y
078010,Horsham,Vic,2009,4,23.4,Y
078010,Horsham,Vic,2009,5,55.2,Y
078010,Horsham,Vic,2009,6,52.0,Y
078010,Horsham,Vic,2009,7,53.8,Y
078010,Horsham,Vic,2009,8,40.8,Y
078010,Horsham,Vic,2009,9,54.2,Y
078010,Horsham,Vic,2009,10,19.4,Y
078010,Horsham,Vic,2009,11,53.4,Y
078010,Horsham,Vic,2009,12,28.4,Y
078010,Horsham,Vic,2010,1,4.2,Y
078010,Horsham,Vic,2010,2,36.6,Y
078010,Horsham,Vic,2010,3,34.6,Y
078010,Horsham,Vic,2010,4,21.2,Y
078010,Horsham,Vic,2010,5,28.2,Y
078010,Horsham,Vic,2010,6,20.2,N
078010,Horsham,Vic,2010,7,44.4,Y
078010,Horsham,Vic,2010,8,76.0,Y
078010,Horsham,Vic,2010,9,77.2,Y
078010,Horsham,Vic,2010,10,59.2,Y
078010,Horsham,Vic,2010,11,48.2,Y
078010,Horsham,Vic,2010,12,141.0,Y
078010,Horsham,Vic,2011,1,155.0,Y
078010,Horsham,Vic,2011,2,38.4,Y
078010,Horsham,Vic,2011,3,31.8,Y
078010,Horsham,Vic,2011,4,8.2,Y
078010,Horsham,Vic,2011,5,24.8,Y
078010,Horsham,Vic,2011,6,20.0,Y
078010,Horsham,Vic,2011,7,33.4,Y
078010,Horsham,Vic,2011,8,33.2,Y
078010,Horsham,Vic,2011,9,19.6,Y
078010,Horsham,Vic,2011,10,34.2,Y
078010,Horsham,Vic,2011,11,80.8,Y
078010,Horsham,Vic,2011,12,28.8,Y
078010,Horsham,Vic,2012,1,13.4,Y
078010,Horsham,Vic,2012,2,7.0,Y
078010,Horsham,Vic,2012,3,32.6,Y
078010,Horsham,Vic,2012,4,6.6,Y
078010,Horsham,Vic,2012,5,9.4,Y
078010,Horsham,Vic,2012,6,47.6,Y
078010,Horsham,Vic,2012,7,41.8,Y
078010,Horsham,Vic,2012,8,33.0,Y
078010,Horsham,Vic,2012,9,26.0,Y
078010,Horsham,Vic,2012,10,12.6,Y
078010,Horsham,Vic,2012,11,8.6,Y
078010,Horsham,Vic,2012,12,23.6,Y
078010,Horsham,Vic,2013,1,2.6,Y
078010,Horsham,Vic,2013,2,26.6,Y
078010,Horsham,Vic,2013,3,3.2,Y
078010,Horsham,Vic,2013,4,11.6,Y
078010,Horsham,Vic,2013,5,33.6,Y
078010,Horsham,Vic,2013,6,81.6,Y
078010,Horsham,Vic,2013,7,67.2,Y
078010,Horsham,Vic,2013,8,53.8,Y
078010,Horsham,Vic,2013,9,44.6,Y
078010,Horsham,Vic,2013,10,30.0,Y
078010,Horsham,Vic,2013,11,10.0,Y
078010,Horsham,Vic,2013,12,13.4,Y
078010,Horsham,Vic,2014,1,9.4,Y
078010,Horsham,Vic,2014,2,8.0,Y
078010,Horsham,Vic,2014,3,16.0,Y
078010,Horsham,Vic,2014,4,62.4,Y
078010,Horsham,Vic,2014,5,38.4,Y
078010,Horsham,Vic,2014,6,35.6,Y
078010,Horsham,Vic,2014,7,37.0,Y
078010,Horsham,Vic,2014,8,14.4,Y
078010,Horsham,Vic,2014,9,12.2,Y
078010,Horsham,Vic,2014,10,7.8,Y
078010,Horsham,Vic,2014,11,12.4,Y
078010,Horsham,Vic,2014,12,15.6,Y
078010,Horsham,Vic,2015,1,67.2,Y
078010,Horsham,Vic,2015,2,7.2,Y
078010,Horsham,Vic,2015,3,3.8,Y
078010,Horsham,Vic,2015,4,19.0,Y
078010,Horsham,Vic,2015,5,22.8,Y
078010,Horsham,Vic,2015,6,44.2,Y
078010,Horsham,Vic,2015,7,27.8,Y
078010,Horsham,Vic,2015,8,11.0,Y
078010,Horsham,Vic,2015,9,24.4,Y
078010,Horsham,Vic,2015,10,2.6,Y
078010,Horsham,Vic,2015,11,18.8,Y
078010,Horsham,Vic,2015,12,7.0,Y
078010,Horsham,Vic,2016,1,52.2,Y
078010,Horsham,Vic,2016,2,20.0,Y
078010,Horsham,Vic,2016,3,23.8,Y
078010,Horsham,Vic,2016,4,7.2,Y
078010,Horsham,Vic,2016,5,57.4,Y
078010,Horsham,Vic,2016,6,33.6,Y
078010,Horsham,Vic,2016,7,52.2,Y
078010,Horsham,Vic,2016,8,39.0,Y
078010,Horsham,Vic,2016,9,101.2,Y
078010,Horsham,Vic,2016,10,67.4,Y
078010,Horsham,Vic,2016,11,13.8,Y
078010,Horsham,Vic,2016,12,36.8,Y
078010,Horsham,Vic,2017,1,23.4,Y
078010,Horsham,Vic,2017,2,20.4,Y
078010,Horsham,Vic,2017,3,15.2,Y
078010,Horsham,Vic,2017,4,46.2,Y
078010,Horsham,Vic,2017,5,54.8,Y
078010,Horsham,Vic,2017,6,8.6,Y
078010,Horsham,Vic,2017,7,40.8,Y
078010,Horsham,Vic,2017,8,59.8,Y
078010,Horsham,Vic,2017,9,21.6,Y
078010,Horsham,Vic,2017,10,45.6,Y
078010,Horsham,Vic,2017,11,37.4,Y
078010,Horsham,Vic,2017,12,44.6,Y
078010,Horsham,Vic,2018,1,10.0,Y
078010,Horsham,Vic,2018,2,4.6,Y
078010,Horsham,Vic,2018,3,15.0,Y
078010,Horsham,Vic,2018,4,6.6,Y
078010,Horsham,Vic,2018,5,42.8,Y
078010,Horsham,Vic,2018,6,30.6,Y
078010,Horsham,Vic,2018,7,29.2,Y
078010,Horsham,Vic,2018,8,47.4,Y
078010,Horsham,Vic,2018,9,2.4,Y
078010,Horsham,Vic,2018,10,23.6,Y
078010,Horsham,Vic,2018,11,20.0,Y
078010,Horsham,Vic,2018,12,87.2,Y
078010,Horsham,Vic,2019,1,0.6,Y
078010,Horsham,Vic,2019,2,7.0,Y
078010,Horsham,Vic,2019,3,2.8,Y
078010,Horsham,Vic,2019,4,2.2,N
078010,Horsham,Vic,2019,5,61.2,Y
078010,Horsham,Vic,2019,6,82.6,Y
078010,Horsham,Vic,2019,7,32.4,Y
078010,Horsham,Vic,2019,8,39.8,Y
078010,Horsham,Vic,2019,9,19.8,Y
078010,Horsham,Vic,2019,10,6.8,Y
078010,Horsham,Vic,2019,11,24.6,Y
078010,Horsham,Vic,2019,12,3.4,Y
078010,Horsham,Vic,2020,1,16.0,Y
078010,Horsham,Vic,2020,2,69.8,Y
078010,Horsham,Vic,2020,3,15.6,Y
078010,Horsham,Vic,2020,4,57.2,Y
078010,Horsham,Vic,2020,5,30.6,Y
078010,Horsham,Vic,2020,6,22.2,Y
078010,Horsham,Vic,2020,7,9.2,Y
078010,Horsham,Vic,2020,8,56.6,Y
078010,Horsham,Vic,2020,9,43.0,Y
078010,Horsham,Vic,2020,10,81.0,N
078010,Horsham,Vic,2020,11,12.0,Y
078010,Horsham,Vic,2020,12,15.6,Y
078010,Horsham,Vic,2021,1,35.2,Y
078010,Horsham,Vic,2021,2,5.2,Y
078010,Horsham,Vic,2021,3,11.4,Y
078010,Horsham,Vic,2021,4,4.8,Y
078010,Horsham,Vic,2021,5,26.4,Y
078010,Horsham,Vic,2021,6,47.8,Y
078010,Horsham,Vic,2021,7,50.6,Y
078010,Horsham,Vic,2021,8,25.0,Y
078010,Horsham,Vic,2021,9,40.8,Y
078010,Horsham,Vic,2021,10,46.0,N
078010,Horsham,Vic,2021,11,44.6,Y
078010,Horsham,Vic,2021,12,2.6,Y
078010,Horsham,Vic,2022,1,42.8,N
078010,Horsham,Vic,2022,2,23.0,Y
078010,Horsham,Vic,2022,3,26.6,Y
078010,Horsham,Vic,2022,4,57.4,Y
078010,Horsham,Vic,2022,5,39.6,N
078010,Horsham,Vic,2022,6,35.8,Y
078010,Horsham,Vic,2022,7,29.8,Y
078010,Horsham,Vic,2022,8,108.0,N
078010,Horsham,Vic,2022,9,78.4,Y
078010,Horsham,Vic,2022,10,120.4,Y
078010,Horsham,Vic,2022,11,78.0,Y
078010,Horsham,Vic,2022,12,6.8,Y
078010,Horsham,Vic,2023,1,5.2,Y
078010,Horsham,Vic,2023,2,13.8,Y
078010,Horsham,Vic,2023,3,23.2,Y
078010,Horsham,Vic,2023,4,35.4,Y
078010,Horsham,Vic,2023,5,28.4,Y
078010,Horsham,Vic,2023,6,69.4,Y
078010,Horsham,Vic,2023,7,24.8,Y
078010,Horsham,Vic,2023,8,32.4,Y
078010,Horsham,Vic,2023,9,10.0,Y
078010,Horsham,Vic,2023,10,17.6,Y
078010,Horsham,Vic,2023,11,46.8,Y
078010,Horsham,Vic,2023,12,64.2,Y
078010,Horsham,Vic,2024,1,74.4,Y
078010,Horsham,Vic,2024,2,0.0,Y
078010,Horsham,Vic,2024,3,1.4,Y
078010,Horsham,Vic,2024,4,22.6,Y
078010,Horsham,Vic,2024,5,23.8,Y
078010,Horsham,Vic,2024,6,52.0,Y
078010,Horsham,Vic,2024,7,24.8,Y
078010,Horsham,Vic,2024,8,24.0,Y
078010,Horsham,Vic,2024,9,13.6,Y
078010,Horsham,Vic,2024,10,9.2,Y
078010,Horsham,Vic,2024,11,22.2,Y
078010,Horsham,Vic,2024,12,24.2,Y
078010,Horsham,Vic,2025,1,12.6,Y
078010,Horsham,Vic,2025,2,1.0,Y
078010,Horsham,Vic,2025,3,12.0,Y
078010,Horsham,Vic,2025,4,6.2,Y
078010,Horsham,Vic,2025,5,3.4,Y
078010,Horsham,Vic,2025,6,49.8,N
078010,Horsham,Vic,2025,7,48.8,Y
078010,Horsham,Vic,2025,8,45.6,N
078010,Horsham,Vic,2025,9,17.0,N
078010,Horsham,Vic,2025,10,87.4,N
078010,Horsham,Vic,2025,11,57.4,N
078010,Horsham,Vic,2025,12,22.4,N
078010,Horsham,Vic,2026,1,0.0,Y
078010,Horsham,Vic,2026,2,57.8,N
078010,Horsham,Vic,2026,3,68.8,N
078010,Horsham,Vic,2026,4,9.8,N
078010,Horsham,Vic,2026,5,55.6,N
078010,Horsham,Vic,2026,6,61.0,N
078010,Horsham,Vic,2026,7,22.2,N
078010,Horsham,Vic,2026,8,51.2,N
078010,Horsham,Vic,2026,9,13.4,N
053018,Moree,NSW,1914,5,189.4,Y
053018,Moree,NSW,1914,6,15.1,Y
053018,Moree,NSW,1914,7,40.1,Y
053018,Moree,NSW,1914,8,5.3,Y
053018,Moree,NSW,1914,9,0.0,Y
053018,Moree,NSW,1914,10,44.7,Y
053018,Moree,NSW,1914,11,29.6,Y
053018,Moree,NSW,1914,12,86.6,Y
053018,Moree,NSW,1915,1,20.6,Y
053018,Moree,NSW,1915,2,23.1,Y
053018,Moree,NSW,1915,3,3.3,Y
053018,Moree,NSW,1915,4,6.9,Y
053018,Moree,NSW,1915,5,69.4,Y
053018,Moree,NSW,1915,6,22.4,Y
053018,Moree,NSW,1915,7,50.9,Y
053018,Moree,NSW,1915,8,1.5,Y
053018,Moree,NSW,1915,9,25.9,Y
053018,Moree,NSW,1915,10,22.9,Y
053018,Moree,NSW,1915,11,12.5,Y
053018,Moree,NSW,1915,12,70.5,Y
053018,Moree,NSW,1916,1,45.2,Y
053018,Moree,NSW,1916,2,91.1,Y
053018,Moree,NSW,1916,3,26.1,Y
053018,Moree,NSW,1916,4,93.6,Y
053018,Moree,NSW,1916,5,7.6,Y
053018,Moree,NSW,1916,6,63.4,Y
053018,Moree,NSW,1916,7,83.9,Y
053018,Moree,NSW,1916,8,42.3,Y
053018,Moree,NSW,1916,9,61.5,Y
053018,Moree,NSW,1916,10,47.7,Y
053018,Moree,NSW,1916,11,158.9,Y
053018,Moree,NSW,1916,12,183.0,Y
053018,Moree,NSW,1917,1,125.4,Y
053018,Moree,NSW,1917,2,105.2,Y
053018,Moree,NSW,1917,3,29.7,Y
053018,Moree,NSW,1917,4,9.1,Y
053018,Moree,NSW,1917,5,4.8,Y
053018,Moree,NSW,1917,6,25.7,Y
053018,Moree,NSW,1917,7,15.0,Y
053018,Moree,NSW,1917,8,16.3,Y
053018,Moree,NSW,1917,9,81.7,Y
053018,Moree,NSW,1917,10,40.3,Y
053018,Moree,NSW,1917,11,100.7,Y
053018,Moree,NSW,1917,12,80.9,Y
053018,Moree,NSW,1918,1,120.4,Y
053018,Moree,NSW,1918,2,8.9,Y
053018,Moree,NSW,1918,3,2.1,Y
053018,Moree,NSW,1918,4,50.4,Y
053018,Moree,NSW,1918,5,9.6,Y
053018,Moree,NSW,1918,6,27.1,Y
053018,Moree,NSW,1918,7,21.6,Y
053018,Moree,NSW,1918,8,84.8,Y
053018,Moree,NSW,1918,9,2.3,Y
053018,Moree,NSW,1918,10,19.8,Y
053018,Moree,NSW,1918,11,20.1,Y
053018,Moree,NSW,1918,12,7.1,Y
053018,Moree,NSW,1919,1,67.3,Y
053018,Moree,NSW,1919,2,39.2,Y
053018,Moree,NSW,1919,3,7.3,Y
053018,Moree,NSW,1919,4,46.8,Y
053018,Moree,NSW,1919,5,63.3,Y
053018,Moree,NSW,1919,6,1.0,Y
053018,Moree,NSW,1919,7,3.8,Y
053018,Moree,NSW,1919,8,18.5,Y
053018,Moree,NSW,1919,9,3.8,Y
053018,Moree,NSW,1919,10,18.3,Y
053018,Moree,NSW,1919,11,8.7,Y
053018,Moree,NSW,1919,12,97.8,Y
053018,Moree,NSW,1920,1,101.6,Y
053018,Moree,NSW,1920,2,88.2,Y
053018,Moree,NSW,1920,3,17.8,Y
053018,Moree,NSW,1920,4,17.7,Y
053018,Moree,NSW,1920,5,27.5,Y
053018,Moree,NSW,1920,6,92.2,Y
053018,Moree,NSW,1920,7,74.3,Y
053018,Moree,NSW,1920,8,32.9,Y
053018,Moree,NSW,1920,9,51.3,Y
053018,Moree,NSW,1920,10,53.8,Y
053018,Moree,NSW,1920,11,14.2,Y
053018,Moree,NSW,1920,12,74.4,Y
053018,Moree,NSW,1921,1,7.2,Y
053018,Moree,NSW,1921,2,21.1,Y
053018,Moree,NSW,1921,3,56.5,Y
053018,Moree,NSW,1921,4,13.0,Y
053018,Moree,NSW,1921,5,147.4,Y
053018,Moree,NSW,1921,6,166.1,Y
053018,Moree,NSW,1921,7,132.0,Y
053018,Moree,NSW,1921,8,11.2,Y
053018,Moree,NSW,1921,9,55.8,Y
053018,Moree,NSW,1921,10,50.4,Y
053018,Moree,NSW,1921,11,73.2,Y
053018,Moree,NSW,1921,12,189.5,Y
053018,Moree,NSW,1922,1,26.2,Y
053018,Moree,NSW,1922,2,41.2,Y
053018,Moree,NSW,1922,3,28.9,Y
053018,Moree,NSW,1922,4,24.1,Y
053018,Moree,NSW,1922,5,3.8,Y
053018,Moree,NSW,1922,6,40.2,Y
053018,Moree,NSW,1922,7,32.2,Y
053018,Moree,NSW,1922,8,4.3,Y
053018,Moree,NSW,1922,9,35.0,Y
053018,Moree,NSW,1922,10,37.1,Y
053018,Moree,NSW,1922,11,24.4,Y
053018,Moree,NSW,1922,12,155.7,Y
053018,Moree,NSW,1923,1,8.1,Y
053018,Moree,NSW,1923,2,2.3,Y
053018,Moree,NSW,1923,3,6.9,Y
053018,Moree,NSW,1923,4,21.6,Y
053018,Moree,NSW,1923,5,9.7,Y
053018,Moree,NSW,1923,6,56.7,Y
053018,Moree,NSW,1923,7,22.9,Y
053018,Moree,NSW,1923,8,0.0,Y
053018,Moree,NSW,1923,9,37.3,Y
053018,Moree,NSW,1923,10,32.8,Y
053018,Moree,NSW,1923,11,1.0,Y
053018,Moree,NSW,1923,12,84.7,Y
053018,Moree,NSW,1924,1,60.0,Y
053018,Moree,NSW,1924,2,149.2,Y
053018,Moree,NSW,1924,3,7.6,Y
053018,Moree,NSW,1924,4,105.4,Y
053018,Moree,NSW,1924,5,7.4,Y
053018,Moree,NSW,1924,6,62.3,Y
053018,Moree,NSW,1924,7,53.8,Y
053018,Moree,NSW,1924,8,80.0,Y
053018,Moree,NSW,1924,9,27.0,Y
053018,Moree,NSW,1924,10,33.8,Y
053018,Moree,NSW,1924,11,213.2,Y
053018,Moree,NSW,1924,12,8.9,Y
053018,Moree,NSW,1925,1,45.5,Y
053018,Moree,NSW,1925,2,14.2,Y
053018,Moree,NSW,1925,3,29.7,Y
053018,Moree,NSW,1925,4,1.8,Y
053018,Moree,NSW,1925,5,37.6,Y
053018,Moree,NSW,1925,6,8.7,Y
053018,Moree,NSW,1925,7,27.6,Y
053018,Moree,NSW,1925,8,34.6,Y
053018,Moree,NSW,1925,9,0.0,Y
053018,Moree,NSW,1925,10,9.6,Y
053018,Moree,NSW,1925,11,47.0,Y
053018,Moree,NSW,1925,12,60.3,Y
053018,Moree,NSW,1926,1,51.0,Y
053018,Moree,NSW,1926,2,17.5,Y
053018,Moree,NSW,1926,3,25.1,Y
053018,Moree,NSW,1926,4,65.0,Y
053018,Moree,NSW,1926,5,61.5,Y
053018,Moree,NSW,1926,6,25.7,Y
053018,Moree,NSW,1926,7,35.3,Y
053018,Moree,NSW,1926,8,10.2,Y
053018,Moree,NSW,1926,9,32.3,Y
053018,Moree,NSW,1926,10,15.8,Y
053018,Moree,NSW,1926,11,1.8,Y
053018,Moree,NSW,1926,12,94.0,Y
053018,Moree,NSW,1927,1,127.2,Y
053018,Moree,NSW,1927,2,19.6,Y
053018,Moree,NSW,1927,3,83.0,Y
053018,Moree,NSW,1927,4,43.5,Y
053018,Moree,NSW,1927,5,7.8,Y
053018,Moree,NSW,1927,6,41.2,Y
053018,Moree,NSW,1927,7,2.5,Y
053018,Moree,NSW,1927,8,12.7,Y
053018,Moree,NSW,1927,9,0.0,Y
053018,Moree,NSW,1927,10,51.1,Y
053018,Moree,NSW,1927,11,51.8,Y
053018,Moree,NSW,1927,12,61.0,Y
053018,Moree,NSW,1928,1,71.3,Y
053018,Moree,NSW,1928,2,171.5,Y
053018,Moree,NSW,1928,3,58.2,Y
053018,Moree,NSW,1928,4,77.3,Y
053018,Moree,NSW,1928,5,4.0,Y
053018,Moree,NSW,1928,6,93.3,Y
053018,Moree,NSW,1928,7,52.8,Y
053018,Moree,NSW,1928,8,0.0,Y
053018,Moree,NSW,1928,9,3.3,Y
053018,Moree,NSW,1928,10,8.6,Y
053018,Moree,NSW,1928,11,32.0,Y
053018,Moree,NSW,1928,12,10.8,Y
053018,Moree,NSW,1929,1,21.3,Y
053018,Moree,NSW,1929,2,40.0,Y
053018,Moree,NSW,1929,3,154.4,Y
053018,Moree,NSW,1929,4,6.1,Y
053018,Moree,NSW,1929,5,5.6,Y
053018,Moree,NSW,1929,6,29.2,Y
053018,Moree,NSW,1929,7,9.1,Y
053018,Moree,NSW,1929,8,30.6,Y
053018,Moree,NSW,1929,9,21.9,Y
053018,Moree,NSW,1929,10,30.0,Y
053018,Moree,NSW,1929,11,58.2,Y
053018,Moree,NSW,1929,12,38.4,Y
053018,Moree,NSW,1930,1,25.4,Y
053018,Moree,NSW,1930,2,6.3,Y
053018,Moree,NSW,1930,3,41.3,Y
053018,Moree,NSW,1930,4,63.7,Y
053018,Moree,NSW,1930,5,35.2,Y
053018,Moree,NSW,1930,6,78.6,Y
053018,Moree,NSW,1930,7,49.2,Y
053018,Moree,NSW,1930,8,53.1,Y
053018,Moree,NSW,1930,9,23.9,Y
053018,Moree,NSW,1930,10,54.9,Y
053018,Moree,NSW,1930,11,31.7,Y
053018,Moree,NSW,1930,12,21.5,Y
053018,Moree,NSW,1931,1,27.2,Y
053018,Moree,NSW,1931,2,24.4,Y
053018,Moree,NSW,1931,3,233.6,Y
053018,Moree,NSW,1931,4,45.5,Y
053018,Moree,NSW,1931,5,41.7,Y
053018,Moree,NSW,1931,6,51.1,Y
053018,Moree,NSW,1931,7,26.8,Y
053018,Moree,NSW,1931,8,3.0,Y
053018,Moree,NSW,1931,9,37.8,Y
053018,Moree,NSW,1931,10,20.0,Y
053018,Moree,NSW,1931,11,72.8,Y
053018,Moree,NSW,1931,12,107.2,Y
053018,Moree,NSW,1932,1,12.2,Y
053018,Moree,NSW,1932,2,6.6,Y
053018,Moree,NSW,1932,3,38.6,Y
053018,Moree,NSW,1932,4,52.8,Y
053018,Moree,NSW,1932,5,28.2,Y
053018,Moree,NSW,1932,6,33.9,Y
053018,Moree,NSW,1932,7,46.4,Y
053018,Moree,NSW,1932,8,4.1,Y
053018,Moree,NSW,1932,9,98.0,Y
053018,Moree,NSW,1932,10,37.9,Y
053018,Moree,NSW,1932,11,68.2,Y
053018,Moree,NSW,1932,12,35.8,Y
053018,Moree,NSW,1933,1,72.0,Y
053018,Moree,NSW,1933,2,27.0,Y
053018,Moree,NSW,1933,3,8.4,Y
053018,Moree,NSW,1933,4,31.3,Y
053018,Moree,NSW,1933,5,36.0,Y
053018,Moree,NSW,1933,6,53.8,Y
053018,Moree,NSW,1933,7,84.1,Y
053018,Moree,NSW,1933,8,48.6,Y
053018,Moree,NSW,1933,9,50.4,Y
053018,Moree,NSW,1933,10,48.5,Y
053018,Moree,NSW,1933,11,112.8,Y
053018,Moree,NSW,1933,12,40.6,Y
053018,Moree,NSW,1934,1,25.4,Y
053018,Moree,NSW,1934,2,180.7,Y
053018,Moree,NSW,1934,3,2.8,Y
053018,Moree,NSW,1934,4,10.7,Y
053018,Moree,NSW,1934,5,36.6,Y
053018,Moree,NSW,1934,6,22.4,Y
053018,Moree,NSW,1934,7,40.9,Y
053018,Moree,NSW,1934,8,61.6,Y
053018,Moree,NSW,1934,9,25.4,Y
053018,Moree,NSW,1934,10,116.2,Y
053018,Moree,NSW,1934,11,18.2,Y
053018,Moree,NSW,1934,12,141.5,Y
053018,Moree,NSW,1935,1,80.5,Y
053018,Moree,NSW,1935,2,18.3,Y
053018,Moree,NSW,1935,3,0.0,Y
053018,Moree,NSW,1935,4,21.0,Y
053018,Moree,NSW,1935,5,18.8,Y
053018,Moree,NSW,1935,6,17.0,Y
053018,Moree,NSW,1935,7,29.9,Y
053018,Moree,NSW,1935,8,10.4,Y
053018,Moree,NSW,1935,9,62.1,Y
053018,Moree,NSW,1935,10,30.9,Y
053018,Moree,NSW,1935,11,12.2,Y
053018,Moree,NSW,1935,12,9.9,Y
053018,Moree,NSW,1936,1,93.9,Y
053018,Moree,NSW,1936,2,35.1,Y
053018,Moree,NSW,1936,3,54.8,Y
053018,Moree,NSW,1936,4,1.5,Y
053018,Moree,NSW,1936,5,48.2,Y
053018,Moree,NSW,1936,6,17.1,Y
053018,Moree,NSW,1936,7,88.3,Y
053018,Moree,NSW,1936,8,35.8,Y
053018,Moree,NSW,1936,9,39.1,Y
053018,Moree,NSW,1936,10,6.0,Y
053018,Moree,NSW,1936,11,3.0,Y
053018,Moree,NSW,1936,12,99.3,Y
053018,Moree,NSW,1937,1,69.5,Y
053018,Moree,NSW,1937,2,34.3,Y
053018,Moree,NSW,1937,3,203.3,Y
053018,Moree,NSW,1937,4,2.8,Y
053018,Moree,NSW,1937,5,2.1,Y
053018,Moree,NSW,1937,6,70.6,Y
053018,Moree,NSW,1937,7,16.0,Y
053018,Moree,NSW,1937,8,10.6,Y
053018,Moree,NSW,1937,9,7.1,Y
053018,Moree,NSW,1937,10,24.9,Y
053018,Moree,NSW,1937,11,91.6,Y
053018,Moree,NSW,1937,12,33.2,Y
053018,Moree,NSW,1938,1,22.8,Y
053018,Moree,NSW,1938,2,144.6,Y
053018,Moree,NSW,1938,3,8.1,Y
053018,Moree,NSW,1938,4,27.5,Y
053018,Moree,NSW,1938,5,148.1,Y
053018,Moree,NSW,1938,6,29.7,Y
053018,Moree,NSW,1938,7,14.8,Y
053018,Moree,NSW,1938,8,32.3,Y
053018,Moree,NSW,1938,9,20.0,Y
053018,Moree,NSW,1938,10,67.3,Y
053018,Moree,NSW,1938,11,93.0,Y
053018,Moree,NSW,1938,12,2.1,Y
053018,Moree,NSW,1939,1,63.1,Y
053018,Moree,NSW,1939,2,7.6,Y
053018,Moree,NSW,1939,3,53.1,Y
053018,Moree,NSW,1939,4,56.8,Y
053018,Moree,NSW,1939,5,5.3,Y
053018,Moree,NSW,1939,6,36.1,Y
053018,Moree,NSW,1939,7,78.2,Y
053018,Moree,NSW,1939,8,62.0,Y
053018,Moree,NSW,1939,9,18.8,Y
053018,Moree,NSW,1939,10,17.3,Y
053018,Moree,NSW,1939,11,44.7,Y
053018,Moree,NSW,1939,12,12.4,Y
053018,Moree,NSW,1940,1,26.8,Y
053018,Moree,NSW,1940,2,75.6,Y
053018,Moree,NSW,1940,3,107.2,Y
053018,Moree,NSW,1940,4,15.3,Y
053018,Moree,NSW,1940,5,6.2,Y
053018,Moree,NSW,1940,6,0.8,Y
053018,Moree,NSW,1940,7,1.3,Y
053018,Moree,NSW,1940,8,6.6,Y
053018,Moree,NSW,1940,9,28.2,Y
053018,Moree,NSW,1940,10,9.2,Y
053018,Moree,NSW,1940,11,35.8,Y
053018,Moree,NSW,1940,12,101.0,Y
053018,Moree,NSW,1941,1,141.0,Y
053018,Moree,NSW,1941,2,62.9,Y
053018,Moree,NSW,1941,3,94.9,Y
053018,Moree,NSW,1941,4,5.6,Y
053018,Moree,NSW,1941,5,4.9,Y
053018,Moree,NSW,1941,6,22.9,Y
053018,Moree,NSW,1941,7,9.1,Y
053018,Moree,NSW,1941,8,3.3,Y
053018,Moree,NSW,1941,9,4.5,Y
053018,Moree,NSW,1941,10,36.1,Y
053018,Moree,NSW,1941,11,45.8,Y
053018,Moree,NSW,1941,12,3.6,Y
053018,Moree,NSW,1942,1,42.0,Y
053018,Moree,NSW,1942,2,55.6,Y
053018,Moree,NSW,1942,3,38.5,Y
053018,Moree,NSW,1942,4,0.0,Y
053018,Moree,NSW,1942,5,33.6,Y
053018,Moree,NSW,1942,6,46.3,Y
053018,Moree,NSW,1942,7,61.2,Y
053018,Moree,NSW,1942,8,6.8,Y
053018,Moree,NSW,1942,9,11.8,Y
053018,Moree,NSW,1942,10,65.9,Y
053018,Moree,NSW,1942,11,26.4,Y
053018,Moree,NSW,1942,12,172.4,Y
053018,Moree,NSW,1943,1,34.9,Y
053018,Moree,NSW,1943,2,0.8,Y
053018,Moree,NSW,1943,3,0.0,Y
053018,Moree,NSW,1943,4,59.4,Y
053018,Moree,NSW,1943,5,34.7,Y
053018,Moree,NSW,1943,6,24.9,Y
053018,Moree,NSW,1943,7,21.3,Y
053018,Moree,NSW,1943,8,39.1,Y
053018,Moree,NSW,1943,9,30.4,Y
053018,Moree,NSW,1943,10,24.2,Y
053018,Moree,NSW,1943,11,98.8,Y
053018,Moree,NSW,1943,12,140.0,Y
053018,Moree,NSW,1944,1,48.3,Y
053018,Moree,NSW,1944,2,10.7,Y
053018,Moree,NSW,1944,3,17.3,Y
053018,Moree,NSW,1944,4,9.1,Y
053018,Moree,NSW,1944,5,21.9,Y
053018,Moree,NSW,1944,6,12.4,Y
053018,Moree,NSW,1944,7,47.3,Y
053018,Moree,NSW,1944,8,87.9,Y
053018,Moree,NSW,1944,9,22.8,Y
053018,Moree,NSW,1944,10,15.7,Y
053018,Moree,NSW,1944,11,10.7,Y
053018,Moree,NSW,1944,12,31.2,Y
053018,Moree,NSW,1945,1,68.5,Y
053018,Moree,NSW,1945,2,82.8,Y
053018,Moree,NSW,1945,3,8.1,Y
053018,Moree,NSW,1945,4,13.1,Y
053018,Moree,NSW,1945,5,42.3,Y
053018,Moree,NSW,1945,6,121.8,Y
053018,Moree,NSW,1945,7,41.2,Y
053018,Moree,NSW,1945,8,25.6,Y
053018,Moree,NSW,1945,9,2.0,Y
053018,Moree,NSW,1945,10,6.2,Y
053018,Moree,NSW,1945,11,29.8,Y
053018,Moree,NSW,1945,12,29.4,Y
053018,Moree,NSW,1946,1,149.3,Y
053018,Moree,NSW,1946,2,13.0,Y
053018,Moree,NSW,1946,3,14.3,Y
053018,Moree,NSW,1946,4,43.7,Y
053018,Moree,NSW,1946,5,7.1,Y
053018,Moree,NSW,1946,6,5.8,Y
053018,Moree,NSW,1946,7,2.0,Y
053018,Moree,NSW,1946,8,0.0,Y
053018,Moree,NSW,1946,9,99.6,Y
053018,Moree,NSW,1946,10,2.0,Y
053018,Moree,NSW,1946,11,66.6,Y
053018,Moree,NSW,1946,12,36.1,Y
053018,Moree,NSW,1947,1,38.8,Y
053018,Moree,NSW,1947,2,210.5,Y
053018,Moree,NSW,1947,3,78.5,Y
053018,Moree,NSW,1947,4,46.2,Y
053018,Moree,NSW,1947,5,31.3,Y
053018,Moree,NSW,1947,6,21.3,Y
053018,Moree,NSW,1947,7,17.9,Y
053018,Moree,NSW,1947,8,52.8,Y
053018,Moree,NSW,1947,9,42.3,Y
053018,Moree,NSW,1947,10,55.0,Y
053018,Moree,NSW,1947,11,98.6,Y
053018,Moree,NSW,1947,12,58.1,Y
053018,Moree,NSW,1948,1,48.6,Y
053018,Moree,NSW,1948,2,31.3,Y
053018,Moree,NSW,1948,3,83.8,Y
053018,Moree,NSW,1948,4,16.7,Y
053018,Moree,NSW,1948,5,44.0,Y
053018,Moree,NSW,1948,6,103.4,Y
053018,Moree,NSW,1948,7,61.6,Y
053018,Moree,NSW,1948,8,13.2,Y
053018,Moree,NSW,1948,9,59.6,Y
053018,Moree,NSW,1948,10,20.1,Y
053018,Moree,NSW,1948,11,57.2,Y
053018,Moree,NSW,1948,12,53.4,Y
053018,Moree,NSW,1949,1,52.5,Y
053018,Moree,NSW,1949,2,130.5,Y
053018,Moree,NSW,1949,3,17.5,Y
053018,Moree,NSW,1949,4,29.2,Y
053018,Moree,NSW,1949,5,0.0,Y
053018,Moree,NSW,1949,6,52.3,Y
053018,Moree,NSW,1949,7,24.3,Y
053018,Moree,NSW,1949,8,10.4,Y
053018,Moree,NSW,1949,9,62.3,Y
053018,Moree,NSW,1949,10,142.9,Y
053018,Moree,NSW,1949,11,64.3,Y
053018,Moree,NSW,1949,12,15.7,Y
053018,Moree,NSW,1950,1,77.3,Y
053018,Moree,NSW,1950,2,120.5,Y
053018,Moree,NSW,1950,3,52.7,Y
053018,Moree,NSW,1950,4,29.0,Y
053018,Moree,NSW,1950,5,26.5,Y
053018,Moree,NSW,1950,6,153.6,Y
053018,Moree,NSW,1950,7,188.7,Y
053018,Moree,NSW,1950,8,5.1,Y
053018,Moree,NSW,1950,9,43.8,Y
053018,Moree,NSW,1950,10,142.1,Y
053018,Moree,NSW,1950,11,165.4,Y
053018,Moree,NSW,1950,12,21.6,Y
053018,Moree,NSW,1951,1,148.9,Y
053018,Moree,NSW,1951,2,22.8,Y
053018,Moree,NSW,1951,3,33.4,Y
053018,Moree,NSW,1951,4,2.8,Y
053018,Moree,NSW,1951,5,15.8,Y
053018,Moree,NSW,1951,6,65.9,Y
053018,Moree,NSW,1951,7,0.0,Y
053018,Moree,NSW,1951,8,26.8,Y
053018,Moree,NSW,1951,9,33.6,Y
053018,Moree,NSW,1951,10,34.8,Y
053018,Moree,NSW,1951,11,10.4,Y
053018,Moree,NSW,1951,12,3.1,Y
053018,Moree,NSW,1952,1,31.2,Y
053018,Moree,NSW,1952,2,115.8,Y
053018,Moree,NSW,1952,3,49.5,Y
053018,Moree,NSW,1952,4,50.0,Y
053018,Moree,NSW,1952,5,79.3,Y
053018,Moree,NSW,1952,6,20.9,Y
053018,Moree,NSW,1952,7,49.3,Y
053018,Moree,NSW,1952,8,45.7,Y
053018,Moree,NSW,1952,9,16.3,Y
053018,Moree,NSW,1952,10,164.9,Y
053018,Moree,NSW,1952,11,12.2,Y
053018,Moree,NSW,1952,12,17.8,Y
053018,Moree,NSW,1953,1,27.4,Y
053018,Moree,NSW,1953,2,271.6,Y
053018,Moree,NSW,1953,3,35.5,Y
053018,Moree,NSW,1953,4,50.9,Y
053018,Moree,NSW,1953,5,41.2,Y
053018,Moree,NSW,1953,6,0.0,Y
053018,Moree,NSW,1953,7,11.1,Y
053018,Moree,NSW,1953,8,86.7,Y
053018,Moree,NSW,1953,9,9.1,Y
053018,Moree,NSW,1953,10,32.0,Y
053018,Moree,NSW,1953,11,47.0,Y
053018,Moree,NSW,1953,12,3.8,Y
053018,Moree,NSW,1954,1,44.0,Y
053018,Moree,NSW,1954,2,234.4,Y
053018,Moree,NSW,1954,3,0.0,Y
053018,Moree,NSW,1954,4,0.0,Y
053018,Moree,NSW,1954,5,17.5,Y
053018,Moree,NSW,1954,6,23.9,Y
053018,Moree,NSW,1954,7,75.8,Y
053018,Moree,NSW,1954,8,50.4,Y
053018,Moree,NSW,1954,9,15.5,Y
053018,Moree,NSW,1954,10,142.2,Y
053018,Moree,NSW,1954,11,107.1,Y
053018,Moree,NSW,1954,12,42.2,Y
053018,Moree,NSW,1955,1,118.2,Y
053018,Moree,NSW,1955,2,210.2,Y
053018,Moree,NSW,1955,3,12.0,Y
053018,Moree,NSW,1955,4,69.8,Y
053018,Moree,NSW,1955,5,33.1,Y
053018,Moree,NSW,1955,6,18.8,Y
053018,Moree,NSW,1955,7,43.7,Y
053018,Moree,NSW,1955,8,39.9,Y
053018,Moree,NSW,1955,9,11.7,Y
053018,Moree,NSW,1955,10,88.7,Y
053018,Moree,NSW,1955,11,20.3,Y
053018,Moree,NSW,1955,12,52.4,Y
053018,Moree,NSW,1956,1,121.8,Y
053018,Moree,NSW,1956,2,189.8,Y
053018,Moree,NSW,1956,3,42.7,Y
053018,Moree,NSW,1956,4,63.7,Y
053018,Moree,NSW,1956,5,111.8,Y
053018,Moree,NSW,1956,6,70.9,Y
053018,Moree,NSW,1956,7,34.9,Y
053018,Moree,NSW,1956,8,1.5,Y
053018,Moree,NSW,1956,9,29.1,Y
053018,Moree,NSW,1956,10,38.8,Y
053018,Moree,NSW,1956,11,35.2,Y
053018,Moree,NSW,1956,12,47.4,Y
053018,Moree,NSW,1957,1,42.9,Y
053018,Moree,NSW,1957,2,82.3,Y
053018,Moree,NSW,1957,3,66.3,Y
053018,Moree,NSW,1957,4,39.4,Y
053018,Moree,NSW,1957,5,0.0,Y
053018,Moree,NSW,1957,6,42.5,Y
053018,Moree,NSW,1957,7,5.2,Y
053018,Moree,NSW,1957,8,7.6,Y
053018,Moree,NSW,1957,9,2.0,Y
053018,Moree,NSW,1957,10,42.9,Y
053018,Moree,NSW,1957,11,17.2,Y
053018,Moree,NSW,1957,12,32.1,Y
053018,Moree,NSW,1958,1,89.9,Y
053018,Moree,NSW,1958,2,50.1,Y
053018,Moree,NSW,1958,3,145.1,Y
053018,Moree,NSW,1958,4,56.1,Y
053018,Moree,NSW,1958,5,7.9,Y
053018,Moree,NSW,1958,6,91.5,Y
053018,Moree,NSW,1958,7,7.2,Y
053018,Moree,NSW,1958,8,45.3,Y
053018,Moree,NSW,1958,9,66.3,Y
053018,Moree,NSW,1958,10,28.1,Y
053018,Moree,NSW,1958,11,28.4,Y
053018,Moree,NSW,1958,12,80.8,Y
053018,Moree,NSW,1959,1,202.9,Y
053018,Moree,NSW,1959,2,136.4,Y
053018,Moree,NSW,1959,3,65.1,Y
053018,Moree,NSW,1959,4,6.4,Y
053018,Moree,NSW,1959,5,38.2,Y
053018,Moree,NSW,1959,6,3.0,Y
053018,Moree,NSW,1959,7,86.4,Y
053018,Moree,NSW,1959,8,0.3,Y
053018,Moree,NSW,1959,9,28.7,Y
053018,Moree,NSW,1959,10,74.5,Y
053018,Moree,NSW,1959,11,120.7,Y
053018,Moree,NSW,1959,12,57.2,Y
053018,Moree,NSW,1960,1,93.2,Y
053018,Moree,NSW,1960,2,51.8,Y
053018,Moree,NSW,1960,3,31.8,Y
053018,Moree,NSW,1960,4,15.6,Y
053018,Moree,NSW,1960,5,42.4,Y
053018,Moree,NSW,1960,6,18.5,Y
053018,Moree,NSW,1960,7,58.6,Y
053018,Moree,NSW,1960,8,36.1,Y
053018,Moree,NSW,1960,9,33.1,Y
053018,Moree,NSW,1960,10,31.7,Y
053018,Moree,NSW,1960,11,30.3,Y
053018,Moree,NSW,1960,12,66.0,Y
053018,Moree,NSW,1961,1,61.8,Y
053018,Moree,NSW,1961,2,71.4,Y
053018,Moree,NSW,1961,3,78.7,Y
053018,Moree,NSW,1961,4,23.9,Y
053018,Moree,NSW,1961,5,19.9,Y
053018,Moree,NSW,1961,6,24.1,Y
053018,Moree,NSW,1961,7,42.6,Y
053018,Moree,NSW,1961,8,32.1,Y
053018,Moree,NSW,1961,9,6.6,Y
053018,Moree,NSW,1961,10,24.1,Y
053018,Moree,NSW,1961,11,152.1,Y
053018,Moree,NSW,1961,12,85.6,Y
053018,Moree,NSW,1962,1,175.9,Y
053018,Moree,NSW,1962,2,33.1,Y
053018,Moree,NSW,1962,3,163.5,Y
053018,Moree,NSW,1962,4,57.2,Y
053018,Moree,NSW,1962,5,17.8,Y
053018,Moree,NSW,1962,6,2.9,Y
053018,Moree,NSW,1962,7,37.5,Y
053018,Moree,NSW,1962,8,43.9,Y
053018,Moree,NSW,1962,9,35.8,Y
053018,Moree,NSW,1962,10,17.2,Y
053018,Moree,NSW,1962,11,32.8,Y
053018,Moree,NSW,1962,12,113.6,Y
053018,Moree,NSW,1963,1,117.9,Y
053018,Moree,NSW,1963,2,13.9,Y
053018,Moree,NSW,1963,3,197.6,Y
053018,Moree,NSW,1963,4,3.3,Y
053018,Moree,NSW,1963,5,103.4,Y
053018,Moree,NSW,1963,6,27.2,Y
053018,Moree,NSW,1963,7,2.6,Y
053018,Moree,NSW,1963,8,71.7,Y
053018,Moree,NSW,1963,9,13.0,Y
053018,Moree,NSW,1963,10,8.1,Y
053018,Moree,NSW,1963,11,170.8,Y
053018,Moree,NSW,1963,12,142.3,Y
053018,Moree,NSW,1964,1,70.7,Y
053018,Moree,NSW,1964,2,46.8,Y
053018,Moree,NSW,1964,3,22.8,Y
053018,Moree,NSW,1964,4,47.6,Y
053018,Moree,NSW,1964,5,49.8,Y
053018,Moree,NSW,1964,6,8.3,Y
053018,Moree,NSW,1964,7,29.9,Y
053018,Moree,NSW,1964,8,25.9,Y
053018,Moree,NSW,1964,9,57.9,Y
053018,Moree,NSW,1964,10,70.8,Y
053018,Moree,NSW,1964,11,25.7,Y
053018,Moree,NSW,1964,12,46.1,Y
053018,Moree,NSW,1965,1,60.5,Y
053018,Moree,NSW,1965,2,4.9,Y
053018,Moree,NSW,1965,3,1.6,Y
053018,Moree,NSW,1965,4,4.1,Y
053018,Moree,NSW,1965,5,1.5,Y
053018,Moree,NSW,1965,6,8.8,Y
053018,Moree,NSW,1965,7,24.1,Y
053018,Moree,NSW,1965,8,14.5,Y
053018,Moree,NSW,1965,9,20.2,Y
053018,Moree,NSW,1965,10,25.0,Y
053018,Moree,NSW,1965,11,3.8,Y
053018,Moree,NSW,1965,12,105.2,Y
053018,Moree,NSW,1966,1,50.8,Y
053018,Moree,NSW,1966,2,20.7,Y
053018,Moree,NSW,1966,3,19.9,Y
053018,Moree,NSW,1966,4,18.1,Y
053018,Moree,NSW,1966,5,8.6,Y
053018,Moree,NSW,1966,6,40.3,Y
053018,Moree,NSW,1966,7,27.7,Y
053018,Moree,NSW,1966,8,174.7,Y
053018,Moree,NSW,1966,9,24.1,Y
053018,Moree,NSW,1966,10,25.8,Y
053018,Moree,NSW,1966,11,40.9,Y
053018,Moree,NSW,1966,12,54.8,Y
053018,Moree,NSW,1967,1,29.7,Y
053018,Moree,NSW,1967,2,9.7,Y
053018,Moree,NSW,1967,3,107.9,Y
053018,Moree,NSW,1967,4,5.3,Y
053018,Moree,NSW,1967,5,27.2,Y
053018,Moree,NSW,1967,6,68.6,Y
053018,Moree,NSW,1967,7,24.2,Y
053018,Moree,NSW,1967,8,13.9,Y
053018,Moree,NSW,1967,9,2.1,Y
053018,Moree,NSW,1967,10,31.4,Y
053018,Moree,NSW,1967,11,4.6,Y
053018,Moree,NSW,1967,12,25.0,Y
053018,Moree,NSW,1968,1,136.5,Y
053018,Moree,NSW,1968,2,49.3,Y
053018,Moree,NSW,1968,3,74.5,Y
053018,Moree,NSW,1968,4,23.1,Y
053018,Moree,NSW,1968,5,64.1,Y
053018,Moree,NSW,1968,6,12.9,Y
053018,Moree,NSW,1968,7,50.9,Y
053018,Moree,NSW,1968,8,63.3,Y
053018,Moree,NSW,1968,9,10.4,Y
053018,Moree,NSW,1968,10,10.6,Y
053018,Moree,NSW,1968,11,5.8,Y
053018,Moree,NSW,1968,12,54.4,Y
053018,Moree,NSW,1969,1,29.8,Y
053018,Moree,NSW,1969,2,5.1,Y
053018,Moree,NSW,1969,3,29.6,Y
053018,Moree,NSW,1969,4,33.1,Y
053018,Moree,NSW,1969,5,107.0,Y
053018,Moree,NSW,1969,6,21.5,Y
053018,Moree,NSW,1969,7,27.0,Y
053018,Moree,NSW,1969,8,35.2,Y
053018,Moree,NSW,1969,9,48.2,Y
053018,Moree,NSW,1969,10,106.1,Y
053018,Moree,NSW,1969,11,98.3,Y
053018,Moree,NSW,1969,12,11.2,Y
053018,Moree,NSW,1970,1,132.3,Y
053018,Moree,NSW,1970,2,76.0,Y
053018,Moree,NSW,1970,3,2.3,Y
053018,Moree,NSW,1970,4,41.9,Y
053018,Moree,NSW,1970,5,28.0,Y
053018,Moree,NSW,1970,6,6.7,Y
053018,Moree,NSW,1970,7,0.0,Y
053018,Moree,NSW,1970,8,26.2,Y
053018,Moree,NSW,1970,9,117.0,Y
053018,Moree,NSW,1970,10,59.2,Y
053018,Moree,NSW,1970,11,35.5,Y
053018,Moree,NSW,1970,12,305.3,Y
053018,Moree,NSW,1971,1,180.4,Y
053018,Moree,NSW,1971,2,76.2,Y
053018,Moree,NSW,1971,3,20.3,Y
053018,Moree,NSW,1971,4,18.3,Y
053018,Moree,NSW,1971,5,3.8,Y
053018,Moree,NSW,1971,6,2.3,Y
053018,Moree,NSW,1971,7,120.0,Y
053018,Moree,NSW,1971,8,104.9,Y
053018,Moree,NSW,1971,9,28.0,Y
053018,Moree,NSW,1971,10,13.7,Y
053018,Moree,NSW,1971,11,48.4,Y
053018,Moree,NSW,1971,12,60.2,Y
053018,Moree,NSW,1972,1,50.8,Y
053018,Moree,NSW,1972,2,22.1,Y
053018,Moree,NSW,1972,3,66.3,Y
053018,Moree,NSW,1972,4,82.3,Y
053018,Moree,NSW,1972,5,25.9,Y
053018,Moree,NSW,1972,6,15.0,Y
053018,Moree,NSW,1972,7,3.3,Y
053018,Moree,NSW,1972,8,43.8,Y
053018,Moree,NSW,1972,9,47.9,Y
053018,Moree,NSW,1972,10,88.1,Y
053018,Moree,NSW,1972,11,83.6,Y
053018,Moree,NSW,1972,12,14.2,Y
053018,Moree,NSW,1973,1,101.3,Y
053018,Moree,NSW,1973,2,104.4,Y
053018,Moree,NSW,1973,3,30.3,Y
053018,Moree,NSW,1973,4,5.3,Y
053018,Moree,NSW,1973,5,7.1,Y
053018,Moree,NSW,1973,6,8.4,Y
053018,Moree,NSW,1973,7,66.3,Y
053018,Moree,NSW,1973,8,27.6,Y
053018,Moree,NSW,1973,9,54.9,Y
053018,Moree,NSW,1973,10,47.7,Y
053018,Moree,NSW,1973,11,108.9,Y
053018,Moree,NSW,1973,12,135.6,Y
053018,Moree,NSW,1974,1,179.2,Y
053018,Moree,NSW,1974,2,15.8,Y
053018,Moree,NSW,1974,3,26.6,Y
053018,Moree,NSW,1974,4,56.6,Y
053018,Moree,NSW,1974,5,41.2,Y
053018,Moree,NSW,1974,6,26.8,Y
053018,Moree,NSW,1974,7,4.8,Y
053018,Moree,NSW,1974,8,27.3,Y
053018,Moree,NSW,1974,9,10.0,Y
053018,Moree,NSW,1974,10,25.8,Y
053018,Moree,NSW,1974,11,61.2,Y
053018,Moree,NSW,1974,12,14.4,Y
053018,Moree,NSW,1975,1,22.6,Y
053018,Moree,NSW,1975,2,130.4,Y
053018,Moree,NSW,1975,3,99.6,Y
053018,Moree,NSW,1975,4,13.4,Y
053018,Moree,NSW,1975,5,0.4,Y
053018,Moree,NSW,1975,6,35.4,Y
053018,Moree,NSW,1975,7,47.0,Y
053018,Moree,NSW,1975,8,27.6,Y
053018,Moree,NSW,1975,9,16.6,Y
053018,Moree,NSW,1975,10,92.2,Y
053018,Moree,NSW,1975,11,49.6,Y
053018,Moree,NSW,1975,12,67.6,Y
053018,Moree,NSW,1976,1,65.4,Y
053018,Moree,NSW,1976,2,372.6,Y
053018,Moree,NSW,1976,3,67.0,Y
053018,Moree,NSW,1976,4,2.0,Y
053018,Moree,NSW,1976,5,17.4,Y
053018,Moree,NSW,1976,6,46.8,Y
053018,Moree,NSW,1976,7,36.4,Y
053018,Moree,NSW,1976,8,9.8,Y
053018,Moree,NSW,1976,9,84.2,Y
053018,Moree,NSW,1976,10,56.8,Y
053018,Moree,NSW,1976,11,66.8,Y
053018,Moree,NSW,1976,12,51.0,Y
053018,Moree,NSW,1977,1,74.6,Y
053018,Moree,NSW,1977,2,149.8,Y
053018,Moree,NSW,1977,3,67.8,Y
053018,Moree,NSW,1977,4,61.7,Y
053018,Moree,NSW,1977,5,95.9,Y
053018,Moree,NSW,1977,6,6.4,Y
053018,Moree,NSW,1977,7,7.2,Y
053018,Moree,NSW,1977,8,15.0,Y
053018,Moree,NSW,1977,9,22.2,Y
053018,Moree,NSW,1977,10,22.0,Y
053018,Moree,NSW,1977,11,26.8,Y
053018,Moree,NSW,1977,12,21.0,Y
053018,Moree,NSW,1978,1,133.6,Y
053018,Moree,NSW,1978,2,19.6,Y
053018,Moree,NSW,1978,3,35.6,Y
053018,Moree,NSW,1978,4,10.0,Y
053018,Moree,NSW,1978,5,82.8,Y
053018,Moree,NSW,1978,6,83.0,Y
053018,Moree,NSW,1978,7,42.6,Y
053018,Moree,NSW,1978,8,42.2,Y
053018,Moree,NSW,1978,9,84.2,Y
053018,Moree,NSW,1978,10,30.2,Y
053018,Moree,NSW,1978,11,81.6,Y
053018,Moree,NSW,1978,12,107.0,Y
053018,Moree,NSW,1979,1,16.4,Y
053018,Moree,NSW,1979,2,21.2,Y
053018,Moree,NSW,1979,3,67.2,Y
053018,Moree,NSW,1979,4,20.4,Y
053018,Moree,NSW,1979,5,64.8,Y
053018,Moree,NSW,1979,6,37.0,Y
053018,Moree,NSW,1979,7,9.8,Y
053018,Moree,NSW,1979,8,13.8,Y
053018,Moree,NSW,1979,9,41.2,Y
053018,Moree,NSW,1979,10,108.6,Y
053018,Moree,NSW,1979,11,91.4,Y
053018,Moree,NSW,1979,12,8.8,Y
053018,Moree,NSW,1980,1,56.6,Y
053018,Moree,NSW,1980,2,13.2,Y
053018,Moree,NSW,1980,3,6.6,Y
053018,Moree,NSW,1980,4,6.2,Y
053018,Moree,NSW,1980,5,35.0,Y
053018,Moree,NSW,1980,6,6.2,Y
053018,Moree,NSW,1980,7,24.6,Y
053018,Moree,NSW,1980,8,8.6,Y
053018,Moree,NSW,1980,9,0.0,Y
053018,Moree,NSW,1980,10,101.6,Y
053018,Moree,NSW,1980,11,28.8,Y
053018,Moree,NSW,1980,12,75.2,Y
053018,Moree,NSW,1981,1,9.6,Y
053018,Moree,NSW,1981,2,44.2,Y
053018,Moree,NSW,1981,3,8.8,Y
053018,Moree,NSW,1981,4,15.0,Y
053018,Moree,NSW,1981,5,44.7,Y
053018,Moree,NSW,1981,6,71.8,Y
053018,Moree,NSW,1981,7,91.8,Y
053018,Moree,NSW,1981,8,8.8,Y
053018,Moree,NSW,1981,9,7.6,Y
053018,Moree,NSW,1981,10,36.2,Y
053018,Moree,NSW,1981,11,55.8,Y
053018,Moree,NSW,1981,12,75.8,Y
053018,Moree,NSW,1982,1,77.9,Y
053018,Moree,NSW,1982,2,27.0,Y
053018,Moree,NSW,1982,3,194.5,Y
053018,Moree,NSW,1982,4,7.4,Y
053018,Moree,NSW,1982,5,23.8,Y
053018,Moree,NSW,1982,6,5.4,Y
053018,Moree,NSW,1982,7,24.4,Y
053018,Moree,NSW,1982,8,0.0,Y
053018,Moree,NSW,1982,9,34.2,Y
053018,Moree,NSW,1982,10,29.2,Y
053018,Moree,NSW,1982,11,0.2,Y
053018,Moree,NSW,1982,12,43.0,Y
053018,Moree,NSW,1983,1,80.8,Y
053018,Moree,NSW,1983,2,2.8,Y
053018,Moree,NSW,1983,3,58.6,Y
053018,Moree,NSW,1983,4,104.0,Y
053018,Moree,NSW,1983,5,163.6,Y
053018,Moree,NSW,1983,6,67.6,Y
053018,Moree,NSW,1983,7,27.2,Y
053018,Moree,NSW,1983,8,41.0,Y
053018,Moree,NSW,1983,9,65.4,Y
053018,Moree,NSW,1983,10,73.0,Y
053018,Moree,NSW,1983,11,102.8,Y
053018,Moree,NSW,1983,12,42.0,Y
053018,Moree,NSW,1984,1,207.0,Y
053018,Moree,NSW,1984,2,74.8,Y
053018,Moree,NSW,1984,3,36.6,Y
053018,Moree,NSW,1984,4,83.2,Y
053018,Moree,NSW,1984,5,15.4,Y
053018,Moree,NSW,1984,6,51.4,Y
053018,Moree,NSW,1984,7,166.4,Y
053018,Moree,NSW,1984,8,24.6,Y
053018,Moree,NSW,1984,9,37.0,Y
053018,Moree,NSW,1984,10,75.8,Y
053018,Moree,NSW,1984,11,30.4,Y
053018,Moree,NSW,1984,12,29.8,Y
053018,Moree,NSW,1985,1,30.6,Y
053018,Moree,NSW,1985,2,28.2,Y
053018,Moree,NSW,1985,3,58.0,Y
053018,Moree,NSW,1985,4,33.4,Y
053018,Moree,NSW,1985,5,24.0,Y
053018,Moree,NSW,1985,6,6.4,Y
053018,Moree,NSW,1985,7,80.2,Y
053018,Moree,NSW,1985,8,80.6,Y
053018,Moree,NSW,1985,9,18.2,Y
053018,Moree,NSW,1985,10,61.0,Y
053018,Moree,NSW,1985,11,86.4,Y
053018,Moree,NSW,1985,12,108.2,Y
053018,Moree,NSW,1986,1,58.4,Y
053018,Moree,NSW,1986,2,27.4,Y
053018,Moree,NSW,1986,3,0.4,Y
053018,Moree,NSW,1986,4,2.6,Y
053018,Moree,NSW,1986,5,23.0,Y
053018,Moree,NSW,1986,6,1.2,Y
053018,Moree,NSW,1986,7,74.9,Y
053018,Moree,NSW,1986,8,48.4,Y
053018,Moree,NSW,1986,9,46.6,Y
053018,Moree,NSW,1986,10,26.2,Y
053018,Moree,NSW,1986,11,106.6,Y
053018,Moree,NSW,1986,12,19.2,Y
053018,Moree,NSW,1987,1,61.0,Y
053018,Moree,NSW,1987,2,40.2,Y
053018,Moree,NSW,1987,3,27.6,Y
053018,Moree,NSW,1987,4,1.0,Y
053018,Moree,NSW,1987,5,93.2,Y
053018,Moree,NSW,1987,6,14.8,Y
053018,Moree,NSW,1987,7,39.8,Y
053018,Moree,NSW,1987,8,57.4,Y
053018,Moree,NSW,1987,9,3.8,Y
053018,Moree,NSW,1987,10,51.8,Y
053018,Moree,NSW,1987,11,49.8,Y
053018,Moree,NSW,1987,12,82.2,Y
053018,Moree,NSW,1988,1,100.4,Y
053018,Moree,NSW,1988,2,94.0,Y
053018,Moree,NSW,1988,3,11.0,Y
053018,Moree,NSW,1988,4,335.4,Y
053018,Moree,NSW,1988,5,22.6,Y
053018,Moree,NSW,1988,6,20.4,Y
053018,Moree,NSW,1988,7,68.8,Y
053018,Moree,NSW,1988,8,39.4,Y
053018,Moree,NSW,1988,9,60.0,Y
053018,Moree,NSW,1988,10,10.4,Y
053018,Moree,NSW,1988,11,55.6,Y
053018,Moree,NSW,1988,12,32.6,Y
053018,Moree,NSW,1989,1,93.2,Y
053018,Moree,NSW,1989,2,30.8,Y
053018,Moree,NSW,1989,3,130.9,Y
053018,Moree,NSW,1989,4,89.0,Y
053018,Moree,NSW,1989,5,83.0,Y
053018,Moree,NSW,1989,6,47.6,Y
053018,Moree,NSW,1989,7,41.9,Y
053018,Moree,NSW,1989,8,3.0,Y
053018,Moree,NSW,1989,9,0.0,Y
053018,Moree,NSW,1989,10,17.6,Y
053018,Moree,NSW,1989,11,66.2,Y
053018,Moree,NSW,1989,12,77.2,Y
053018,Moree,NSW,1990,1,45.2,Y
053018,Moree,NSW,1990,2,50.8,Y
053018,Moree,NSW,1990,3,20.0,Y
053018,Moree,NSW,1990,4,137.4,Y
053018,Moree,NSW,1990,5,62.8,Y
053018,Moree,NSW,1990,6,39.8,Y
053018,Moree,NSW,1990,7,26.2,Y
053018,Moree,NSW,1990,8,9.8,Y
053018,Moree,NSW,1990,9,19.6,Y
053018,Moree,NSW,1990,10,22.8,Y
053018,Moree,NSW,1990,11,9.2,Y
053018,Moree,NSW,1990,12,48.0,Y
053018,Moree,NSW,1991,1,110.2,Y
053018,Moree,NSW,1991,2,43.2,Y
053018,Moree,NSW,1991,3,41.4,Y
053018,Moree,NSW,1991,4,3.4,Y
053018,Moree,NSW,1991,5,73.2,Y
053018,Moree,NSW,1991,6,16.0,Y
053018,Moree,NSW,1991,7,35.0,Y
053018,Moree,NSW,1991,8,0.0,Y
053018,Moree,NSW,1991,9,1.8,Y
053018,Moree,NSW,1991,10,5.0,Y
053018,Moree,NSW,1991,11,50.2,Y
053018,Moree,NSW,1991,12,117.4,Y
053018,Moree,NSW,1992,1,26.2,Y
053018,Moree,NSW,1992,2,173.6,Y
053018,Moree,NSW,1992,3,1.8,Y
053018,Moree,NSW,1992,4,37.0,Y
053018,Moree,NSW,1992,5,19.0,Y
053018,Moree,NSW,1992,6,3.8,Y
053018,Moree,NSW,1992,7,38.2,Y
053018,Moree,NSW,1992,8,60.2,Y
053018,Moree,NSW,1992,9,9.2,Y
053018,Moree,NSW,1992,10,33.2,Y
053018,Moree,NSW,1992,11,34.4,Y
053018,Moree,NSW,1992,12,50.0,Y
053018,Moree,NSW,1993,1,31.2,Y
053018,Moree,NSW,1993,2,113.4,Y
053018,Moree,NSW,1993,3,24.6,Y
053018,Moree,NSW,1993,4,0.0,Y
053018,Moree,NSW,1993,5,15.2,Y
053018,Moree,NSW,1993,6,56.6,Y
053018,Moree,NSW,1993,7,70.4,Y
053018,Moree,NSW,1993,8,36.0,Y
053018,Moree,NSW,1993,9,43.8,Y
053018,Moree,NSW,1993,10,71.2,Y
053018,Moree,NSW,1993,11,10.4,Y
053018,Moree,NSW,1993,12,74.2,Y
053018,Moree,NSW,1994,1,26.0,Y
053018,Moree,NSW,1994,2,164.8,Y
053018,Moree,NSW,1994,3,48.6,Y
053018,Moree,NSW,1994,4,1.6,Y
053018,Moree,NSW,1994,5,3.6,Y
053018,Moree,NSW,1994,6,15.6,Y
053018,Moree,NSW,1994,7,2.4,Y
053018,Moree,NSW,1994,8,41.8,Y
053018,Moree,NSW,1994,9,5.4,Y
053018,Moree,NSW,1994,10,18.4,Y
053018,Moree,NSW,1994,11,40.8,Y
053018,Moree,NSW,1994,12,35.2,Y
053018,Moree,NSW,1995,1,246.4,Y
053018,Moree,NSW,1995,2,67.4,Y
053018,Moree,NSW,1995,3,53.6,Y
053018,Moree,NSW,1995,4,1.4,Y
053018,Moree,NSW,1995,5,46.0,Y
053018,Moree,NSW,1995,6,54.4,Y
053018,Moree,NSW,1995,7,5.0,Y
053018,Moree,NSW,1995,8,0.2,Y
053018,Moree,NSW,1995,9,43.8,Y
053018,Moree,NSW,1995,10,51.4,Y
053018,Moree,NSW,1995,11,155.4,Y
053018,Moree,NSW,1995,12,54.4,Y
053018,Moree,NSW,1996,1,322.2,Y
053018,Moree,NSW,1996,2,60.6,Y
053018,Moree,NSW,1996,3,16.2,Y
053018,Moree,NSW,1996,4,40.6,Y
053018,Moree,NSW,1996,5,58.8,Y
053018,Moree,NSW,1996,6,34.2,Y
053018,Moree,NSW,1996,7,58.4,Y
053018,Moree,NSW,1996,8,59.8,Y
053018,Moree,NSW,1996,9,56.8,Y
053018,Moree,NSW,1996,10,50.4,Y
053018,Moree,NSW,1996,11,34.2,Y
053018,Moree,NSW,1996,12,119.2,Y
053018,Moree,NSW,1997,1,122.6,Y
053018,Moree,NSW,1997,2,103.2,Y
053018,Moree,NSW,1997,3,29.2,Y
053018,Moree,NSW,1997,4,0.2,Y
053018,Moree,NSW,1997,5,70.0,Y
053018,Moree,NSW,1997,6,14.8,Y
053018,Moree,NSW,1997,7,6.8,Y
053018,Moree,NSW,1997,8,3.0,N
053018,Moree,NSW,1997,9,19.0,Y
053018,Moree,NSW,1997,10,56.2,Y
053018,Moree,NSW,1997,11,45.4,Y
053018,Moree,NSW,1997,12,121.6,Y
053018,Moree,NSW,1998,1,32.8,Y
053018,Moree,NSW,1998,2,20.2,Y
053018,Moree,NSW,1998,3,30.2,Y
053018,Moree,NSW,1998,4,42.6,Y
053018,Moree,NSW,1998,5,124.8,Y
053018,Moree,NSW,1998,6,66.4,Y
053018,Moree,NSW,1998,7,127.0,Y
053018,Moree,NSW,1998,8,168.4,Y
053018,Moree,NSW,1998,9,91.2,Y
053018,Moree,NSW,1998,10,68.4,Y
053018,Moree,NSW,1998,11,46.6,Y
053018,Moree,NSW,1998,12,62.2,Y
053018,Moree,NSW,1999,1,131.8,Y
053018,Moree,NSW,1999,2,54.4,Y
053018,Moree,NSW,1999,3,113.6,Y
053018,Moree,NSW,1999,4,10.4,Y
053018,Moree,NSW,1999,5,8.4,Y
053018,Moree,NSW,1999,6,50.6,Y
053018,Moree,NSW,1999,7,18.0,N
053018,Moree,NSW,1999,8,35.8,Y
053018,Moree,NSW,1999,9,20.2,Y
053018,Moree,NSW,1999,10,102.0,Y
053018,Moree,NSW,1999,11,112.4,Y
053018,Moree,NSW,1999,12,79.2,Y
053018,Moree,NSW,2000,1,53.8,Y
053018,Moree,NSW,2000,2,52.0,Y
053018,Moree,NSW,2000,3,135.6,Y
053018,Moree,NSW,2000,4,21.4,Y
053018,Moree,NSW,2000,5,39.2,Y
053018,Moree,NSW,2000,6,9.0,Y
053018,Moree,NSW,2000,7,8.2,Y
053018,Moree,NSW,2000,8,18.4,Y
053018,Moree,NSW,2000,9,4.6,Y
053018,Moree,NSW,2000,10,51.4,Y
053018,Moree,NSW,2000,11,197.4,Y
053018,Moree,NSW,2000,12,11.4,Y
053018,Moree,NSW,2001,1,46.0,Y
053018,Moree,NSW,2001,2,121.0,Y
053018,Moree,NSW,2001,3,141.0,Y
053018,Moree,NSW,2001,4,17.4,Y
053018,Moree,NSW,2001,5,24.8,Y
053018,Moree,NSW,2001,6,21.0,Y
053018,Moree,NSW,2001,7,72.6,Y
053018,Moree,NSW,2001,8,10.0,Y
053018,Moree,NSW,2001,9,9.6,Y
053018,Moree,NSW,2001,10,46.0,Y
053018,Moree,NSW,2001,11,61.2,Y
053018,Moree,NSW,2001,12,42.8,Y
053018,Moree,NSW,2002,1,13.8,Y
053018,Moree,NSW,2002,2,45.8,Y
053018,Moree,NSW,2002,3,57.0,Y
053018,Moree,NSW,2002,4,0.4,Y
053018,Moree,NSW,2002,5,6.8,Y
053018,Moree,NSW,2002,6,9.0,Y
053018,Moree,NSW,2002,7,3.4,Y
053018,Moree,NSW,2002,8,44.0,Y
053018,Moree,NSW,2002,9,17.8,Y
053018,Moree,NSW,2002,10,55.0,Y
053018,Moree,NSW,2002,11,18.6,Y
053018,Moree,NSW,2002,12,84.4,Y
053018,Moree,NSW,2003,1,8.4,Y
053018,Moree,NSW,2003,2,56.8,Y
053018,Moree,NSW,2003,3,74.2,Y
053018,Moree,NSW,2003,4,69.2,Y
053018,Moree,NSW,2003,5,0.6,Y
053018,Moree,NSW,2003,6,11.2,Y
053018,Moree,NSW,2003,7,43.4,Y
053018,Moree,NSW,2003,8,26.8,Y
053018,Moree,NSW,2003,9,0.6,Y
053018,Moree,NSW,2003,10,62.0,Y
053018,Moree,NSW,2003,11,41.6,Y
053018,Moree,NSW,2003,12,139.0,Y
053018,Moree,NSW,2004,1,144.8,Y
053018,Moree,NSW,2004,2,44.4,Y
053018,Moree,NSW,2004,3,209.8,Y
053018,Moree,NSW,2004,4,52.6,Y
053018,Moree,NSW,2004,5,24.0,Y
053018,Moree,NSW,2004,6,7.8,Y
053018,Moree,NSW,2004,7,19.4,Y
053018,Moree,NSW,2004,8,25.4,Y
053018,Moree,NSW,2004,9,49.8,Y
053018,Moree,NSW,2004,10,56.2,Y
053018,Moree,NSW,2004,11,145.4,Y
053018,Moree,NSW,2004,12,124.6,Y
053018,Moree,NSW,2005,1,36.0,Y
053018,Moree,NSW,2005,2,18.2,Y
053018,Moree,NSW,2005,3,10.0,Y
053018,Moree,NSW,2005,4,2.4,Y
053018,Moree,NSW,2005,5,21.0,Y
053018,Moree,NSW,2005,6,163.8,Y
053018,Moree,NSW,2005,7,8.4,Y
053018,Moree,NSW,2005,8,9.0,Y
053018,Moree,NSW,2005,9,23.2,Y
053018,Moree,NSW,2005,10,64.4,Y
053018,Moree,NSW,2005,11,112.0,Y
053018,Moree,NSW,2005,12,51.8,Y
053018,Moree,NSW,2006,1,109.4,Y
053018,Moree,NSW,2006,2,105.8,Y
053018,Moree,NSW,2006,3,47.0,Y
053018,Moree,NSW,2006,4,7.2,Y
053018,Moree,NSW,2006,5,1.0,Y
053018,Moree,NSW,2006,6,30.4,Y
053018,Moree,NSW,2006,7,40.0,Y
053018,Moree,NSW,2006,8,0.4,Y
053018,Moree,NSW,2006,9,26.8,Y
053018,Moree,NSW,2006,10,8.2,Y
053018,Moree,NSW,2006,11,51.6,Y
053018,Moree,NSW,2006,12,6.6,Y
053018,Moree,NSW,2007,1,45.8,Y
053018,Moree,NSW,2007,2,42.0,Y
053018,Moree,NSW,2007,3,18.6,Y
053018,Moree,NSW,2007,4,30.4,Y
053018,Moree,NSW,2007,5,27.8,Y
053018,Moree,NSW,2007,6,35.4,Y
053018,Moree,NSW,2007,7,3.2,Y
053018,Moree,NSW,2007,8,43.0,Y
053018,Moree,NSW,2007,9,0.6,Y
053018,Moree,NSW,2007,10,76.0,Y
053018,Moree,NSW,2007,11,88.4,N
053018,Moree,NSW,2007,12,133.2,Y
053018,Moree,NSW,2008,1,93.2,N
053018,Moree,NSW,2008,2,99.2,Y
053018,Moree,NSW,2008,3,0.4,Y
053018,Moree,NSW,2008,4,3.6,Y
053018,Moree,NSW,2008,5,15.8,Y
053018,Moree,NSW,2008,6,36.2,Y
053018,Moree,NSW,2008,7,43.6,Y
053018,Moree,NSW,2008,8,3.0,Y
053018,Moree,NSW,2008,9,60.8,Y
053018,Moree,NSW,2008,10,13.6,Y
053018,Moree,NSW,2008,11,85.8,Y
053018,Moree,NSW,2008,12,81.8,Y
053018,Moree,NSW,2009,1,71.0,N
053018,Moree,NSW,2009,2,200.8,Y
053018,Moree,NSW,2009,3,0.2,Y
053018,Moree,NSW,2009,4,29.4,Y
053018,Moree,NSW,2009,5,69.0,Y
053018,Moree,NSW,2009,6,13.6,Y
053018,Moree,NSW,2009,7,13.2,N
053018,Moree,NSW,2009,8,0.0,Y
053018,Moree,NSW,2009,9,48.2,Y
053018,Moree,NSW,2009,10,11.4,Y
053018,Moree,NSW,2009,11,8.6,Y
053018,Moree,NSW,2009,12,59.0,Y
053018,Moree,NSW,2010,1,37.6,Y
053018,Moree,NSW,2010,2,73.2,Y
053018,Moree,NSW,2010,3,112.2,Y
053018,Moree,NSW,2010,4,3.4,Y
053018,Moree,NSW,2010,5,20.4,Y
053018,Moree,NSW,2010,6,8.2,Y
053018,Moree,NSW,2010,7,86.4,Y
053018,Moree,NSW,2010,8,43.2,Y
053018,Moree,NSW,2010,9,133.0,Y
053018,Moree,NSW,2010,10,68.4,Y
053018,Moree,NSW,2010,11,100.6,Y
053018,Moree,NSW,2010,12,69.4,Y
053018,Moree,NSW,2011,1,69.0,Y
053018,Moree,NSW,2011,2,74.6,Y
053018,Moree,NSW,2011,3,29.0,Y
053018,Moree,NSW,2011,4,76.4,Y
053018,Moree,NSW,2011,5,34.6,Y
053018,Moree,NSW,2011,6,20.4,Y
053018,Moree,NSW,2011,7,14.8,Y
053018,Moree,NSW,2011,8,46.6,Y
053018,Moree,NSW,2011,9,71.4,Y
053018,Moree,NSW,2011,10,37.0,Y
053018,Moree,NSW,2011,11,218.6,Y
053018,Moree,NSW,2011,12,192.0,Y
053018,Moree,NSW,2012,1,120.0,N
053018,Moree,NSW,2012,2,117.0,Y
053018,Moree,NSW,2012,3,35.8,Y
053018,Moree,NSW,2012,4,32.2,Y
053018,Moree,NSW,2012,5,42.6,Y
053018,Moree,NSW,2012,6,22.2,Y
053018,Moree,NSW,2012,7,65.8,Y
053018,Moree,NSW,2012,8,1.6,Y
053018,Moree,NSW,2012,9,13.4,Y
053018,Moree,NSW,2012,10,12.4,Y
053018,Moree,NSW,2012,11,31.4,N
053018,Moree,NSW,2012,12,44.4,Y
053018,Moree,NSW,2013,1,175.2,Y
053018,Moree,NSW,2013,2,42.8,Y
053018,Moree,NSW,2013,3,92.6,Y
053018,Moree,NSW,2013,4,11.0,Y
053018,Moree,NSW,2013,5,23.0,Y
053018,Moree,NSW,2013,6,37.0,Y
053018,Moree,NSW,2013,7,20.0,Y
053018,Moree,NSW,2013,8,10.4,Y
053018,Moree,NSW,2013,9,22.6,Y
053018,Moree,NSW,2013,10,11.0,Y
053018,Moree,NSW,2013,11,60.2,Y
053018,Moree,NSW,2013,12,4.4,Y
053018,Moree,NSW,2014,1,44.4,Y
053018,Moree,NSW,2014,2,24.0,Y
053018,Moree,NSW,2014,3,87.8,Y
053018,Moree,NSW,2014,4,7.6,Y
053018,Moree,NSW,2014,5,22.8,Y
053018,Moree,NSW,2014,6,26.2,Y
053018,Moree,NSW,2014,7,5.2,Y
053018,Moree,NSW,2014,8,55.2,Y
053018,Moree,NSW,2014,9,26.8,Y
053018,Moree,NSW,2014,10,2.8,Y
053018,Moree,NSW,2014,11,9.8,Y
053018,Moree,NSW,2014,12,68.0,Y
053018,Moree,NSW,2015,1,137.6,Y
053018,Moree,NSW,2015,2,11.2,Y
053018,Moree,NSW,2015,3,51.6,Y
053018,Moree,NSW,2015,4,89.6,Y
053018,Moree,NSW,2015,5,37.6,Y
053018,Moree,NSW,2015,6,51.2,Y
053018,Moree,NSW,2015,7,49.0,Y
053018,Moree,NSW,2015,8,14.0,Y
053018,Moree,NSW,2015,9,1.0,Y
053018,Moree,NSW,2015,10,36.2,Y
053018,Moree,NSW,2015,11,13.2,Y
053018,Moree,NSW,2015,12,71.1,Y
053018,Moree,NSW,2016,1,111.8,Y
053018,Moree,NSW,2016,2,31.2,Y
053018,Moree,NSW,2016,3,6.8,Y
053018,Moree,NSW,2016,4,12.0,Y
053018,Moree,NSW,2016,5,27.4,Y
053018,Moree,NSW,2016,6,68.6,Y
053018,Moree,NSW,2016,7,28.0,Y
053018,Moree,NSW,2016,8,50.2,Y
053018,Moree,NSW,2016,9,93.2,Y
053018,Moree,NSW,2016,10,49.6,Y
053018,Moree,NSW,2016,11,17.6,Y
053018,Moree,NSW,2016,12,55.4,Y
053018,Moree,NSW,2017,1,67.2,Y
053018,Moree,NSW,2017,2,39.4,Y
053018,Moree,NSW,2017,3,85.5,Y
053018,Moree,NSW,2017,4,32.2,Y
053018,Moree,NSW,2017,5,32.0,Y
053018,Moree,NSW,2017,6,30.8,Y
053018,Moree,NSW,2017,7,5.4,Y
053018,Moree,NSW,2017,9,0.2,Y
053018,Moree,NSW,2017,10,105.2,Y
053018,Moree,NSW,2017,11,74.4,Y
053018,Moree,NSW,2017,12,40.4,Y
053018,Moree,NSW,2018,1,8.4,Y
053018,Moree,NSW,2018,2,76.6,Y
053018,Moree,NSW,2018,3,47.0,Y
053018,Moree,NSW,2018,4,14.4,Y
053018,Moree,NSW,2018,5,4.0,Y
053018,Moree,NSW,2018,6,5.2,Y
053018,Moree,NSW,2018,7,15.9,Y
053018,Moree,NSW,2018,8,33.2,Y
053018,Moree,NSW,2018,9,10.0,Y
053018,Moree,NSW,2018,10,58.2,Y
053018,Moree,NSW,2018,11,43.0,Y
053018,Moree,NSW,2018,12,23.8,Y
053018,Moree,NSW,2019,1,10.2,Y
053018,Moree,NSW,2019,2,0.0,Y
053018,Moree,NSW,2019,3,69.6,Y
053018,Moree,NSW,2019,4,0.0,Y
053018,Moree,NSW,2019,5,19.8,Y
053018,Moree,NSW,2019,6,14.2,Y
053018,Moree,NSW,2019,7,5.0,Y
053018,Moree,NSW,2019,8,1.8,Y
053018,Moree,NSW,2019,9,0.0,Y
053018,Moree,NSW,2019,10,1.4,Y
053018,Moree,NSW,2019,11,21.4,Y
053018,Moree,NSW,2019,12,4.2,Y
053018,Moree,NSW,2020,1,125.0,N
053018,Moree,NSW,2020,2,186.0,N
053018,Moree,NSW,2020,3,54.2,Y
053018,Moree,NSW,2020,4,26.6,Y
053018,Moree,NSW,2020,5,32.0,Y
053018,Moree,NSW,2020,6,13.8,Y
053018,Moree,NSW,2020,7,11.0,Y
053018,Moree,NSW,2020,8,34.8,Y
053018,Moree,NSW,2020,9,26.8,Y
053018,Moree,NSW,2020,10,76.2,N
053018,Moree,NSW,2020,11,1.4,Y
053018,Moree,NSW,2020,12,150.0,N
053018,Moree,NSW,2021,1,56.8,N
053018,Moree,NSW,2021,2,63.8,N
053018,Moree,NSW,2021,3,256.8,Y
053018,Moree,NSW,2021,4,21.0,Y
053018,Moree,NSW,2021,5,12.4,Y
053018,Moree,NSW,2021,6,73.5,N
053018,Moree,NSW,2021,7,52.8,Y
053018,Moree,NSW,2021,8,23.6,Y
053018,Moree,NSW,2021,9,65.2,N
053018,Moree,NSW,2021,10,37.6,Y
053018,Moree,NSW,2021,11,177.6,N
053018,Moree,NSW,2021,12,88.0,N
053018,Moree,NSW,2022,1,56.6,Y
053018,Moree,NSW,2022,2,109.8,Y
053018,Moree,NSW,2022,3,48.8,Y
053018,Moree,NSW,2022,4,27.0,Y
053018,Moree,NSW,2022,5,74.4,N
053018,Moree,NSW,2022,6,13.6,Y
053018,Moree,NSW,2022,7,23.4,Y
053018,Moree,NSW,2022,8,41.8,Y
053018,Moree,NSW,2022,9,96.8,Y
053018,Moree,NSW,2022,10,198.2,Y
053018,Moree,NSW,2022,11,34.2,Y
053018,Moree,NSW,2022,12,31.2,Y
053018,Moree,NSW,2023,1,14.0,Y
053018,Moree,NSW,2023,2,17.8,Y
053018,Moree,NSW,2023,3,84.9,Y
053018,Moree,NSW,2023,4,20.6,Y
053018,Moree,NSW,2023,5,18.2,Y
053018,Moree,NSW,2023,6,24.8,Y
053018,Moree,NSW,2023,7,13.8,Y
053018,Moree,NSW,2023,8,3.0,Y
053018,Moree,NSW,2023,9,0.0,Y
053018,Moree,NSW,2023,10,26.7,Y
053018,Moree,NSW,2023,11,106.6,Y
053018,Moree,NSW,2023,12,88.4,Y
053018,Moree,NSW,2024,1,127.2,Y
053018,Moree,NSW,2024,2,56.0,Y
053018,Moree,NSW,2024,3,38.2,Y
053018,Moree,NSW,2024,4,178.4,Y
053018,Moree,NSW,2024,5,27.6,Y
053018,Moree,NSW,2024,6,23.0,Y
053018,Moree,NSW,2024,7,49.6,Y
053018,Moree,NSW,2024,8,55.6,Y
053018,Moree,NSW,2024,9,67.2,Y
053018,Moree,NSW,2024,10,43.8,Y
053018,Moree,NSW,2024,11,74.4,Y
053018,Moree,NSW,2024,12,20.6,N
053018,Moree,NSW,2025,1,113.4,N
053018,Moree,NSW,2025,2,16.0,N
053018,Moree,NSW,2025,3,100.0,N
053018,Moree,NSW,2025,4,63.6,N
053018,Moree,NSW,2025,5,27.0,Y
053018,Moree,NSW,2025,6,7.0,Y
053018,Moree,NSW,2025,7,36.6,N
053018,Moree,NSW,2025,8,53.1,N
053018,Moree,NSW,2025,9,27.8,Y
053018,Moree,NSW,2025,10,21.0,N
053018,Moree,NSW,2025,11,84.0,N
053018,Moree,NSW,2025,12,46.2,N
053018,Moree,NSW,2026,1,35.0,Y
053018,Moree,NSW,2026,2,87.0,Y
053018,Moree,NSW,2026,3,26.2,N
053018,Moree,NSW,2026,4,1.4,N
053018,Moree,NSW,2026,5,106.9,N
053018,Moree,NSW,2026,6,13.0,N
053018,Moree,NSW,2026,7,0.0,N
053018,Moree,NSW,2026,8,13.8,N
